Creator name,Creator-attributed GMV,Creator LIVE-attributed GMV,Creator video-attributed GMV,Refunds,Attributed orders,Creator-attributed items sold,Items refunded,AOV,Affiliate product card-attributed GMV,CTOR,LIVE streams,Videos,Total sample content,Samples shipped,Products added to showcase,CTR,Product impressions,Video views,Customers,Products sold,Est. commission,Est. flat fee,week_start,snapshot_date,week_id,sample_cost,creator_key,content_count
jasmina__marie,135.99,0.0,135.99,0.0,1,1,0,135.99,0.0,0.2,0,0,0,0,0,0.0097,518,378,1,1,10.2,0.0,2026-10-05,2026-10-09,2026-W41,0.0,jasmina__marie,0
tabbyandtuxedocat,106.24,0.0,106.24,0.0,2,2,0,53.12,0.0,0.0213,0,0,0,0,0,0.0187,5027,4475,2,1,11.1,0.0,2026-10-05,2026-10-09,2026-W41,0.0,tabbyandtuxedocat,0
littlelifethings_16,49.99,0.0,49.99,0.0,1,1,0,49.99,0.0,0.0060999999999999995,0,1,1,0,1,0.018799999999999997,8758,8352,1,1,3.0,0.0,2026-10-05,2026-10-09,2026-W41,0.0,littlelifethings_16,1
kayewhite02,25.98,0.0,25.98,0.0,2,2,0,12.99,0.0,0.4,0,1,1,1,1,0.0039000000000000003,1268,1199,1,1,1.56,0.0,2026-10-05,2026-10-09,2026-W41,5.0,kayewhite02,1
brucehustles,17.99,0.0,17.99,0.0,1,1,0,17.99,0.0,0.0417,0,7,3,2,3,0.0481,499,398,1,1,2.7,0.0,2026-10-05,2026-10-09,2026-W41,10.0,brucehustles,7
hollyween1973,12.99,0.0,12.99,0.0,1,1,0,12.99,0.0,0.16670000000000001,0,2,2,0,1,0.013500000000000002,444,411,1,1,1.95,0.0,2026-10-05,2026-10-09,2026-W41,0.0,hollyween1973,2
maritza_2478,12.99,0.0,12.99,0.0,1,1,0,12.99,0.0,1.0,0,0,0,0,0,0.05,20,13,1,1,1.66,0.0,2026-10-05,2026-10-09,2026-W41,0.0,maritza_2478,0
kdsartistry.org,12.83,0.0,12.83,0.0,1,1,0,12.83,0.0,0.5,0,1,1,1,1,0.0046,436,374,1,1,1.95,0.0,2026-10-05,2026-10-09,2026-W41,5.0,kdsartistry.org,1
imkarachanel,0.0,0.0,0.0,0.0,0,0,0,0.0,0.0,0.0,0,0,0,0,0,0.0,1,0,0,0,0.0,0.0,2026-10-05,2026-10-09,2026-W41,0.0,imkarachanel,0
sand.money,0.0,0.0,0.0,0.0,0,0,0,0.0,0.0,0.0,0,0,0,0,0,0.0,7,3,0,0,0.0,0.0,2026-10-05,2026-10-09,2026-W41,0.0,sand.money,0
marikowest,0.0,0.0,0.0,0.0,0,0,0,0.0,0.0,0.0,0,0,0,1,0,0.0,0,0,0,0,0.0,0.0,2026-10-05,2026-10-09,2026-W41,5.0,marikowest,0
lifeofjuliaa,0.0,0.0,0.0,0.0,0,0,0,0.0,0.0,0.0,0,0,0,1,0,0.0,0,0,0,0,0.0,0.0,2026-10-05,2026-10-09,2026-W41,5.0,lifeofjuliaa,0
destinyslattery,0.0,0.0,0.0,0.0,0,0,0,0.0,0.0,0.0,0,2,1,1,1,0.0084,2151,2023,0,0,0.0,0.0,2026-10-05,2026-10-09,2026-W41,5.0,destinyslattery,2
paulinhaacury,0.0,0.0,0.0,0.0,0,0,0,0.0,0.0,0.0,0,0,0,0,0,0.0,1,13,0,0,0.0,0.0,2026-10-05,2026-10-09,2026-W41,0.0,paulinhaacury,0
hant2016,0.0,0.0,0.0,0.0,0,0,0,0.0,0.0,0.0,0,0,0,0,0,0.0,1,0,0,0,0.0,0.0,2026-10-05,2026-10-09,2026-W41,0.0,hant2016,0
mikaax,0.0,0.0,0.0,0.0,0,0,0,0.0,0.0,0.0,0,1,1,0,1,0.0169,354,339,0,0,0.0,0.0,2026-10-05,2026-10-09,2026-W41,0.0,mikaax,1
jennramos,0.0,0.0,0.0,0.0,0,0,0,0.0,0.0,0.0,0,0,0,0,0,0.0,1,0,0,0,0.0,0.0,2026-10-05,2026-10-09,2026-W41,0.0,jennramos,0
miss_sagittarius88,0.0,0.0,0.0,0.0,0,0,0,0.0,0.0,0.0,0,0,0,0,0,0.0,1,0,0,0,0.0,0.0,2026-10-05,2026-10-09,2026-W41,0.0,miss_sagittarius88,0
allthingswithbecca,0.0,0.0,0.0,0.0,0,0,0,0.0,0.0,0.0,0,1,1,1,1,0.0029,345,313,0,0,0.0,0.0,2026-10-05,2026-10-09,2026-W41,5.0,allthingswithbecca,1
itsterriiii,0.0,0.0,0.0,0.0,0,0,0,0.0,0.0,0.0,0,0,0,1,0,0.0,0,0,0,0,0.0,0.0,2026-10-05,2026-10-09,2026-W41,5.0,itsterriiii,0
bbeautiful1111,0.0,0.0,0.0,0.0,0,0,0,0.0,0.0,0.0,0,0,0,0,0,0.0455,22,18,0,0,0.0,0.0,2026-10-05,2026-10-09,2026-W41,0.0,bbeautiful1111,0
laurennfindsit,0.0,0.0,0.0,0.0,0,0,0,0.0,0.0,0.0,0,0,0,0,0,0.0,2,0,0,0,0.0,0.0,2026-10-05,2026-10-09,2026-W41,0.0,laurennfindsit,0
nannalo5,0.0,0.0,0.0,0.0,0,0,0,0.0,0.0,0.0,0,0,0,1,0,0.0,2,0,0,0,0.0,0.0,2026-10-05,2026-10-09,2026-W41,5.0,nannalo5,0
undercoverjazz,0.0,0.0,0.0,0.0,0,0,0,0.0,0.0,0.0,0,0,0,0,0,0.0,4,530,0,0,0.0,0.0,2026-10-05,2026-10-09,2026-W41,0.0,undercoverjazz,0
veronicarose81,0.0,0.0,0.0,0.0,0,0,0,0.0,0.0,0.0,0,0,0,1,0,0.0,1,0,0,0,0.0,0.0,2026-10-05,2026-10-09,2026-W41,5.0,veronicarose81,0
itstiffslife,0.0,0.0,0.0,0.0,0,0,0,0.0,0.0,0.0,0,0,0,0,0,0.0,10,6,0,0,0.0,0.0,2026-10-05,2026-10-09,2026-W41,0.0,itstiffslife,0
lisajoyled1414,0.0,0.0,0.0,0.0,0,0,0,0.0,0.0,0.0,0,0,0,0,0,0.0039000000000000003,254,231,0,0,0.0,0.0,2026-10-05,2026-10-09,2026-W41,0.0,lisajoyled1414,0
tubratzfavorita08,0.0,0.0,0.0,0.0,0,0,0,0.0,0.0,0.0,0,0,0,0,0,0.0,0,0,0,0,0.0,0.0,2026-10-05,2026-10-09,2026-W41,0.0,tubratzfavorita08,0
whit.the.crazy,0.0,0.0,0.0,0.0,0,0,0,0.0,0.0,0.0,0,0,0,0,0,0.0,1,0,0,0,0.0,0.0,2026-10-05,2026-10-09,2026-W41,0.0,whit.the.crazy,0
laylaanicole7,0.0,0.0,0.0,0.0,0,0,0,0.0,0.0,0.0,0,0,0,1,0,0.0,0,0,0,0,0.0,0.0,2026-10-05,2026-10-09,2026-W41,5.0,laylaanicole7,0
hailee.country,0.0,0.0,0.0,0.0,0,0,0,0.0,0.0,0.0,0,0,0,0,0,0.0,18,19,0,0,0.0,0.0,2026-10-05,2026-10-09,2026-W41,0.0,hailee.country,0
allthingssunshiney,0.0,0.0,0.0,0.0,0,0,0,0.0,0.0,0.0,0,1,0,0,1,0.0154,325,325,0,0,0.0,0.0,2026-10-05,2026-10-09,2026-W41,0.0,allthingssunshiney,1
sissypooh_03,0.0,0.0,0.0,0.0,0,0,0,0.0,0.0,0.0,0,0,0,1,0,0.0,0,0,0,0,0.0,0.0,2026-10-05,2026-10-09,2026-W41,5.0,sissypooh_03,0
judyk125,0.0,0.0,0.0,0.0,0,0,0,0.0,0.0,0.0,0,0,0,0,0,0.0,1,2,0,0,0.0,0.0,2026-10-05,2026-10-09,2026-W41,0.0,judyk125,0
baaego,0.0,0.0,0.0,0.0,0,0,0,0.0,0.0,0.0,0,0,0,0,0,0.0,6,6,0,0,0.0,0.0,2026-10-05,2026-10-09,2026-W41,0.0,baaego,0
danny.vazquez_,0.0,0.0,0.0,0.0,0,0,0,0.0,0.0,0.0,0,1,1,1,1,0.0,26,25,0,0,0.0,0.0,2026-10-05,2026-10-09,2026-W41,5.0,danny.vazquez_,1
melherron,0.0,0.0,0.0,0.0,0,0,0,0.0,0.0,0.0,0,0,0,0,0,0.0,0,0,0,0,0.0,0.0,2026-10-05,2026-10-09,2026-W41,0.0,melherron,0
corinaellison1,0.0,0.0,0.0,0.0,0,0,0,0.0,0.0,0.0,0,1,1,1,1,0.0074,270,252,0,0,0.0,0.0,2026-10-05,2026-10-09,2026-W41,5.0,corinaellison1,1
kaitlynb.tts,0.0,0.0,0.0,0.0,0,0,0,0.0,0.0,0.0,0,0,0,0,0,0.0,6,1,0,0,0.0,0.0,2026-10-05,2026-10-09,2026-W41,0.0,kaitlynb.tts,0
sebalbeauty29,0.0,0.0,0.0,0.0,0,0,0,0.0,0.0,0.0,0,0,0,1,0,0.0,0,0,0,0,0.0,0.0,2026-10-05,2026-10-09,2026-W41,5.0,sebalbeauty29,0
1.silly.girl,0.0,0.0,0.0,0.0,0,0,0,0.0,0.0,0.0,0,0,0,0,0,0.0,5,7,0,0,0.0,0.0,2026-10-05,2026-10-09,2026-W41,0.0,1.silly.girl,0
heheautumn,0.0,0.0,0.0,0.0,0,0,0,0.0,0.0,0.0,0,0,0,0,0,0.0,2,0,0,0,0.0,0.0,2026-10-05,2026-10-09,2026-W41,0.0,heheautumn,0
yo.soymichell,0.0,0.0,0.0,0.0,0,0,0,0.0,0.0,0.0,0,2,1,2,2,0.1789,123,111,0,0,0.0,0.0,2026-10-05,2026-10-09,2026-W41,10.0,yo.soymichell,2
aestheticallyrn,0.0,0.0,0.0,0.0,0,0,0,0.0,0.0,0.0,0,0,0,0,0,0.0,2,0,0,0,0.0,0.0,2026-10-05,2026-10-09,2026-W41,0.0,aestheticallyrn,0
jeepgirlbeth,0.0,0.0,0.0,0.0,0,0,0,0.0,0.0,0.0,0,0,0,0,0,0.16670000000000001,6,4,0,0,0.0,0.0,2026-10-05,2026-10-09,2026-W41,0.0,jeepgirlbeth,0
darciky5,0.0,0.0,0.0,0.0,0,0,0,0.0,0.0,0.0,1,0,0,0,1,0.0,20,0,0,0,0.0,0.0,2026-10-05,2026-10-09,2026-W41,0.0,darciky5,1
coltomn,0.0,0.0,0.0,0.0,0,0,0,0.0,0.0,0.0,0,0,0,0,0,0.0,2,0,0,0,0.0,0.0,2026-10-05,2026-10-09,2026-W41,0.0,coltomn,0
dekyp,0.0,0.0,0.0,0.0,0,0,0,0.0,0.0,0.0,1,1,2,1,1,0.0141,142,60,0,0,0.0,0.0,2026-10-05,2026-10-09,2026-W41,5.0,dekyp,2
loraspets,0.0,0.0,0.0,0.0,0,0,0,0.0,0.0,0.0,0,0,0,0,0,0.0,13,12,0,0,0.0,0.0,2026-10-05,2026-10-09,2026-W41,0.0,loraspets,0
air_bear2503,0.0,0.0,0.0,0.0,0,0,0,0.0,0.0,0.0,0,0,0,0,0,0.0,0,0,0,0,0.0,0.0,2026-10-05,2026-10-09,2026-W41,0.0,air_bear2503,0
momfindswithtay,0.0,0.0,0.0,0.0,0,0,0,0.0,0.0,0.0,0,0,0,0,0,0.0,1,0,0,0,0.0,0.0,2026-10-05,2026-10-09,2026-W41,0.0,momfindswithtay,0
adultinglady,0.0,0.0,0.0,0.0,0,0,0,0.0,0.0,0.0,0,1,0,0,1,0.0,109,112,0,0,0.0,0.0,2026-10-05,2026-10-09,2026-W41,0.0,adultinglady,1
erikale075,0.0,0.0,0.0,0.0,0,0,0,0.0,0.0,0.0,0,0,0,0,0,0.0,0,0,0,0,0.0,0.0,2026-10-05,2026-10-09,2026-W41,0.0,erikale075,0
nettelilly,0.0,0.0,0.0,0.0,0,0,0,0.0,0.0,0.0,0,0,0,0,0,0.0,18,10,0,0,0.0,0.0,2026-10-05,2026-10-09,2026-W41,0.0,nettelilly,0
karunaupreti,0.0,0.0,0.0,0.0,0,0,0,0.0,0.0,0.0,0,0,0,1,0,0.0,0,0,0,0,0.0,0.0,2026-10-05,2026-10-09,2026-W41,5.0,karunaupreti,0
xravenskyex,0.0,0.0,0.0,0.0,0,0,0,0.0,0.0,0.0,0,0,0,0,0,0.0,19,23,0,0,0.0,0.0,2026-10-05,2026-10-09,2026-W41,0.0,xravenskyex,0
itriedit4_you,0.0,0.0,0.0,0.0,0,0,0,0.0,0.0,0.0,0,1,1,1,1,0.0,167,156,0,0,0.0,0.0,2026-10-05,2026-10-09,2026-W41,5.0,itriedit4_you,1
lgg3172,0.0,0.0,0.0,0.0,0,0,0,0.0,0.0,0.0,0,0,0,0,0,0.0,3,1,0,0,0.0,0.0,2026-10-05,2026-10-09,2026-W41,0.0,lgg3172,0
mellylissagirl,0.0,0.0,0.0,0.0,0,0,0,0.0,0.0,0.0,0,1,0,1,1,0.0,9,11,0,0,0.0,0.0,2026-10-05,2026-10-09,2026-W41,5.0,mellylissagirl,1
marilubarrientos28,0.0,0.0,0.0,0.0,0,0,0,0.0,0.0,0.0,0,0,0,0,0,0.0909,11,10,0,0,0.0,0.0,2026-10-05,2026-10-09,2026-W41,0.0,marilubarrientos28,0
grandlifeofkashandfinn,0.0,0.0,0.0,0.0,0,0,0,0.0,0.0,0.0,0,0,0,1,0,0.026000000000000002,77,102,0,0,0.0,0.0,2026-10-05,2026-10-09,2026-W41,5.0,grandlifeofkashandfinn,0
marysun._,0.0,0.0,0.0,0.0,0,0,0,0.0,0.0,0.0,0,1,0,1,1,0.0466,343,305,0,0,0.0,0.0,2026-10-05,2026-10-09,2026-W41,5.0,marysun._,1
nursesylvia77,0.0,0.0,0.0,0.0,0,0,0,0.0,0.0,0.0,0,0,0,0,0,0.0,5,0,0,0,0.0,0.0,2026-10-05,2026-10-09,2026-W41,0.0,nursesylvia77,0
j_ramos2007,0.0,0.0,0.0,0.0,0,0,0,0.0,0.0,0.0,0,0,0,0,0,0.0,0,0,0,0,0.0,0.0,2026-10-05,2026-10-09,2026-W41,0.0,j_ramos2007,0
murielcrisyoungblood,0.0,0.0,0.0,0.0,0,0,0,0.0,0.0,0.0,0,1,1,1,1,0.0062,484,472,0,0,0.0,0.0,2026-10-05,2026-10-09,2026-W41,5.0,murielcrisyoungblood,1
paulalorraine91,0.0,0.0,0.0,0.0,0,0,0,0.0,0.0,0.0,0,0,0,1,0,0.0,0,0,0,0,0.0,0.0,2026-10-05,2026-10-09,2026-W41,5.0,paulalorraine91,0
____lizzzz____,0.0,0.0,0.0,0.0,0,0,0,0.0,0.0,0.0,0,0,0,0,0,0.0,3,2,0,0,0.0,0.0,2026-10-05,2026-10-09,2026-W41,0.0,____lizzzz____,0
issalittlechaos,0.0,0.0,0.0,0.0,0,0,0,0.0,0.0,0.0,0,0,0,0,0,0.0,7,6,0,0,0.0,0.0,2026-10-05,2026-10-09,2026-W41,0.0,issalittlechaos,0
tarynoberle,0.0,0.0,0.0,0.0,0,0,0,0.0,0.0,0.0,0,0,0,1,0,0.0,2,0,0,0,0.0,0.0,2026-10-05,2026-10-09,2026-W41,5.0,tarynoberle,0
massiel_leyva,0.0,0.0,0.0,0.0,0,0,0,0.0,0.0,0.0,0,2,2,1,1,0.0431,836,805,0,0,0.0,0.0,2026-10-05,2026-10-09,2026-W41,5.0,massiel_leyva,2
amocatbullies,0.0,0.0,0.0,0.0,0,0,0,0.0,0.0,0.0,0,1,1,1,1,0.0,46,45,0,0,0.0,0.0,2026-10-05,2026-10-09,2026-W41,5.0,amocatbullies,1
lifted_6.7,0.0,0.0,0.0,0.0,0,0,0,0.0,0.0,0.0,0,1,1,1,1,0.0039000000000000003,508,469,0,0,0.0,0.0,2026-10-05,2026-10-09,2026-W41,5.0,lifted_6.7,1
probs.ash,0.0,0.0,0.0,0.0,0,0,0,0.0,0.0,0.0,4,0,1,0,1,0.0,115,0,0,0,0.0,0.0,2026-10-05,2026-10-09,2026-W41,0.0,probs.ash,4
mama_margaret2011,0.0,0.0,0.0,0.0,0,0,0,0.0,0.0,0.0,0,1,1,0,1,0.003,331,300,0,0,0.0,0.0,2026-10-05,2026-10-09,2026-W41,0.0,mama_margaret2011,1
seraphinabeautyandhome,0.0,0.0,0.0,0.0,0,0,0,0.0,0.0,0.0,0,0,0,0,0,0.0,2,2,0,0,0.0,0.0,2026-10-05,2026-10-09,2026-W41,0.0,seraphinabeautyandhome,0
magk22,0.0,0.0,0.0,0.0,0,0,0,0.0,0.0,0.0,0,0,0,0,0,0.0,4,4,0,0,0.0,0.0,2026-10-05,2026-10-09,2026-W41,0.0,magk22,0
yorgirldianaa,0.0,0.0,0.0,0.0,0,0,0,0.0,0.0,0.0,0,0,0,1,0,0.0,0,0,0,0,0.0,0.0,2026-10-05,2026-10-09,2026-W41,5.0,yorgirldianaa,0
methodstothemadness,0.0,0.0,0.0,0.0,0,0,0,0.0,0.0,0.0,0,0,0,0,0,0.0,3,6,0,0,0.0,0.0,2026-10-05,2026-10-09,2026-W41,0.0,methodstothemadness,0
mallorycoleman8,0.0,0.0,0.0,0.0,0,0,0,0.0,0.0,0.0,0,1,0,0,1,0.0129,773,746,0,0,0.0,0.0,2026-10-05,2026-10-09,2026-W41,0.0,mallorycoleman8,1
adrirachelle,0.0,0.0,0.0,0.0,0,0,0,0.0,0.0,0.0,0,0,0,0,0,0.0,2,0,0,0,0.0,0.0,2026-10-05,2026-10-09,2026-W41,0.0,adrirachelle,0
laur.n.dobiebros,0.0,0.0,0.0,0.0,0,0,0,0.0,0.0,0.0,0,0,0,0,0,0.0,7,5,0,0,0.0,0.0,2026-10-05,2026-10-09,2026-W41,0.0,laur.n.dobiebros,0
chelseagilman5,0.0,0.0,0.0,0.0,0,0,0,0.0,0.0,0.0,0,1,0,0,1,0.0034999999999999996,287,3623,0,0,0.0,0.0,2026-10-05,2026-10-09,2026-W41,0.0,chelseagilman5,1
bridget_529,0.0,0.0,0.0,0.0,0,0,0,0.0,0.0,0.0,0,0,0,0,0,0.0,7,5,0,0,0.0,0.0,2026-10-05,2026-10-09,2026-W41,0.0,bridget_529,0
mnkimberly,0.0,0.0,0.0,0.0,0,0,0,0.0,0.0,0.0,0,0,0,1,0,0.0,0,0,0,0,0.0,0.0,2026-10-05,2026-10-09,2026-W41,5.0,mnkimberly,0
mojustine610,0.0,0.0,0.0,0.0,0,0,0,0.0,0.0,0.0,0,0,0,0,0,0.125,8,7,0,0,0.0,0.0,2026-10-05,2026-10-09,2026-W41,0.0,mojustine610,0
karrahb_0904,0.0,0.0,0.0,0.0,0,0,0,0.0,0.0,0.0,0,0,0,1,0,0.0,0,0,0,0,0.0,0.0,2026-10-05,2026-10-09,2026-W41,5.0,karrahb_0904,0
barbybee15,0.0,0.0,0.0,0.0,0,0,0,0.0,0.0,0.0,0,0,0,1,0,0.0,0,0,0,0,0.0,0.0,2026-10-05,2026-10-09,2026-W41,5.0,barbybee15,0
mistiscozycatroom,0.0,0.0,0.0,0.0,0,0,0,0.0,0.0,0.0,0,0,0,1,0,0.0,0,0,0,0,0.0,0.0,2026-10-05,2026-10-09,2026-W41,5.0,mistiscozycatroom,0
jake_theviking,0.0,0.0,0.0,0.0,0,0,0,0.0,0.0,0.0,0,0,0,0,0,0.0,1,0,0,0,0.0,0.0,2026-10-05,2026-10-09,2026-W41,0.0,jake_theviking,0
danacorrine17,0.0,0.0,0.0,0.0,0,0,0,0.0,0.0,0.0,0,0,0,1,0,0.0,0,0,0,0,0.0,0.0,2026-10-05,2026-10-09,2026-W41,5.0,danacorrine17,0
estrenn17,0.0,0.0,0.0,0.0,0,0,0,0.0,0.0,0.0,0,0,0,0,0,0.0,4,0,0,0,0.0,0.0,2026-10-05,2026-10-09,2026-W41,0.0,estrenn17,0
dogmomchronicles76,0.0,0.0,0.0,0.0,0,0,0,0.0,0.0,0.0,0,1,0,0,1,0.0,8,67,0,0,0.0,0.0,2026-10-05,2026-10-09,2026-W41,0.0,dogmomchronicles76,1
arkansas_miniblue,0.0,0.0,0.0,0.0,0,0,0,0.0,0.0,0.0,0,0,0,1,0,0.0,0,0,0,0,0.0,0.0,2026-10-05,2026-10-09,2026-W41,5.0,arkansas_miniblue,0
sirnickscats,0.0,0.0,0.0,0.0,0,0,0,0.0,0.0,0.0,1,0,0,0,1,0.0,0,0,0,0,0.0,0.0,2026-10-05,2026-10-09,2026-W41,0.0,sirnickscats,1
brandonnfinds,0.0,0.0,0.0,0.0,0,0,0,0.0,0.0,0.0,0,0,0,0,0,0.02,50,24,0,0,0.0,0.0,2026-10-05,2026-10-09,2026-W41,0.0,brandonnfinds,0
thevolleylifes,0.0,0.0,0.0,0.0,0,0,0,0.0,0.0,0.0,0,0,0,1,0,0.0,2,0,0,0,0.0,0.0,2026-10-05,2026-10-09,2026-W41,5.0,thevolleylifes,0
subparprofessional,0.0,0.0,0.0,0.0,0,0,0,0.0,0.0,0.0,0,0,0,0,0,0.0833,12,7,0,0,0.0,0.0,2026-10-05,2026-10-09,2026-W41,0.0,subparprofessional,0
ninjaskulle,0.0,0.0,0.0,0.0,0,0,0,0.0,0.0,0.0,0,0,0,0,0,0.0,9,0,0,0,0.0,0.0,2026-10-05,2026-10-09,2026-W41,0.0,ninjaskulle,0
rochellesavoie,0.0,0.0,0.0,0.0,0,0,0,0.0,0.0,0.0,0,0,0,0,0,0.0,7,0,0,0,0.0,0.0,2026-10-05,2026-10-09,2026-W41,0.0,rochellesavoie,0
yo_soy_leysita,0.0,0.0,0.0,0.0,0,0,0,0.0,0.0,0.0,0,1,2,1,1,0.0,14,23,0,0,0.0,0.0,2026-10-05,2026-10-09,2026-W41,5.0,yo_soy_leysita,1
jrichbk,0.0,0.0,0.0,0.0,0,0,0,0.0,0.0,0.0,0,0,0,0,0,0.0,2,2,0,0,0.0,0.0,2026-10-05,2026-10-09,2026-W41,0.0,jrichbk,0
missylynn609,0.0,0.0,0.0,0.0,0,0,0,0.0,0.0,0.0,0,0,0,0,0,0.0,1,0,0,0,0.0,0.0,2026-10-05,2026-10-09,2026-W41,0.0,missylynn609,0
travisc74,0.0,0.0,0.0,0.0,0,0,0,0.0,0.0,0.0,0,0,0,0,0,0.0,1,0,0,0,0.0,0.0,2026-10-05,2026-10-09,2026-W41,0.0,travisc74,0
trissiebaby,0.0,0.0,0.0,0.0,0,0,0,0.0,0.0,0.0,2,1,0,0,1,0.0143,140,114,0,0,0.0,0.0,2026-10-05,2026-10-09,2026-W41,0.0,trissiebaby,3
shopwithchrissyy,0.0,0.0,0.0,0.0,0,0,0,0.0,0.0,0.0,0,0,0,0,0,0.0,2,0,0,0,0.0,0.0,2026-10-05,2026-10-09,2026-W41,0.0,shopwithchrissyy,0
trizsal3,0.0,0.0,0.0,0.0,0,0,0,0.0,0.0,0.0,0,0,0,0,0,0.0,2,0,0,0,0.0,0.0,2026-10-05,2026-10-09,2026-W41,0.0,trizsal3,0
jessleegardner,0.0,0.0,0.0,0.0,0,0,0,0.0,0.0,0.0,0,1,1,0,1,0.0473,148,120,0,0,0.0,0.0,2026-10-05,2026-10-09,2026-W41,0.0,jessleegardner,1
esimp17,0.0,0.0,0.0,0.0,0,0,0,0.0,0.0,0.0,0,0,0,0,0,0.0,22,21,0,0,0.0,0.0,2026-10-05,2026-10-09,2026-W41,0.0,esimp17,0
jarfullofpickles,0.0,0.0,0.0,0.0,0,0,0,0.0,0.0,0.0,0,1,1,1,1,0.030899999999999997,324,297,0,0,0.0,0.0,2026-10-05,2026-10-09,2026-W41,5.0,jarfullofpickles,1
just_mendy_,0.0,0.0,0.0,0.0,0,0,0,0.0,0.0,0.0,0,1,0,1,1,0.0833,12,10,0,0,0.0,0.0,2026-10-05,2026-10-09,2026-W41,5.0,just_mendy_,1
katejshop,0.0,0.0,0.0,0.0,0,0,0,0.0,0.0,0.0,0,0,0,0,0,0.0,8,0,0,0,0.0,0.0,2026-10-05,2026-10-09,2026-W41,0.0,katejshop,0
tbvywegtw,0.0,0.0,0.0,0.0,0,0,0,0.0,0.0,0.0,0,0,0,0,0,0.0,1,1,0,0,0.0,0.0,2026-10-05,2026-10-09,2026-W41,0.0,tbvywegtw,0
sweetpeaz86,0.0,0.0,0.0,0.0,0,0,0,0.0,0.0,0.0,0,2,0,2,1,0.1923,26,23,0,0,0.0,0.0,2026-10-05,2026-10-09,2026-W41,10.0,sweetpeaz86,2
lexireviewsit,0.0,0.0,0.0,0.0,0,0,0,0.0,0.0,0.0,0,1,1,1,1,0.004699999999999999,425,392,0,0,0.0,0.0,2026-10-05,2026-10-09,2026-W41,5.0,lexireviewsit,1
benjidavis222222,0.0,0.0,0.0,0.0,0,0,0,0.0,0.0,0.0,0,2,2,1,1,0.028999999999999998,138,121,0,0,0.0,0.0,2026-10-05,2026-10-09,2026-W41,5.0,benjidavis222222,2
crazymummum2nd,0.0,0.0,0.0,0.0,0,0,0,0.0,0.0,0.0,0,0,0,0,0,0.0,0,0,0,0,0.0,0.0,2026-10-05,2026-10-09,2026-W41,0.0,crazymummum2nd,0
jacquelinefarris,0.0,0.0,0.0,0.0,0,0,0,0.0,0.0,0.0,0,0,0,0,0,0.0,26,27,0,0,0.0,0.0,2026-10-05,2026-10-09,2026-W41,0.0,jacquelinefarris,0
deni.zoff,0.0,0.0,0.0,0.0,0,0,0,0.0,0.0,0.0,0,0,0,1,0,0.0,0,0,0,0,0.0,0.0,2026-10-05,2026-10-09,2026-W41,5.0,deni.zoff,0
_jenniferdunn_,0.0,0.0,0.0,0.0,0,0,0,0.0,0.0,0.0,0,0,0,0,0,0.0,5,5,0,0,0.0,0.0,2026-10-05,2026-10-09,2026-W41,0.0,_jenniferdunn_,0
bec4u2nv,0.0,0.0,0.0,0.0,0,0,0,0.0,0.0,0.0,0,0,0,0,0,0.0,59,62,0,0,0.0,0.0,2026-10-05,2026-10-09,2026-W41,0.0,bec4u2nv,0
hopee1281,0.0,0.0,0.0,0.0,0,0,0,0.0,0.0,0.0,0,2,2,2,2,0.0040999999999999995,492,472,0,0,0.0,0.0,2026-10-05,2026-10-09,2026-W41,10.0,hopee1281,2
brittanycorbin5,0.0,0.0,0.0,0.0,0,0,0,0.0,0.0,0.0,0,0,0,0,0,0.0,6,5,0,0,0.0,0.0,2026-10-05,2026-10-09,2026-W41,0.0,brittanycorbin5,0
molly.olive,0.0,0.0,0.0,0.0,0,0,0,0.0,0.0,0.0,0,0,0,0,0,0.0,1,0,0,0,0.0,0.0,2026-10-05,2026-10-09,2026-W41,0.0,molly.olive,0
walterthegsd77,0.0,0.0,0.0,0.0,0,0,0,0.0,0.0,0.0,0,0,0,0,0,0.0,2,1,0,0,0.0,0.0,2026-10-05,2026-10-09,2026-W41,0.0,walterthegsd77,0
mariela96solorio,0.0,0.0,0.0,0.0,0,0,0,0.0,0.0,0.0,0,0,1,0,0,0.011000000000000001,453,430,0,0,0.0,0.0,2026-10-05,2026-10-09,2026-W41,0.0,mariela96solorio,0
rockorob,0.0,0.0,0.0,0.0,0,0,0,0.0,0.0,0.0,0,0,0,1,0,0.0,8,10,0,0,0.0,0.0,2026-10-05,2026-10-09,2026-W41,5.0,rockorob,0
monamansurr,0.0,0.0,0.0,0.0,0,0,0,0.0,0.0,0.0,0,0,0,0,0,0.0,0,0,0,0,0.0,0.0,2026-10-05,2026-10-09,2026-W41,0.0,monamansurr,0
gracehuff2,0.0,0.0,0.0,0.0,0,0,0,0.0,0.0,0.0,0,0,0,0,0,0.0,1,0,0,0,0.0,0.0,2026-10-05,2026-10-09,2026-W41,0.0,gracehuff2,0
__andieeeee__,0.0,0.0,0.0,0.0,0,0,0,0.0,0.0,0.0,0,0,0,1,0,0.0,0,0,0,0,0.0,0.0,2026-10-05,2026-10-09,2026-W41,5.0,__andieeeee__,0
stephaniekelleyxo,0.0,0.0,0.0,0.0,0,0,0,0.0,0.0,0.0,0,0,0,0,0,0.0,1,0,0,0,0.0,0.0,2026-10-05,2026-10-09,2026-W41,0.0,stephaniekelleyxo,0
auntbetty.finds,0.0,0.0,0.0,0.0,0,0,0,0.0,0.0,0.0,0,0,0,0,0,0.0,2,2,0,0,0.0,0.0,2026-10-05,2026-10-09,2026-W41,0.0,auntbetty.finds,0
yeseniav60,0.0,0.0,0.0,0.0,0,0,0,0.0,0.0,0.0,0,0,0,0,0,0.0,2,1,0,0,0.0,0.0,2026-10-05,2026-10-09,2026-W41,0.0,yeseniav60,0
yvonnemarie87,0.0,0.0,0.0,0.0,0,0,0,0.0,0.0,0.0,0,0,0,0,0,0.0,0,0,0,0,0.0,0.0,2026-10-05,2026-10-09,2026-W41,0.0,yvonnemarie87,0
laura_quinteroq,0.0,0.0,0.0,0.0,0,0,0,0.0,0.0,0.0,0,2,2,0,2,0.0208,4192,4199,0,0,0.0,0.0,2026-10-05,2026-10-09,2026-W41,0.0,laura_quinteroq,2
micaylamalchiodii,0.0,0.0,0.0,0.0,0,0,0,0.0,0.0,0.0,0,0,0,0,0,0.0,4,4,0,0,0.0,0.0,2026-10-05,2026-10-09,2026-W41,0.0,micaylamalchiodii,0
9videomarketing,0.0,0.0,0.0,0.0,0,0,0,0.0,0.0,0.0,0,0,0,0,0,0.0556,18,15,0,0,0.0,0.0,2026-10-05,2026-10-09,2026-W41,0.0,9videomarketing,0
moneeperry,0.0,0.0,0.0,0.0,0,0,0,0.0,0.0,0.0,1,0,0,1,1,0.0,1,0,0,0,0.0,0.0,2026-10-05,2026-10-09,2026-W41,5.0,moneeperry,1
krist_._._,0.0,0.0,0.0,0.0,0,0,0,0.0,0.0,0.0,0,0,0,0,0,0.0,8,0,0,0,0.0,0.0,2026-10-05,2026-10-09,2026-W41,0.0,krist_._._,0
higgybear20,0.0,0.0,0.0,0.0,0,0,0,0.0,0.0,0.0,0,0,0,0,0,0.0,0,0,0,0,0.0,0.0,2026-10-05,2026-10-09,2026-W41,0.0,higgybear20,0
frankie_the_chihuahua,0.0,0.0,0.0,0.0,0,0,0,0.0,0.0,0.0,0,0,0,1,0,0.0,0,0,0,0,0.0,0.0,2026-10-05,2026-10-09,2026-W41,5.0,frankie_the_chihuahua,0
laughlizzylabotomy,0.0,0.0,0.0,0.0,0,0,0,0.0,0.0,0.0,0,1,1,1,1,0.0154,65,61,0,0,0.0,0.0,2026-10-05,2026-10-09,2026-W41,5.0,laughlizzylabotomy,1
bandannaatl,0.0,0.0,0.0,0.0,0,0,0,0.0,0.0,0.0,0,0,0,0,0,0.0,1,2,0,0,0.0,0.0,2026-10-05,2026-10-09,2026-W41,0.0,bandannaatl,0
journeywithjohnson,0.0,0.0,0.0,0.0,0,0,0,0.0,0.0,0.0,0,0,0,0,0,0.0,8,8,0,0,0.0,0.0,2026-10-05,2026-10-09,2026-W41,0.0,journeywithjohnson,0
wowitsbobby,0.0,0.0,0.0,0.0,0,0,0,0.0,0.0,0.0,0,0,0,0,0,0.0,39,35,0,0,0.0,0.0,2026-10-05,2026-10-09,2026-W41,0.0,wowitsbobby,0
thechelseapenner,0.0,0.0,0.0,0.0,0,0,0,0.0,0.0,0.0,0,0,0,1,0,0.0,17,16,0,0,0.0,0.0,2026-10-05,2026-10-09,2026-W41,5.0,thechelseapenner,0
stephaniereyex,0.0,0.0,0.0,0.0,0,0,0,0.0,0.0,0.0,0,0,0,0,0,0.0,10,0,0,0,0.0,0.0,2026-10-05,2026-10-09,2026-W41,0.0,stephaniereyex,0
corries.collection,0.0,0.0,0.0,0.0,0,0,0,0.0,0.0,0.0,0,0,0,0,0,0.0063,160,128,0,0,0.0,0.0,2026-10-05,2026-10-09,2026-W41,0.0,corries.collection,0
cherylesmith88,0.0,0.0,0.0,0.0,0,0,0,0.0,0.0,0.0,0,0,0,1,0,0.0,2,0,0,0,0.0,0.0,2026-10-05,2026-10-09,2026-W41,5.0,cherylesmith88,0
amanda_lately,0.0,0.0,0.0,0.0,0,0,0,0.0,0.0,0.0,0,0,0,0,0,0.0,3,2,0,0,0.0,0.0,2026-10-05,2026-10-09,2026-W41,0.0,amanda_lately,0
hi.imles,0.0,0.0,0.0,0.0,0,0,0,0.0,0.0,0.0,0,0,0,0,0,0.0,6,4,0,0,0.0,0.0,2026-10-05,2026-10-09,2026-W41,0.0,hi.imles,0
danielle_flory,0.0,0.0,0.0,0.0,0,0,0,0.0,0.0,0.0,0,1,1,1,1,0.0151,331,314,0,0,0.0,0.0,2026-10-05,2026-10-09,2026-W41,5.0,danielle_flory,1
camyclarkk,0.0,0.0,0.0,0.0,0,0,0,0.0,0.0,0.0,0,0,0,1,0,0.0,0,0,0,0,0.0,0.0,2026-10-05,2026-10-09,2026-W41,5.0,camyclarkk,0
tsukiandaspen,0.0,0.0,0.0,0.0,0,0,0,0.0,0.0,0.0,0,0,0,0,0,0.0,1,0,0,0,0.0,0.0,2026-10-05,2026-10-09,2026-W41,0.0,tsukiandaspen,0
our.family.nest,0.0,0.0,0.0,0.0,0,0,0,0.0,0.0,0.0,0,0,0,0,0,0.0,5,0,0,0,0.0,0.0,2026-10-05,2026-10-09,2026-W41,0.0,our.family.nest,0
marvan2009,0.0,0.0,0.0,0.0,0,0,0,0.0,0.0,0.0,0,0,0,0,0,0.0,1,1,0,0,0.0,0.0,2026-10-05,2026-10-09,2026-W41,0.0,marvan2009,0
geegeeisthebest,0.0,0.0,0.0,0.0,0,0,0,0.0,0.0,0.0,0,1,1,1,1,0.0143,279,263,0,0,0.0,0.0,2026-10-05,2026-10-09,2026-W41,5.0,geegeeisthebest,1
s.s.training,0.0,0.0,0.0,0.0,0,0,0,0.0,0.0,0.0,0,0,0,0,0,0.0,2,106,0,0,0.0,0.0,2026-10-05,2026-10-09,2026-W41,0.0,s.s.training,0
nibblesincharge,0.0,0.0,0.0,0.0,0,0,0,0.0,0.0,0.0,0,0,0,0,0,0.0,14,9,0,0,0.0,0.0,2026-10-05,2026-10-09,2026-W41,0.0,nibblesincharge,0
cecnorma,0.0,0.0,0.0,0.0,0,0,0,0.0,0.0,0.0,0,0,0,0,0,0.0097,103,89,0,0,0.0,0.0,2026-10-05,2026-10-09,2026-W41,0.0,cecnorma,0
anaselic01,0.0,0.0,0.0,0.0,0,0,0,0.0,0.0,0.0,0,1,1,0,1,0.0077,648,643,0,0,0.0,0.0,2026-10-05,2026-10-09,2026-W41,0.0,anaselic01,1
k_perry89,0.0,0.0,0.0,0.0,0,0,0,0.0,0.0,0.0,0,0,0,0,0,0.0,1,0,0,0,0.0,0.0,2026-10-05,2026-10-09,2026-W41,0.0,k_perry89,0
world_of_lola,0.0,0.0,0.0,0.0,0,0,0,0.0,0.0,0.0,0,0,0,0,0,0.0,2,0,0,0,0.0,0.0,2026-10-05,2026-10-09,2026-W41,0.0,world_of_lola,0
kourtneygregory_,0.0,0.0,0.0,0.0,0,0,0,0.0,0.0,0.0,0,0,0,0,0,0.0,1,0,0,0,0.0,0.0,2026-10-05,2026-10-09,2026-W41,0.0,kourtneygregory_,0
laceyjane.v,0.0,0.0,0.0,0.0,0,0,0,0.0,0.0,0.0,0,1,1,0,1,0.016399999999999998,608,571,0,0,0.0,0.0,2026-10-05,2026-10-09,2026-W41,0.0,laceyjane.v,1
nailgirl_31,0.0,0.0,0.0,0.0,0,0,0,0.0,0.0,0.0,0,0,0,0,0,0.0,13,10,0,0,0.0,0.0,2026-10-05,2026-10-09,2026-W41,0.0,nailgirl_31,0
thekingofthe80s,0.0,0.0,0.0,0.0,0,0,0,0.0,0.0,0.0,0,2,0,0,1,0.0053,567,507,0,0,0.0,0.0,2026-10-05,2026-10-09,2026-W41,0.0,thekingofthe80s,2
cutecancerbaby,0.0,0.0,0.0,0.0,0,0,0,0.0,0.0,0.0,0,0,0,0,0,0.0,1,0,0,0,0.0,0.0,2026-10-05,2026-10-09,2026-W41,0.0,cutecancerbaby,0
loveys_heart,0.0,0.0,0.0,0.0,0,0,0,0.0,0.0,0.0,0,0,0,0,0,0.0,2,1,0,0,0.0,0.0,2026-10-05,2026-10-09,2026-W41,0.0,loveys_heart,0
sqke34,0.0,0.0,0.0,0.0,0,0,0,0.0,0.0,0.0,0,0,0,0,0,0.0,1,0,0,0,0.0,0.0,2026-10-05,2026-10-09,2026-W41,0.0,sqke34,0
whitneypowell8,0.0,0.0,0.0,0.0,0,0,0,0.0,0.0,0.0,0,1,1,1,1,0.024900000000000002,442,410,0,0,0.0,0.0,2026-10-05,2026-10-09,2026-W41,5.0,whitneypowell8,1
sassymimi2476,0.0,0.0,0.0,0.0,0,0,0,0.0,0.0,0.0,0,0,0,0,0,0.0,7,0,0,0,0.0,0.0,2026-10-05,2026-10-09,2026-W41,0.0,sassymimi2476,0
queenkellann,0.0,0.0,0.0,0.0,0,0,0,0.0,0.0,0.0,0,0,0,0,0,0.0,1,0,0,0,0.0,0.0,2026-10-05,2026-10-09,2026-W41,0.0,queenkellann,0
timelessglambeauty10,0.0,0.0,0.0,0.0,0,0,0,0.0,0.0,0.0,8,0,0,0,1,0.0,3,0,0,0,0.0,0.0,2026-10-05,2026-10-09,2026-W41,0.0,timelessglambeauty10,8
ghost_labrador,0.0,0.0,0.0,0.0,0,0,0,0.0,0.0,0.0,0,0,0,0,0,0.09380000000000001,64,48,0,0,0.0,0.0,2026-10-05,2026-10-09,2026-W41,0.0,ghost_labrador,0
glowandtellwithalexis,0.0,0.0,0.0,0.0,0,0,0,0.0,0.0,0.0,0,0,0,1,0,0.0,0,0,0,0,0.0,0.0,2026-10-05,2026-10-09,2026-W41,5.0,glowandtellwithalexis,0
cre8tivemt,0.0,0.0,0.0,0.0,0,0,0,0.0,0.0,0.0,0,0,0,0,0,0.0,0,0,0,0,0.0,0.0,2026-10-05,2026-10-09,2026-W41,0.0,cre8tivemt,0
puregoldennemo.cali,0.0,0.0,0.0,0.0,0,0,0,0.0,0.0,0.0,0,0,0,0,0,0.0,2,1,0,0,0.0,0.0,2026-10-05,2026-10-09,2026-W41,0.0,puregoldennemo.cali,0
jonprints,0.0,0.0,0.0,0.0,0,0,0,0.0,0.0,0.0,0,0,0,0,0,0.0,4,6,0,0,0.0,0.0,2026-10-05,2026-10-09,2026-W41,0.0,jonprints,0
kaiti1003,0.0,0.0,0.0,0.0,0,0,0,0.0,0.0,0.0,0,0,0,0,0,0.0,0,0,0,0,0.0,0.0,2026-10-05,2026-10-09,2026-W41,0.0,kaiti1003,0
larrygreatdane,0.0,0.0,0.0,0.0,0,0,0,0.0,0.0,0.0,0,0,0,0,0,0.0909,11,18,0,0,0.0,0.0,2026-10-05,2026-10-09,2026-W41,0.0,larrygreatdane,0
danaysardinas,0.0,0.0,0.0,0.0,0,0,0,0.0,0.0,0.0,2,1,2,1,1,0.0155,516,716,0,0,0.0,0.0,2026-10-05,2026-10-09,2026-W41,5.0,danaysardinas,3
wildish.paws,0.0,0.0,0.0,0.0,0,0,0,0.0,0.0,0.0,0,0,0,0,0,0.0,1,0,0,0,0.0,0.0,2026-10-05,2026-10-09,2026-W41,0.0,wildish.paws,0
sharon.jayy,0.0,0.0,0.0,0.0,0,0,0,0.0,0.0,0.0,1,0,1,0,1,0.0,28,0,0,0,0.0,0.0,2026-10-05,2026-10-09,2026-W41,0.0,sharon.jayy,1
breechristini,0.0,0.0,0.0,0.0,0,0,0,0.0,0.0,0.0,0,0,0,0,0,0.0,4,0,0,0,0.0,0.0,2026-10-05,2026-10-09,2026-W41,0.0,breechristini,0
yanitzie,0.0,0.0,0.0,0.0,0,0,0,0.0,0.0,0.0,0,0,0,0,0,0.0,9,10,0,0,0.0,0.0,2026-10-05,2026-10-09,2026-W41,0.0,yanitzie,0
crystalvinnyblues,0.0,0.0,0.0,0.0,0,0,0,0.0,0.0,0.0,0,0,0,1,0,0.0,3,0,0,0,0.0,0.0,2026-10-05,2026-10-09,2026-W41,5.0,crystalvinnyblues,0
nicolecalub_,0.0,0.0,0.0,0.0,0,0,0,0.0,0.0,0.0,0,1,1,1,1,0.0278,72,49,0,0,0.0,0.0,2026-10-05,2026-10-09,2026-W41,5.0,nicolecalub_,1
glampingthrulife,0.0,0.0,0.0,0.0,0,0,0,0.0,0.0,0.0,1,0,0,0,1,0.0,1,0,0,0,0.0,0.0,2026-10-05,2026-10-09,2026-W41,0.0,glampingthrulife,1
kenziefaithh_04,0.0,0.0,0.0,0.0,0,0,0,0.0,0.0,0.0,0,0,0,1,0,0.0,0,0,0,0,0.0,0.0,2026-10-05,2026-10-09,2026-W41,5.0,kenziefaithh_04,0
mfgalaz,0.0,0.0,0.0,0.0,0,0,0,0.0,0.0,0.0,0,2,0,1,1,0.0197,456,788,0,0,0.0,0.0,2026-10-05,2026-10-09,2026-W41,5.0,mfgalaz,2
mouthymamareviews,0.0,0.0,0.0,0.0,0,0,0,0.0,0.0,0.0,0,0,0,0,0,0.0,2,0,0,0,0.0,0.0,2026-10-05,2026-10-09,2026-W41,0.0,mouthymamareviews,0
tootzicide,0.0,0.0,0.0,0.0,0,0,0,0.0,0.0,0.0,0,0,0,0,0,0.0,45,23,0,0,0.0,0.0,2026-10-05,2026-10-09,2026-W41,0.0,tootzicide,0
paygedenver,0.0,0.0,0.0,0.0,0,0,0,0.0,0.0,0.0,0,0,0,1,0,0.0,0,0,0,0,0.0,0.0,2026-10-05,2026-10-09,2026-W41,5.0,paygedenver,0
iamchristydilg,0.0,0.0,0.0,0.0,0,0,0,0.0,0.0,0.0,0,0,0,0,0,0.0,1,0,0,0,0.0,0.0,2026-10-05,2026-10-09,2026-W41,0.0,iamchristydilg,0
vkeissyy,0.0,0.0,0.0,0.0,0,0,0,0.0,0.0,0.0,0,1,0,1,1,0.0508,59,48,0,0,0.0,0.0,2026-10-05,2026-10-09,2026-W41,5.0,vkeissyy,1
marydeppish,0.0,0.0,0.0,0.0,0,0,0,0.0,0.0,0.0,0,1,1,0,1,0.0,83,79,0,0,0.0,0.0,2026-10-05,2026-10-09,2026-W41,0.0,marydeppish,1
jacquelinemichellem,0.0,0.0,0.0,0.0,0,0,0,0.0,0.0,0.0,0,0,0,0,0,0.0,2,2,0,0,0.0,0.0,2026-10-05,2026-10-09,2026-W41,0.0,jacquelinemichellem,0
danielle_g44,0.0,0.0,0.0,0.0,0,0,0,0.0,0.0,0.0,1,0,1,0,1,0.0,26,0,0,0,0.0,0.0,2026-10-05,2026-10-09,2026-W41,0.0,danielle_g44,1
lindzzc,0.0,0.0,0.0,0.0,0,0,0,0.0,0.0,0.0,0,1,1,1,1,0.008100000000000001,124,132,0,0,0.0,0.0,2026-10-05,2026-10-09,2026-W41,5.0,lindzzc,1
nataliegodwin1,0.0,0.0,0.0,0.0,0,0,0,0.0,0.0,0.0,0,1,0,1,1,0.04650000000000001,43,36,0,0,0.0,0.0,2026-10-05,2026-10-09,2026-W41,5.0,nataliegodwin1,1
katebga84,0.0,0.0,0.0,0.0,0,0,0,0.0,0.0,0.0,0,0,0,1,0,0.0,0,0,0,0,0.0,0.0,2026-10-05,2026-10-09,2026-W41,5.0,katebga84,0
evelyncardona80,0.0,0.0,0.0,0.0,0,0,0,0.0,0.0,0.0,0,0,0,1,0,0.0,0,0,0,0,0.0,0.0,2026-10-05,2026-10-09,2026-W41,5.0,evelyncardona80,0
that.handy.mom,0.0,0.0,0.0,0.0,0,0,0,0.0,0.0,0.0,0,0,0,0,0,0.0,1,0,0,0,0.0,0.0,2026-10-05,2026-10-09,2026-W41,0.0,that.handy.mom,0
alykofficial,0.0,0.0,0.0,0.0,0,0,0,0.0,0.0,0.0,0,0,0,0,0,0.0,0,0,0,0,0.0,0.0,2026-10-05,2026-10-09,2026-W41,0.0,alykofficial,0
penny_the_pidoublegy,0.0,0.0,0.0,0.0,0,0,0,0.0,0.0,0.0,0,0,0,0,0,0.0,6,12,0,0,0.0,0.0,2026-10-05,2026-10-09,2026-W41,0.0,penny_the_pidoublegy,0
julia_adavis,0.0,0.0,0.0,0.0,0,0,0,0.0,0.0,0.0,0,0,0,0,0,0.0,108,0,0,0,0.0,0.0,2026-10-05,2026-10-09,2026-W41,0.0,julia_adavis,0
natarsapatillo,0.0,0.0,0.0,0.0,0,0,0,0.0,0.0,0.0,0,0,0,0,0,0.0,8,8,0,0,0.0,0.0,2026-10-05,2026-10-09,2026-W41,0.0,natarsapatillo,0
christine.dawn,0.0,0.0,0.0,0.0,0,0,0,0.0,0.0,0.0,0,0,0,0,0,0.0,8,0,0,0,0.0,0.0,2026-10-05,2026-10-09,2026-W41,0.0,christine.dawn,0
trishshafofficial,0.0,0.0,0.0,0.0,0,0,0,0.0,0.0,0.0,0,0,0,0,0,0.0,1,0,0,0,0.0,0.0,2026-10-05,2026-10-09,2026-W41,0.0,trishshafofficial,0
chosenalex,0.0,0.0,0.0,0.0,0,0,0,0.0,0.0,0.0,0,0,0,0,0,0.04,25,18,0,0,0.0,0.0,2026-10-05,2026-10-09,2026-W41,0.0,chosenalex,0
thededicateddad,0.0,0.0,0.0,0.0,0,0,0,0.0,0.0,0.0,0,0,0,0,0,0.0,65,41,0,0,0.0,0.0,2026-10-05,2026-10-09,2026-W41,0.0,thededicateddad,0
elizabethdrewnows4,0.0,0.0,0.0,0.0,0,0,0,0.0,0.0,0.0,0,0,0,0,0,0.0,2,0,0,0,0.0,0.0,2026-10-05,2026-10-09,2026-W41,0.0,elizabethdrewnows4,0
jeanneteresa,0.0,0.0,0.0,0.0,0,0,0,0.0,0.0,0.0,1,1,1,1,1,0.0521,96,65,0,0,0.0,0.0,2026-10-05,2026-10-09,2026-W41,5.0,jeanneteresa,2
eeyorethegreatpyr,0.0,0.0,0.0,0.0,0,0,0,0.0,0.0,0.0,0,0,0,2,0,0.0,0,0,0,0,0.0,0.0,2026-10-05,2026-10-09,2026-W41,10.0,eeyorethegreatpyr,0
lexxi.aa,0.0,0.0,0.0,0.0,0,0,0,0.0,0.0,0.0,0,0,0,1,0,0.0,0,0,0,0,0.0,0.0,2026-10-05,2026-10-09,2026-W41,5.0,lexxi.aa,0
laniiykoia,0.0,0.0,0.0,0.0,0,0,0,0.0,0.0,0.0,0,0,0,0,0,0.0206,826,796,0,0,0.0,0.0,2026-10-05,2026-10-09,2026-W41,0.0,laniiykoia,0
oriislandlife,0.0,0.0,0.0,0.0,0,0,0,0.0,0.0,0.0,0,0,0,0,0,0.0667,15,12,0,0,0.0,0.0,2026-10-05,2026-10-09,2026-W41,0.0,oriislandlife,0
f.e.r.n.a.n.d.a_sr,0.0,0.0,0.0,0.0,0,0,0,0.0,0.0,0.0,0,0,0,0,0,0.0,3,0,0,0,0.0,0.0,2026-10-05,2026-10-09,2026-W41,0.0,f.e.r.n.a.n.d.a_sr,0
leslieeulloa,0.0,0.0,0.0,0.0,0,0,0,0.0,0.0,0.0,0,1,1,1,1,0.0,123,115,0,0,0.0,0.0,2026-10-05,2026-10-09,2026-W41,5.0,leslieeulloa,1
weim_crime.sisters,0.0,0.0,0.0,0.0,0,0,0,0.0,0.0,0.0,0,0,0,0,0,0.0,1,0,0,0,0.0,0.0,2026-10-05,2026-10-09,2026-W41,0.0,weim_crime.sisters,0
cortcorttrine,0.0,0.0,0.0,0.0,0,0,0,0.0,0.0,0.0,6,0,5,1,1,0.0,11,0,0,0,0.0,0.0,2026-10-05,2026-10-09,2026-W41,5.0,cortcorttrine,6
lizhoxengmartin,0.0,0.0,0.0,0.0,0,0,0,0.0,0.0,0.0,0,0,0,0,0,0.0,1,0,0,0,0.0,0.0,2026-10-05,2026-10-09,2026-W41,0.0,lizhoxengmartin,0
stormyfeibs,0.0,0.0,0.0,0.0,0,0,0,0.0,0.0,0.0,0,0,0,0,0,0.0,2,0,0,0,0.0,0.0,2026-10-05,2026-10-09,2026-W41,0.0,stormyfeibs,0
eddie_maximus,0.0,0.0,0.0,0.0,0,0,0,0.0,0.0,0.0,0,0,0,0,0,0.0,1,1,0,0,0.0,0.0,2026-10-05,2026-10-09,2026-W41,0.0,eddie_maximus,0
gigi_babs,0.0,0.0,0.0,0.0,0,0,0,0.0,0.0,0.0,0,0,0,0,0,0.0,0,0,0,0,0.0,0.0,2026-10-05,2026-10-09,2026-W41,0.0,gigi_babs,0
darlenesouthernsass,0.0,0.0,0.0,0.0,0,0,0,0.0,0.0,0.0,0,0,0,1,0,0.0,2,0,0,0,0.0,0.0,2026-10-05,2026-10-09,2026-W41,5.0,darlenesouthernsass,0
fixyourimages,0.0,0.0,0.0,0.0,0,0,0,0.0,0.0,0.0,0,0,0,0,0,0.0,73,50,0,0,0.0,0.0,2026-10-05,2026-10-09,2026-W41,0.0,fixyourimages,0
simstitches,0.0,0.0,0.0,0.0,0,0,0,0.0,0.0,0.0,0,0,0,0,0,0.0,3,1,0,0,0.0,0.0,2026-10-05,2026-10-09,2026-W41,0.0,simstitches,0
315athena,0.0,0.0,0.0,0.0,0,0,0,0.0,0.0,0.0,0,0,0,0,0,0.0,8,8,0,0,0.0,0.0,2026-10-05,2026-10-09,2026-W41,0.0,315athena,0
xxbabyphat93,0.0,0.0,0.0,0.0,0,0,0,0.0,0.0,0.0,0,1,1,1,1,0.0,80,76,0,0,0.0,0.0,2026-10-05,2026-10-09,2026-W41,5.0,xxbabyphat93,1
mamahart4,0.0,0.0,0.0,0.0,0,0,0,0.0,0.0,0.0,0,0,0,0,0,0.0,3,1,0,0,0.0,0.0,2026-10-05,2026-10-09,2026-W41,0.0,mamahart4,0
jennifermndz99,0.0,0.0,0.0,0.0,0,0,0,0.0,0.0,0.0,0,0,0,0,0,0.0,1,1,0,0,0.0,0.0,2026-10-05,2026-10-09,2026-W41,0.0,jennifermndz99,0
tessmarie.01,0.0,0.0,0.0,0.0,0,0,0,0.0,0.0,0.0,0,2,1,1,1,0.0235,979,903,0,0,0.0,0.0,2026-10-05,2026-10-09,2026-W41,5.0,tessmarie.01,2
mommapayton96,0.0,0.0,0.0,0.0,0,0,0,0.0,0.0,0.0,0,0,0,0,0,0.0,5,3,0,0,0.0,0.0,2026-10-05,2026-10-09,2026-W41,0.0,mommapayton96,0
nana_lovebeauty,0.0,0.0,0.0,0.0,0,0,0,0.0,0.0,0.0,0,0,0,0,0,0.0,4,0,0,0,0.0,0.0,2026-10-05,2026-10-09,2026-W41,0.0,nana_lovebeauty,0
crazycarolina35,0.0,0.0,0.0,0.0,0,0,0,0.0,0.0,0.0,0,0,0,0,0,0.0,21,13,0,0,0.0,0.0,2026-10-05,2026-10-09,2026-W41,0.0,crazycarolina35,0
lisabrook75,0.0,0.0,0.0,0.0,0,0,0,0.0,0.0,0.0,0,0,0,0,0,0.0,2,0,0,0,0.0,0.0,2026-10-05,2026-10-09,2026-W41,0.0,lisabrook75,0
brendasfavfinds,0.0,0.0,0.0,0.0,0,0,0,0.0,0.0,0.0,0,0,0,0,0,0.0,1,1,0,0,0.0,0.0,2026-10-05,2026-10-09,2026-W41,0.0,brendasfavfinds,0
royaltooriches,0.0,0.0,0.0,0.0,0,0,0,0.0,0.0,0.0,0,0,0,1,0,0.0,13,0,0,0,0.0,0.0,2026-10-05,2026-10-09,2026-W41,5.0,royaltooriches,0
danisielove,0.0,0.0,0.0,0.0,0,0,0,0.0,0.0,0.0,1,0,1,3,1,0.0,4,0,0,0,0.0,0.0,2026-10-05,2026-10-09,2026-W41,15.0,danisielove,1
cynsfavesandfinds,0.0,0.0,0.0,0.0,0,0,0,0.0,0.0,0.0,2,0,2,1,1,0.0,15,0,0,0,0.0,0.0,2026-10-05,2026-10-09,2026-W41,5.0,cynsfavesandfinds,2
ashberrypie,0.0,0.0,0.0,0.0,0,0,0,0.0,0.0,0.0,0,0,0,1,0,0.0,4,0,0,0,0.0,0.0,2026-10-05,2026-10-09,2026-W41,5.0,ashberrypie,0
thalia.herdz,0.0,0.0,0.0,0.0,0,0,0,0.0,0.0,0.0,0,0,0,0,0,0.0,5,0,0,0,0.0,0.0,2026-10-05,2026-10-09,2026-W41,0.0,thalia.herdz,0
nicolemarierumas,0.0,0.0,0.0,0.0,0,0,0,0.0,0.0,0.0,0,0,0,0,0,0.0,2,0,0,0,0.0,0.0,2026-10-05,2026-10-09,2026-W41,0.0,nicolemarierumas,0
camielovedson,0.0,0.0,0.0,0.0,0,0,0,0.0,0.0,0.0,0,0,0,0,0,0.0,18,0,0,0,0.0,0.0,2026-10-05,2026-10-09,2026-W41,0.0,camielovedson,0
katie.williams.life,0.0,0.0,0.0,0.0,0,0,0,0.0,0.0,0.0,0,0,0,0,0,0.0178,562,529,0,0,0.0,0.0,2026-10-05,2026-10-09,2026-W41,0.0,katie.williams.life,0
bludollbaby,0.0,0.0,0.0,0.0,0,0,0,0.0,0.0,0.0,1,0,1,1,1,0.11109999999999999,9,0,0,0,0.0,0.0,2026-10-05,2026-10-09,2026-W41,5.0,bludollbaby,1
littlecozymushroom,0.0,0.0,0.0,0.0,0,0,0,0.0,0.0,0.0,0,0,0,0,0,0.0,0,0,0,0,0.0,0.0,2026-10-05,2026-10-09,2026-W41,0.0,littlecozymushroom,0
syrupppp,0.0,0.0,0.0,0.0,0,0,0,0.0,0.0,0.0,0,2,0,0,1,0.0068000000000000005,441,426,0,0,0.0,0.0,2026-10-05,2026-10-09,2026-W41,0.0,syrupppp,2
steephanieeraee,0.0,0.0,0.0,0.0,0,0,0,0.0,0.0,0.0,0,0,0,0,0,0.0,1,0,0,0,0.0,0.0,2026-10-05,2026-10-09,2026-W41,0.0,steephanieeraee,0
jadesgems_,0.0,0.0,0.0,0.0,0,0,0,0.0,0.0,0.0,0,0,0,0,0,0.0,0,0,0,0,0.0,0.0,2026-10-05,2026-10-09,2026-W41,0.0,jadesgems_,0
whosyourpt,0.0,0.0,0.0,0.0,0,0,0,0.0,0.0,0.0,0,0,0,0,0,0.0,1,0,0,0,0.0,0.0,2026-10-05,2026-10-09,2026-W41,0.0,whosyourpt,0
missybarker6,0.0,0.0,0.0,0.0,0,0,0,0.0,0.0,0.0,0,0,0,0,0,0.0,2,1,0,0,0.0,0.0,2026-10-05,2026-10-09,2026-W41,0.0,missybarker6,0
mrsblackangel87,0.0,0.0,0.0,0.0,0,0,0,0.0,0.0,0.0,0,1,1,1,1,0.0159,126,121,0,0,0.0,0.0,2026-10-05,2026-10-09,2026-W41,5.0,mrsblackangel87,1
daughter_of_therockafire,0.0,0.0,0.0,0.0,0,0,0,0.0,0.0,0.0,0,0,0,0,0,0.0,3,0,0,0,0.0,0.0,2026-10-05,2026-10-09,2026-W41,0.0,daughter_of_therockafire,0
christesmiles,0.0,0.0,0.0,0.0,0,0,0,0.0,0.0,0.0,0,0,0,1,0,0.0,1,0,0,0,0.0,0.0,2026-10-05,2026-10-09,2026-W41,5.0,christesmiles,0
lilydear30,0.0,0.0,0.0,0.0,0,0,0,0.0,0.0,0.0,0,0,0,0,0,0.0588,17,15,0,0,0.0,0.0,2026-10-05,2026-10-09,2026-W41,0.0,lilydear30,0
favgirljenny,0.0,0.0,0.0,0.0,0,0,0,0.0,0.0,0.0,0,0,0,0,0,0.0,7,8,0,0,0.0,0.0,2026-10-05,2026-10-09,2026-W41,0.0,favgirljenny,0
lquitta1234,0.0,0.0,0.0,0.0,0,0,0,0.0,0.0,0.0,0,0,0,1,0,0.0,0,0,0,0,0.0,0.0,2026-10-05,2026-10-09,2026-W41,5.0,lquitta1234,0
peanutdieseloscarspot,0.0,0.0,0.0,0.0,0,0,0,0.0,0.0,0.0,0,0,0,0,0,0.11109999999999999,9,9,0,0,0.0,0.0,2026-10-05,2026-10-09,2026-W41,0.0,peanutdieseloscarspot,0
crystal.monique21,0.0,0.0,0.0,0.0,0,0,0,0.0,0.0,0.0,0,1,1,0,1,0.0167,2030,1973,0,0,0.0,0.0,2026-10-05,2026-10-09,2026-W41,0.0,crystal.monique21,1
shopconluz,0.0,0.0,0.0,0.0,0,0,0,0.0,0.0,0.0,0,0,0,0,0,0.0268,112,107,0,0,0.0,0.0,2026-10-05,2026-10-09,2026-W41,0.0,shopconluz,0
micocinarapida,0.0,0.0,0.0,0.0,0,0,0,0.0,0.0,0.0,0,0,0,1,0,0.0,0,0,0,0,0.0,0.0,2026-10-05,2026-10-09,2026-W41,5.0,micocinarapida,0
taylerfoundit,0.0,0.0,0.0,0.0,0,0,0,0.0,0.0,0.0,0,1,1,1,1,0.013000000000000001,462,415,0,0,0.0,0.0,2026-10-05,2026-10-09,2026-W41,5.0,taylerfoundit,1
roxanne_marie,0.0,0.0,0.0,0.0,0,0,0,0.0,0.0,0.0,0,0,0,0,0,0.0,8,7,0,0,0.0,0.0,2026-10-05,2026-10-09,2026-W41,0.0,roxanne_marie,0
soydycf,0.0,0.0,0.0,0.0,0,0,0,0.0,0.0,0.0,0,1,1,1,1,0.018000000000000002,222,208,0,0,0.0,0.0,2026-10-05,2026-10-09,2026-W41,5.0,soydycf,1
hdesselle,0.0,0.0,0.0,0.0,0,0,0,0.0,0.0,0.0,0,1,0,1,1,0.0033,302,283,0,0,0.0,0.0,2026-10-05,2026-10-09,2026-W41,5.0,hdesselle,1
ashley_linn,0.0,0.0,0.0,0.0,0,0,0,0.0,0.0,0.0,0,0,0,0,0,0.0649,77,75,0,0,0.0,0.0,2026-10-05,2026-10-09,2026-W41,0.0,ashley_linn,0
arie_.love,0.0,0.0,0.0,0.0,0,0,0,0.0,0.0,0.0,2,0,0,0,1,0.015700000000000002,383,14,0,0,0.0,0.0,2026-10-05,2026-10-09,2026-W41,0.0,arie_.love,2
krissymuse79,0.0,0.0,0.0,0.0,0,0,0,0.0,0.0,0.0,0,0,0,0,0,0.0,1,0,0,0,0.0,0.0,2026-10-05,2026-10-09,2026-W41,0.0,krissymuse79,0
emitinoko,0.0,0.0,0.0,0.0,0,0,0,0.0,0.0,0.0,0,0,0,0,0,0.0,3,0,0,0,0.0,0.0,2026-10-05,2026-10-09,2026-W41,0.0,emitinoko,0
jenni.kayy,0.0,0.0,0.0,0.0,0,0,0,0.0,0.0,0.0,0,0,0,0,0,0.0,7,0,0,0,0.0,0.0,2026-10-05,2026-10-09,2026-W41,0.0,jenni.kayy,0
briskfinds,0.0,0.0,0.0,0.0,0,0,0,0.0,0.0,0.0,0,0,0,0,0,0.0,0,0,0,0,0.0,0.0,2026-10-05,2026-10-09,2026-W41,0.0,briskfinds,0
nelyates32,0.0,0.0,0.0,0.0,0,0,0,0.0,0.0,0.0,0,2,0,2,2,0.0043,467,443,0,0,0.0,0.0,2026-10-05,2026-10-09,2026-W41,10.0,nelyates32,2
samantha_tibbs,0.0,0.0,0.0,0.0,0,0,0,0.0,0.0,0.0,0,0,0,0,0,0.0,4,1,0,0,0.0,0.0,2026-10-05,2026-10-09,2026-W41,0.0,samantha_tibbs,0
willowspringshomestead,0.0,0.0,0.0,0.0,0,0,0,0.0,0.0,0.0,0,0,0,1,0,0.0,0,0,0,0,0.0,0.0,2026-10-05,2026-10-09,2026-W41,5.0,willowspringshomestead,0
paolaalmanza66,0.0,0.0,0.0,0.0,0,0,0,0.0,0.0,0.0,0,0,1,0,0,0.0,9,11,0,0,0.0,0.0,2026-10-05,2026-10-09,2026-W41,0.0,paolaalmanza66,0
mariar1221,0.0,0.0,0.0,0.0,0,0,0,0.0,0.0,0.0,0,1,1,1,1,0.0,29,28,0,0,0.0,0.0,2026-10-05,2026-10-09,2026-W41,5.0,mariar1221,1
losvalis23,0.0,0.0,0.0,0.0,0,0,0,0.0,0.0,0.0,0,0,0,0,0,0.0,0,0,0,0,0.0,0.0,2026-10-05,2026-10-09,2026-W41,0.0,losvalis23,0
yanelyhomefinds,0.0,0.0,0.0,0.0,0,0,0,0.0,0.0,0.0,0,0,0,0,0,0.0,2,0,0,0,0.0,0.0,2026-10-05,2026-10-09,2026-W41,0.0,yanelyhomefinds,0
almaarvaz,0.0,0.0,0.0,0.0,0,0,0,0.0,0.0,0.0,0,0,0,0,0,0.0,1,1,0,0,0.0,0.0,2026-10-05,2026-10-09,2026-W41,0.0,almaarvaz,0
victoriasaldana82,0.0,0.0,0.0,0.0,0,0,0,0.0,0.0,0.0,0,0,0,1,0,0.0,0,0,0,0,0.0,0.0,2026-10-05,2026-10-09,2026-W41,5.0,victoriasaldana82,0
sharonmijares,0.0,0.0,0.0,0.0,0,0,0,0.0,0.0,0.0,1,0,0,0,1,0.0,12,0,0,0,0.0,0.0,2026-10-05,2026-10-09,2026-W41,0.0,sharonmijares,1
cyancircus,0.0,0.0,0.0,0.0,0,0,0,0.0,0.0,0.0,0,1,1,1,1,0.0,210,191,0,0,0.0,0.0,2026-10-05,2026-10-09,2026-W41,5.0,cyancircus,1
cortlynburl,0.0,0.0,0.0,0.0,0,0,0,0.0,0.0,0.0,0,1,1,1,1,0.0033,305,292,0,0,0.0,0.0,2026-10-05,2026-10-09,2026-W41,5.0,cortlynburl,1
_suelala,0.0,0.0,0.0,0.0,0,0,0,0.0,0.0,0.0,0,1,0,1,1,0.0033,304,268,0,0,0.0,0.0,2026-10-05,2026-10-09,2026-W41,5.0,_suelala,1
live.love.laugh..1,0.0,0.0,0.0,0.0,0,0,0,0.0,0.0,0.0,0,0,0,1,0,0.0,0,0,0,0,0.0,0.0,2026-10-05,2026-10-09,2026-W41,5.0,live.love.laugh..1,0
itshillarycatherine,0.0,0.0,0.0,0.0,0,0,0,0.0,0.0,0.0,0,0,0,1,0,0.0,0,0,0,0,0.0,0.0,2026-10-05,2026-10-09,2026-W41,5.0,itshillarycatherine,0
shannonasbury,0.0,0.0,0.0,0.0,0,0,0,0.0,0.0,0.0,0,1,1,0,1,0.044800000000000006,67,58,0,0,0.0,0.0,2026-10-05,2026-10-09,2026-W41,0.0,shannonasbury,1
blondegourmand,0.0,0.0,0.0,0.0,0,0,0,0.0,0.0,0.0,0,0,0,1,0,0.0,0,0,0,0,0.0,0.0,2026-10-05,2026-10-09,2026-W41,5.0,blondegourmand,0
jennywisberg412,0.0,0.0,0.0,0.0,0,0,0,0.0,0.0,0.0,0,0,0,1,0,0.0,0,0,0,0,0.0,0.0,2026-10-05,2026-10-09,2026-W41,5.0,jennywisberg412,0
honeynrn,0.0,0.0,0.0,0.0,0,0,0,0.0,0.0,0.0,0,0,0,0,0,0.0,2,0,0,0,0.0,0.0,2026-10-05,2026-10-09,2026-W41,0.0,honeynrn,0
thatcraftbeerguy,0.0,0.0,0.0,0.0,0,0,0,0.0,0.0,0.0,0,0,0,0,0,0.0,17,20,0,0,0.0,0.0,2026-10-05,2026-10-09,2026-W41,0.0,thatcraftbeerguy,0
brp2019,0.0,0.0,0.0,0.0,0,0,0,0.0,0.0,0.0,0,0,0,0,0,0.0,35,54,0,0,0.0,0.0,2026-10-05,2026-10-09,2026-W41,0.0,brp2019,0
dogmomma636,0.0,0.0,0.0,0.0,0,0,0,0.0,0.0,0.0,0,0,0,0,0,0.0,1,1,0,0,0.0,0.0,2026-10-05,2026-10-09,2026-W41,0.0,dogmomma636,0
mcq_heatherexplores,0.0,0.0,0.0,0.0,0,0,0,0.0,0.0,0.0,0,0,0,0,0,0.0,6,4,0,0,0.0,0.0,2026-10-05,2026-10-09,2026-W41,0.0,mcq_heatherexplores,0
fatimavillalta5,0.0,0.0,0.0,0.0,0,0,0,0.0,0.0,0.0,0,0,0,0,0,0.0,3,0,0,0,0.0,0.0,2026-10-05,2026-10-09,2026-W41,0.0,fatimavillalta5,0
maria_baezmartinez,0.0,0.0,0.0,0.0,0,0,0,0.0,0.0,0.0,0,0,0,0,0,0.0,18,10,0,0,0.0,0.0,2026-10-05,2026-10-09,2026-W41,0.0,maria_baezmartinez,0
buttercreamconfetticake,0.0,0.0,0.0,0.0,0,0,0,0.0,0.0,0.0,0,0,0,0,0,0.0,0,0,0,0,0.0,0.0,2026-10-05,2026-10-09,2026-W41,0.0,buttercreamconfetticake,0
ourblessedfamily07,0.0,0.0,0.0,0.0,0,0,0,0.0,0.0,0.0,0,0,0,0,0,0.0,1,0,0,0,0.0,0.0,2026-10-05,2026-10-09,2026-W41,0.0,ourblessedfamily07,0
rgkdetails,0.0,0.0,0.0,0.0,0,0,0,0.0,0.0,0.0,0,0,0,0,0,0.0,16,15,0,0,0.0,0.0,2026-10-05,2026-10-09,2026-W41,0.0,rgkdetails,0
saramck69,0.0,0.0,0.0,0.0,0,0,0,0.0,0.0,0.0,0,0,0,0,0,0.0,1,0,0,0,0.0,0.0,2026-10-05,2026-10-09,2026-W41,0.0,saramck69,0
stephanieredmond028,0.0,0.0,0.0,0.0,0,0,0,0.0,0.0,0.0,0,0,0,0,0,0.0,2,0,0,0,0.0,0.0,2026-10-05,2026-10-09,2026-W41,0.0,stephanieredmond028,0
theyadoreme03,0.0,0.0,0.0,0.0,0,0,0,0.0,0.0,0.0,0,0,0,0,0,0.0,1,0,0,0,0.0,0.0,2026-10-05,2026-10-09,2026-W41,0.0,theyadoreme03,0
_wtfbritt,0.0,0.0,0.0,0.0,0,0,0,0.0,0.0,0.0,0,0,0,1,0,0.0,0,0,0,0,0.0,0.0,2026-10-05,2026-10-09,2026-W41,5.0,_wtfbritt,0
rachelreneecrow,0.0,0.0,0.0,0.0,0,0,0,0.0,0.0,0.0,0,0,0,0,0,0.0,1,1,0,0,0.0,0.0,2026-10-05,2026-10-09,2026-W41,0.0,rachelreneecrow,0
macysmama,0.0,0.0,0.0,0.0,0,0,0,0.0,0.0,0.0,0,0,0,0,0,0.0,4,2,0,0,0.0,0.0,2026-10-05,2026-10-09,2026-W41,0.0,macysmama,0
ashybermudez,0.0,0.0,0.0,0.0,0,0,0,0.0,0.0,0.0,0,0,0,0,0,0.0212,189,213,0,0,0.0,0.0,2026-10-05,2026-10-09,2026-W41,0.0,ashybermudez,0
aleyasbeautycorner,0.0,0.0,0.0,0.0,0,0,0,0.0,0.0,0.0,0,0,0,1,0,0.0,0,0,0,0,0.0,0.0,2026-10-05,2026-10-09,2026-W41,5.0,aleyasbeautycorner,0
christieirizarry10,0.0,0.0,0.0,0.0,0,0,0,0.0,0.0,0.0,0,0,0,1,0,0.0,8,0,0,0,0.0,0.0,2026-10-05,2026-10-09,2026-W41,5.0,christieirizarry10,0
chennypie_tahoelife22,0.0,0.0,0.0,0.0,0,0,0,0.0,0.0,0.0,0,1,0,0,1,0.020099999999999996,299,320,0,0,0.0,0.0,2026-10-05,2026-10-09,2026-W41,0.0,chennypie_tahoelife22,1
marth_chvz,0.0,0.0,0.0,0.0,0,0,0,0.0,0.0,0.0,0,0,0,0,0,0.0,5,5,0,0,0.0,0.0,2026-10-05,2026-10-09,2026-W41,0.0,marth_chvz,0
brayandlexi,0.0,0.0,0.0,0.0,0,0,0,0.0,0.0,0.0,1,0,1,0,1,0.0,1,0,0,0,0.0,0.0,2026-10-05,2026-10-09,2026-W41,0.0,brayandlexi,1
mumy120,0.0,0.0,0.0,0.0,0,0,0,0.0,0.0,0.0,0,0,0,0,0,0.08109999999999999,37,29,0,0,0.0,0.0,2026-10-05,2026-10-09,2026-W41,0.0,mumy120,0
gubby4u,0.0,0.0,0.0,0.0,0,0,0,0.0,0.0,0.0,0,0,0,0,0,0.027000000000000003,444,415,0,0,0.0,0.0,2026-10-05,2026-10-09,2026-W41,0.0,gubby4u,0
courtneypearl_,0.0,0.0,0.0,0.0,0,0,0,0.0,0.0,0.0,0,0,0,0,0,0.0,2,9,0,0,0.0,0.0,2026-10-05,2026-10-09,2026-W41,0.0,courtneypearl_,0
cozyandblueliving,0.0,0.0,0.0,0.0,0,0,0,0.0,0.0,0.0,0,0,0,0,0,0.0,2,1,0,0,0.0,0.0,2026-10-05,2026-10-09,2026-W41,0.0,cozyandblueliving,0
jocelynn_nails,0.0,0.0,0.0,0.0,0,0,0,0.0,0.0,0.0,0,0,0,0,0,0.0,1,0,0,0,0.0,0.0,2026-10-05,2026-10-09,2026-W41,0.0,jocelynn_nails,0
mommatoboth22,0.0,0.0,0.0,0.0,0,0,0,0.0,0.0,0.0,0,2,1,0,1,0.0106,94,95,0,0,0.0,0.0,2026-10-05,2026-10-09,2026-W41,0.0,mommatoboth22,2
theveeexperience,0.0,0.0,0.0,0.0,0,0,0,0.0,0.0,0.0,0,0,0,0,0,0.0,0,0,0,0,0.0,0.0,2026-10-05,2026-10-09,2026-W41,0.0,theveeexperience,0
karsennroberson,0.0,0.0,0.0,0.0,0,0,0,0.0,0.0,0.0,0,0,0,0,0,0.0,2,0,0,0,0.0,0.0,2026-10-05,2026-10-09,2026-W41,0.0,karsennroberson,0
kellyk715,0.0,0.0,0.0,0.0,0,0,0,0.0,0.0,0.0,0,0,0,0,0,0.0,15,0,0,0,0.0,0.0,2026-10-05,2026-10-09,2026-W41,0.0,kellyk715,0
prettybalanced_,0.0,0.0,0.0,0.0,0,0,0,0.0,0.0,0.0,0,0,0,0,0,0.0,7,8,0,0,0.0,0.0,2026-10-05,2026-10-09,2026-W41,0.0,prettybalanced_,0
goaskdeb,0.0,0.0,0.0,0.0,0,0,0,0.0,0.0,0.0,0,0,0,0,0,0.0,0,0,0,0,0.0,0.0,2026-10-05,2026-10-09,2026-W41,0.0,goaskdeb,0
just_tiph,0.0,0.0,0.0,0.0,0,0,0,0.0,0.0,0.0,0,0,0,0,0,0.0,178,165,0,0,0.0,0.0,2026-10-05,2026-10-09,2026-W41,0.0,just_tiph,0
michelletironexo,0.0,0.0,0.0,0.0,0,0,0,0.0,0.0,0.0,0,1,1,0,1,0.0087,230,205,0,0,0.0,0.0,2026-10-05,2026-10-09,2026-W41,0.0,michelletironexo,1
shellzzsellzz,0.0,0.0,0.0,0.0,0,0,0,0.0,0.0,0.0,0,2,2,2,1,0.0079,762,700,0,0,0.0,0.0,2026-10-05,2026-10-09,2026-W41,10.0,shellzzsellzz,2
angiemariereynolds,0.0,0.0,0.0,0.0,0,0,0,0.0,0.0,0.0,0,0,0,0,0,0.0,5,3,0,0,0.0,0.0,2026-10-05,2026-10-09,2026-W41,0.0,angiemariereynolds,0
rossyglams,0.0,0.0,0.0,0.0,0,0,0,0.0,0.0,0.0,0,0,0,0,0,0.0444,45,40,0,0,0.0,0.0,2026-10-05,2026-10-09,2026-W41,0.0,rossyglams,0
tiff_jenks,0.0,0.0,0.0,0.0,0,0,0,0.0,0.0,0.0,0,0,0,0,0,0.0,1,0,0,0,0.0,0.0,2026-10-05,2026-10-09,2026-W41,0.0,tiff_jenks,0
mellissawith2ls,0.0,0.0,0.0,0.0,0,0,0,0.0,0.0,0.0,0,0,0,0,0,0.0,1,0,0,0,0.0,0.0,2026-10-05,2026-10-09,2026-W41,0.0,mellissawith2ls,0
allisonkay1989,0.0,0.0,0.0,0.0,0,0,0,0.0,0.0,0.0,0,0,0,0,0,0.0,4,4,0,0,0.0,0.0,2026-10-05,2026-10-09,2026-W41,0.0,allisonkay1989,0
cosmicbengals_n_leopards,0.0,0.0,0.0,0.0,0,0,0,0.0,0.0,0.0,0,0,0,0,0,0.0,2,1,0,0,0.0,0.0,2026-10-05,2026-10-09,2026-W41,0.0,cosmicbengals_n_leopards,0
milothefluffyboycorgi,0.0,0.0,0.0,0.0,0,0,0,0.0,0.0,0.0,0,0,0,0,0,0.0,0,0,0,0,0.0,0.0,2026-10-05,2026-10-09,2026-W41,0.0,milothefluffyboycorgi,0
heyrizelle,0.0,0.0,0.0,0.0,0,0,0,0.0,0.0,0.0,0,0,0,0,0,0.0,2,2,0,0,0.0,0.0,2026-10-05,2026-10-09,2026-W41,0.0,heyrizelle,0
idahochase,0.0,0.0,0.0,0.0,0,0,0,0.0,0.0,0.0,0,0,0,0,0,0.1429,7,5,0,0,0.0,0.0,2026-10-05,2026-10-09,2026-W41,0.0,idahochase,0
machsassy,0.0,0.0,0.0,0.0,0,0,0,0.0,0.0,0.0,0,0,0,1,0,0.0,1,0,0,0,0.0,0.0,2026-10-05,2026-10-09,2026-W41,5.0,machsassy,0
salma_vnr,0.0,0.0,0.0,0.0,0,0,0,0.0,0.0,0.0,0,0,0,0,0,0.0,74,46,0,0,0.0,0.0,2026-10-05,2026-10-09,2026-W41,0.0,salma_vnr,0
502pennies,0.0,0.0,0.0,0.0,0,0,0,0.0,0.0,0.0,0,1,1,1,1,0.003,331,299,0,0,0.0,0.0,2026-10-05,2026-10-09,2026-W41,5.0,502pennies,1
eastcoastmaidenlife,0.0,0.0,0.0,0.0,0,0,0,0.0,0.0,0.0,0,0,0,0,0,0.0,0,0,0,0,0.0,0.0,2026-10-05,2026-10-09,2026-W41,0.0,eastcoastmaidenlife,0
lorickenyon,0.0,0.0,0.0,0.0,0,0,0,0.0,0.0,0.0,0,0,0,1,0,0.0,0,0,0,0,0.0,0.0,2026-10-05,2026-10-09,2026-W41,5.0,lorickenyon,0
dottieminervampls,0.0,0.0,0.0,0.0,0,0,0,0.0,0.0,0.0,0,0,0,0,0,0.0345,29,23,0,0,0.0,0.0,2026-10-05,2026-10-09,2026-W41,0.0,dottieminervampls,0
cookenwhoopen,0.0,0.0,0.0,0.0,0,0,0,0.0,0.0,0.0,0,0,0,0,0,0.0,14,14,0,0,0.0,0.0,2026-10-05,2026-10-09,2026-W41,0.0,cookenwhoopen,0
milenafernandezfonseca,0.0,0.0,0.0,0.0,0,0,0,0.0,0.0,0.0,0,0,0,0,0,0.0,2,0,0,0,0.0,0.0,2026-10-05,2026-10-09,2026-W41,0.0,milenafernandezfonseca,0
mairenyh,0.0,0.0,0.0,0.0,0,0,0,0.0,0.0,0.0,0,1,1,2,1,0.021400000000000002,468,392,0,0,0.0,0.0,2026-10-05,2026-10-09,2026-W41,10.0,mairenyh,1
tonim1993,0.0,0.0,0.0,0.0,0,0,0,0.0,0.0,0.0,0,0,0,0,0,0.0,2,2,0,0,0.0,0.0,2026-10-05,2026-10-09,2026-W41,0.0,tonim1993,0
curiousmind_10,0.0,0.0,0.0,0.0,0,0,0,0.0,0.0,0.0,0,1,0,1,1,0.0,58,64,0,0,0.0,0.0,2026-10-05,2026-10-09,2026-W41,5.0,curiousmind_10,1
melias25,0.0,0.0,0.0,0.0,0,0,0,0.0,0.0,0.0,0,0,0,1,0,0.0,0,0,0,0,0.0,0.0,2026-10-05,2026-10-09,2026-W41,5.0,melias25,0
kellsfabfinds,0.0,0.0,0.0,0.0,0,0,0,0.0,0.0,0.0,0,0,0,0,0,0.0,2,2,0,0,0.0,0.0,2026-10-05,2026-10-09,2026-W41,0.0,kellsfabfinds,0
wandasworldat60,0.0,0.0,0.0,0.0,0,0,0,0.0,0.0,0.0,0,0,0,0,0,0.0,3,0,0,0,0.0,0.0,2026-10-05,2026-10-09,2026-W41,0.0,wandasworldat60,0
toppicksshop1,0.0,0.0,0.0,0.0,0,0,0,0.0,0.0,0.0,0,0,0,0,0,0.0,24,0,0,0,0.0,0.0,2026-10-05,2026-10-09,2026-W41,0.0,toppicksshop1,0
diana_croft0,0.0,0.0,0.0,0.0,0,0,0,0.0,0.0,0.0,0,0,0,0,0,0.0,1,0,0,0,0.0,0.0,2026-10-05,2026-10-09,2026-W41,0.0,diana_croft0,0
super_nova20,0.0,0.0,0.0,0.0,0,0,0,0.0,0.0,0.0,0,1,0,1,1,0.1176,34,25,0,0,0.0,0.0,2026-10-05,2026-10-09,2026-W41,5.0,super_nova20,1
tastemyunicornsprinkles,0.0,0.0,0.0,0.0,0,0,0,0.0,0.0,0.0,0,0,0,0,0,0.0,12,12,0,0,0.0,0.0,2026-10-05,2026-10-09,2026-W41,0.0,tastemyunicornsprinkles,0
xo_jamieleigh,0.0,0.0,0.0,0.0,0,0,0,0.0,0.0,0.0,0,0,0,0,0,0.0,2,2,0,0,0.0,0.0,2026-10-05,2026-10-09,2026-W41,0.0,xo_jamieleigh,0
emeraldtreasuresinc,0.0,0.0,0.0,0.0,0,0,0,0.0,0.0,0.0,0,2,1,1,1,0.012199999999999999,411,379,0,0,0.0,0.0,2026-10-05,2026-10-09,2026-W41,5.0,emeraldtreasuresinc,2
rondadaly,0.0,0.0,0.0,0.0,0,0,0,0.0,0.0,0.0,0,0,0,0,0,0.0,8,6,0,0,0.0,0.0,2026-10-05,2026-10-09,2026-W41,0.0,rondadaly,0
ginmatt27,0.0,0.0,0.0,0.0,0,0,0,0.0,0.0,0.0,0,0,0,0,0,0.0,0,0,0,0,0.0,0.0,2026-10-05,2026-10-09,2026-W41,0.0,ginmatt27,0
ctmaples,0.0,0.0,0.0,0.0,0,0,0,0.0,0.0,0.0,0,0,0,0,0,0.0,9,8,0,0,0.0,0.0,2026-10-05,2026-10-09,2026-W41,0.0,ctmaples,0
ashleylewis259,0.0,0.0,0.0,0.0,0,0,0,0.0,0.0,0.0,0,0,0,1,0,0.0,0,0,0,0,0.0,0.0,2026-10-05,2026-10-09,2026-W41,5.0,ashleylewis259,0
amy_g777,0.0,0.0,0.0,0.0,0,0,0,0.0,0.0,0.0,0,2,2,1,1,0.0091,882,813,0,0,0.0,0.0,2026-10-05,2026-10-09,2026-W41,5.0,amy_g777,2
harleygirl2,0.0,0.0,0.0,0.0,0,0,0,0.0,0.0,0.0,0,0,0,0,0,0.0,1,2,0,0,0.0,0.0,2026-10-05,2026-10-09,2026-W41,0.0,harleygirl2,0
namastestressed,0.0,0.0,0.0,0.0,0,0,0,0.0,0.0,0.0,0,1,1,1,1,0.0,48,43,0,0,0.0,0.0,2026-10-05,2026-10-09,2026-W41,5.0,namastestressed,1
foxtailwags,0.0,0.0,0.0,0.0,0,0,0,0.0,0.0,0.0,0,0,0,0,0,0.0,3,0,0,0,0.0,0.0,2026-10-05,2026-10-09,2026-W41,0.0,foxtailwags,0
mrs.jshort,0.0,0.0,0.0,0.0,0,0,0,0.0,0.0,0.0,0,0,0,0,0,0.0,12,9,0,0,0.0,0.0,2026-10-05,2026-10-09,2026-W41,0.0,mrs.jshort,0
sarah.cali25,0.0,0.0,0.0,0.0,0,0,0,0.0,0.0,0.0,0,0,0,0,0,0.0,2,0,0,0,0.0,0.0,2026-10-05,2026-10-09,2026-W41,0.0,sarah.cali25,0
yadiobergh,0.0,0.0,0.0,0.0,0,0,0,0.0,0.0,0.0,0,0,0,0,0,0.0,2,3,0,0,0.0,0.0,2026-10-05,2026-10-09,2026-W41,0.0,yadiobergh,0
maria514c,0.0,0.0,0.0,0.0,0,0,0,0.0,0.0,0.0,0,0,0,0,0,0.0,8,8,0,0,0.0,0.0,2026-10-05,2026-10-09,2026-W41,0.0,maria514c,0
nicksshop_,0.0,0.0,0.0,0.0,0,0,0,0.0,0.0,0.0,0,0,0,0,0,0.0,3,3,0,0,0.0,0.0,2026-10-05,2026-10-09,2026-W41,0.0,nicksshop_,0
snackthief_andshadow,0.0,0.0,0.0,0.0,0,0,0,0.0,0.0,0.0,0,0,0,1,0,0.0,0,0,0,0,0.0,0.0,2026-10-05,2026-10-09,2026-W41,5.0,snackthief_andshadow,0
chickenlips88,0.0,0.0,0.0,0.0,0,0,0,0.0,0.0,0.0,0,0,0,0,0,0.0,1,1,0,0,0.0,0.0,2026-10-05,2026-10-09,2026-W41,0.0,chickenlips88,0
imafoister,0.0,0.0,0.0,0.0,0,0,0,0.0,0.0,0.0,0,0,0,0,0,0.0,2,0,0,0,0.0,0.0,2026-10-05,2026-10-09,2026-W41,0.0,imafoister,0
angiefindshop,0.0,0.0,0.0,0.0,0,0,0,0.0,0.0,0.0,0,0,0,0,0,0.0,0,0,0,0,0.0,0.0,2026-10-05,2026-10-09,2026-W41,0.0,angiefindshop,0
live.love.ur.mom,0.0,0.0,0.0,0.0,0,0,0,0.0,0.0,0.0,0,0,0,0,0,0.0,1,1,0,0,0.0,0.0,2026-10-05,2026-10-09,2026-W41,0.0,live.love.ur.mom,0
starlacamp3,0.0,0.0,0.0,0.0,0,0,0,0.0,0.0,0.0,0,0,0,0,0,0.0,8,0,0,0,0.0,0.0,2026-10-05,2026-10-09,2026-W41,0.0,starlacamp3,0
viola_skalyga,0.0,0.0,0.0,0.0,0,0,0,0.0,0.0,0.0,0,0,0,0,0,0.0,14,7,0,0,0.0,0.0,2026-10-05,2026-10-09,2026-W41,0.0,viola_skalyga,0
twinmom23l,0.0,0.0,0.0,0.0,0,0,0,0.0,0.0,0.0,0,0,0,0,0,0.0,3,5,0,0,0.0,0.0,2026-10-05,2026-10-09,2026-W41,0.0,twinmom23l,0
sandy_gardner,0.0,0.0,0.0,0.0,0,0,0,0.0,0.0,0.0,0,0,0,0,0,0.0,10,10,0,0,0.0,0.0,2026-10-05,2026-10-09,2026-W41,0.0,sandy_gardner,0
itskikibabez,0.0,0.0,0.0,0.0,0,0,0,0.0,0.0,0.0,0,0,0,0,0,0.0,7,3,0,0,0.0,0.0,2026-10-05,2026-10-09,2026-W41,0.0,itskikibabez,0
erikazetino24,0.0,0.0,0.0,0.0,0,0,0,0.0,0.0,0.0,0,0,0,0,0,0.0,2,0,0,0,0.0,0.0,2026-10-05,2026-10-09,2026-W41,0.0,erikazetino24,0
teacher_tori_70,0.0,0.0,0.0,0.0,0,0,0,0.0,0.0,0.0,0,0,0,0,0,0.0,10,10,0,0,0.0,0.0,2026-10-05,2026-10-09,2026-W41,0.0,teacher_tori_70,0
b1ll.sells,0.0,0.0,0.0,0.0,0,0,0,0.0,0.0,0.0,0,0,0,1,0,0.0,0,0,0,0,0.0,0.0,2026-10-05,2026-10-09,2026-W41,5.0,b1ll.sells,0
marlennee.g,0.0,0.0,0.0,0.0,0,0,0,0.0,0.0,0.0,0,0,0,0,0,0.16670000000000001,6,4,0,0,0.0,0.0,2026-10-05,2026-10-09,2026-W41,0.0,marlennee.g,0
heatheraeger,0.0,0.0,0.0,0.0,0,0,0,0.0,0.0,0.0,0,0,0,0,0,0.0,1,0,0,0,0.0,0.0,2026-10-05,2026-10-09,2026-W41,0.0,heatheraeger,0
intolerant_furball,0.0,0.0,0.0,0.0,0,0,0,0.0,0.0,0.0,0,0,0,1,0,0.09519999999999999,21,0,0,0,0.0,0.0,2026-10-05,2026-10-09,2026-W41,5.0,intolerant_furball,0
southerntiktokmama,0.0,0.0,0.0,0.0,0,0,0,0.0,0.0,0.0,0,0,0,0,0,0.0,4,4,0,0,0.0,0.0,2026-10-05,2026-10-09,2026-W41,0.0,southerntiktokmama,0
mjvanicek,0.0,0.0,0.0,0.0,0,0,0,0.0,0.0,0.0,0,0,0,0,0,0.0,6,4,0,0,0.0,0.0,2026-10-05,2026-10-09,2026-W41,0.0,mjvanicek,0
tammygibbsspecht,0.0,0.0,0.0,0.0,0,0,0,0.0,0.0,0.0,0,0,0,1,0,0.0,8,0,0,0,0.0,0.0,2026-10-05,2026-10-09,2026-W41,5.0,tammygibbsspecht,0
nicholehailey22,0.0,0.0,0.0,0.0,0,0,0,0.0,0.0,0.0,0,1,0,0,1,0.0067,750,677,0,0,0.0,0.0,2026-10-05,2026-10-09,2026-W41,0.0,nicholehailey22,1
jescasvibes,0.0,0.0,0.0,0.0,0,0,0,0.0,0.0,0.0,4,0,1,1,1,0.0,24,0,0,0,0.0,0.0,2026-10-05,2026-10-09,2026-W41,5.0,jescasvibes,4
janicook28,0.0,0.0,0.0,0.0,0,0,0,0.0,0.0,0.0,1,1,2,1,1,0.0024,829,411,0,0,0.0,0.0,2026-10-05,2026-10-09,2026-W41,5.0,janicook28,2
juliehughes30,0.0,0.0,0.0,0.0,0,0,0,0.0,0.0,0.0,0,0,0,0,0,0.0,1,0,0,0,0.0,0.0,2026-10-05,2026-10-09,2026-W41,0.0,juliehughes30,0
rayanaeem,0.0,0.0,0.0,0.0,0,0,0,0.0,0.0,0.0,0,0,0,0,0,0.0,1,0,0,0,0.0,0.0,2026-10-05,2026-10-09,2026-W41,0.0,rayanaeem,0
indyys.page,0.0,0.0,0.0,0.0,0,0,0,0.0,0.0,0.0,0,0,0,0,0,0.0,2,0,0,0,0.0,0.0,2026-10-05,2026-10-09,2026-W41,0.0,indyys.page,0
smudgie83,0.0,0.0,0.0,0.0,0,0,0,0.0,0.0,0.0,0,0,0,1,0,0.0,1,0,0,0,0.0,0.0,2026-10-05,2026-10-09,2026-W41,5.0,smudgie83,0
sarahmarieoc,0.0,0.0,0.0,0.0,0,0,0,0.0,0.0,0.0,0,0,0,1,0,0.0,2,0,0,0,0.0,0.0,2026-10-05,2026-10-09,2026-W41,5.0,sarahmarieoc,0
bonemeeal,0.0,0.0,0.0,0.0,0,0,0,0.0,0.0,0.0,0,0,0,0,0,0.0,7,8,0,0,0.0,0.0,2026-10-05,2026-10-09,2026-W41,0.0,bonemeeal,0
kerria576,0.0,0.0,0.0,0.0,0,0,0,0.0,0.0,0.0,0,0,0,0,0,0.0,2,2,0,0,0.0,0.0,2026-10-05,2026-10-09,2026-W41,0.0,kerria576,0
ashleehafer,0.0,0.0,0.0,0.0,0,0,0,0.0,0.0,0.0,0,0,0,0,0,0.0,3,0,0,0,0.0,0.0,2026-10-05,2026-10-09,2026-W41,0.0,ashleehafer,0
nitaiv,0.0,0.0,0.0,0.0,0,0,0,0.0,0.0,0.0,0,0,0,0,0,0.0,1,0,0,0,0.0,0.0,2026-10-05,2026-10-09,2026-W41,0.0,nitaiv,0
digitaljinxy,0.0,0.0,0.0,0.0,0,0,0,0.0,0.0,0.0,0,0,0,0,0,0.0,2,0,0,0,0.0,0.0,2026-10-05,2026-10-09,2026-W41,0.0,digitaljinxy,0
morethanjustcookies,0.0,0.0,0.0,0.0,0,0,0,0.0,0.0,0.0,0,0,0,0,0,0.0,14,12,0,0,0.0,0.0,2026-10-05,2026-10-09,2026-W41,0.0,morethanjustcookies,0
sundarisocialhaus,0.0,0.0,0.0,0.0,0,0,0,0.0,0.0,0.0,0,0,0,1,0,0.0,0,0,0,0,0.0,0.0,2026-10-05,2026-10-09,2026-W41,5.0,sundarisocialhaus,0
h3ath3r80,0.0,0.0,0.0,0.0,0,0,0,0.0,0.0,0.0,0,0,0,0,0,0.0,9,6,0,0,0.0,0.0,2026-10-05,2026-10-09,2026-W41,0.0,h3ath3r80,0
angel_odette86,0.0,0.0,0.0,0.0,0,0,0,0.0,0.0,0.0,1,0,1,1,1,0.0,26,0,0,0,0.0,0.0,2026-10-05,2026-10-09,2026-W41,5.0,angel_odette86,1
danessashusband,0.0,0.0,0.0,0.0,0,0,0,0.0,0.0,0.0,0,0,0,0,0,0.0,20,21,0,0,0.0,0.0,2026-10-05,2026-10-09,2026-W41,0.0,danessashusband,0
mission_possible_x3,0.0,0.0,0.0,0.0,0,0,0,0.0,0.0,0.0,1,0,1,2,1,0.0,16,0,0,0,0.0,0.0,2026-10-05,2026-10-09,2026-W41,10.0,mission_possible_x3,1
trejojr88,0.0,0.0,0.0,0.0,0,0,0,0.0,0.0,0.0,2,2,4,1,1,0.004699999999999999,1269,1203,0,0,0.0,0.0,2026-10-05,2026-10-09,2026-W41,5.0,trejojr88,4
jenicasavage94,0.0,0.0,0.0,0.0,0,0,0,0.0,0.0,0.0,0,0,0,1,0,0.0,1,0,0,0,0.0,0.0,2026-10-05,2026-10-09,2026-W41,5.0,jenicasavage94,0
luzmarilopez86,0.0,0.0,0.0,0.0,0,0,0,0.0,0.0,0.0,0,0,0,0,0,0.0,1,1,0,0,0.0,0.0,2026-10-05,2026-10-09,2026-W41,0.0,luzmarilopez86,0
totallyrandom143,0.0,0.0,0.0,0.0,0,0,0,0.0,0.0,0.0,0,1,1,0,1,0.0088,114,105,0,0,0.0,0.0,2026-10-05,2026-10-09,2026-W41,0.0,totallyrandom143,1
witchinthehouse,0.0,0.0,0.0,0.0,0,0,0,0.0,0.0,0.0,0,0,0,0,0,0.0,47,39,0,0,0.0,0.0,2026-10-05,2026-10-09,2026-W41,0.0,witchinthehouse,0
judaddy79,0.0,0.0,0.0,0.0,0,0,0,0.0,0.0,0.0,0,0,0,0,0,0.0,1,0,0,0,0.0,0.0,2026-10-05,2026-10-09,2026-W41,0.0,judaddy79,0
karenw1248,0.0,0.0,0.0,0.0,0,0,0,0.0,0.0,0.0,0,0,0,1,0,0.0,1,0,0,0,0.0,0.0,2026-10-05,2026-10-09,2026-W41,5.0,karenw1248,0
explorenaturewithchris,0.0,0.0,0.0,0.0,0,0,0,0.0,0.0,0.0,0,0,0,1,0,0.0,0,0,0,0,0.0,0.0,2026-10-05,2026-10-09,2026-W41,5.0,explorenaturewithchris,0
amber_homedecor_dogs,0.0,0.0,0.0,0.0,0,0,0,0.0,0.0,0.0,0,0,0,0,0,0.0,2,0,0,0,0.0,0.0,2026-10-05,2026-10-09,2026-W41,0.0,amber_homedecor_dogs,0
3feralgremlins,0.0,0.0,0.0,0.0,0,0,0,0.0,0.0,0.0,0,0,0,0,0,0.0,10,14,0,0,0.0,0.0,2026-10-05,2026-10-09,2026-W41,0.0,3feralgremlins,0
healingkelsi,0.0,0.0,0.0,0.0,0,0,0,0.0,0.0,0.0,0,0,0,0,0,0.0,2,0,0,0,0.0,0.0,2026-10-05,2026-10-09,2026-W41,0.0,healingkelsi,0
soyamy.diaz,0.0,0.0,0.0,0.0,0,0,0,0.0,0.0,0.0,0,0,0,0,0,0.0121,248,256,0,0,0.0,0.0,2026-10-05,2026-10-09,2026-W41,0.0,soyamy.diaz,0
granmeli,0.0,0.0,0.0,0.0,0,0,0,0.0,0.0,0.0,1,1,2,2,2,0.0098,508,472,0,0,0.0,0.0,2026-10-05,2026-10-09,2026-W41,10.0,granmeli,2
thebreemitchell,0.0,0.0,0.0,0.0,0,0,0,0.0,0.0,0.0,0,0,0,1,0,0.0,1,0,0,0,0.0,0.0,2026-10-05,2026-10-09,2026-W41,5.0,thebreemitchell,0
thapressonjunkie,0.0,0.0,0.0,0.0,0,0,0,0.0,0.0,0.0,0,0,0,0,0,0.0,1,1,0,0,0.0,0.0,2026-10-05,2026-10-09,2026-W41,0.0,thapressonjunkie,0
milagrosmariela12,0.0,0.0,0.0,0.0,0,0,0,0.0,0.0,0.0,0,1,1,1,1,0.032,406,367,0,0,0.0,0.0,2026-10-05,2026-10-09,2026-W41,5.0,milagrosmariela12,1
reaperofhugs,0.0,0.0,0.0,0.0,0,0,0,0.0,0.0,0.0,0,0,0,0,0,0.0,2,1,0,0,0.0,0.0,2026-10-05,2026-10-09,2026-W41,0.0,reaperofhugs,0
traceyroat,0.0,0.0,0.0,0.0,0,0,0,0.0,0.0,0.0,0,1,1,1,1,0.0,22,21,0,0,0.0,0.0,2026-10-05,2026-10-09,2026-W41,5.0,traceyroat,1
boutyone,0.0,0.0,0.0,0.0,0,0,0,0.0,0.0,0.0,0,0,0,0,0,0.0,4,0,0,0,0.0,0.0,2026-10-05,2026-10-09,2026-W41,0.0,boutyone,0
rob_turner28,0.0,0.0,0.0,0.0,0,0,0,0.0,0.0,0.0,0,0,0,0,0,0.0,0,0,0,0,0.0,0.0,2026-10-05,2026-10-09,2026-W41,0.0,rob_turner28,0
loracanberandom,0.0,0.0,0.0,0.0,0,0,0,0.0,0.0,0.0,0,0,0,0,0,0.0,8,5,0,0,0.0,0.0,2026-10-05,2026-10-09,2026-W41,0.0,loracanberandom,0
d_w_20,0.0,0.0,0.0,0.0,0,0,0,0.0,0.0,0.0,3,0,1,1,1,0.0361,83,0,0,0,0.0,0.0,2026-10-05,2026-10-09,2026-W41,5.0,d_w_20,3
ozzysoscopades,0.0,0.0,0.0,0.0,0,0,0,0.0,0.0,0.0,0,0,0,0,0,0.0,5,0,0,0,0.0,0.0,2026-10-05,2026-10-09,2026-W41,0.0,ozzysoscopades,0
choochtheguido,0.0,0.0,0.0,0.0,0,0,0,0.0,0.0,0.0,1,0,0,2,1,0.0,7,3,0,0,0.0,0.0,2026-10-05,2026-10-09,2026-W41,10.0,choochtheguido,1
lisacpierce,0.0,0.0,0.0,0.0,0,0,0,0.0,0.0,0.0,0,0,0,0,0,0.0,6,0,0,0,0.0,0.0,2026-10-05,2026-10-09,2026-W41,0.0,lisacpierce,0
kimmiegibler4,0.0,0.0,0.0,0.0,0,0,0,0.0,0.0,0.0,0,0,0,0,0,0.0,1,1,0,0,0.0,0.0,2026-10-05,2026-10-09,2026-W41,0.0,kimmiegibler4,0
balancedlifewithcourt,0.0,0.0,0.0,0.0,0,0,0,0.0,0.0,0.0,0,0,0,0,0,0.0,1,0,0,0,0.0,0.0,2026-10-05,2026-10-09,2026-W41,0.0,balancedlifewithcourt,0
monica_miros,0.0,0.0,0.0,0.0,0,0,0,0.0,0.0,0.0,0,0,0,1,0,0.0,4,0,0,0,0.0,0.0,2026-10-05,2026-10-09,2026-W41,5.0,monica_miros,0
anjel.webster,0.0,0.0,0.0,0.0,0,0,0,0.0,0.0,0.0,0,0,0,0,0,0.0,0,0,0,0,0.0,0.0,2026-10-05,2026-10-09,2026-W41,0.0,anjel.webster,0
bobbied49,0.0,0.0,0.0,0.0,0,0,0,0.0,0.0,0.0,1,0,1,1,1,0.0265,491,0,0,0,0.0,0.0,2026-10-05,2026-10-09,2026-W41,5.0,bobbied49,1
shoppingwithchristina,0.0,0.0,0.0,0.0,0,0,0,0.0,0.0,0.0,0,2,2,0,1,0.0013,785,745,0,0,0.0,0.0,2026-10-05,2026-10-09,2026-W41,0.0,shoppingwithchristina,2
kingofthesouth713,0.0,0.0,0.0,0.0,0,0,0,0.0,0.0,0.0,0,0,0,0,0,0.0,4,4,0,0,0.0,0.0,2026-10-05,2026-10-09,2026-W41,0.0,kingofthesouth713,0
tino_reviews,0.0,0.0,0.0,0.0,0,0,0,0.0,0.0,0.0,0,0,0,0,0,0.125,8,8,0,0,0.0,0.0,2026-10-05,2026-10-09,2026-W41,0.0,tino_reviews,0
sitwithwhit,0.0,0.0,0.0,0.0,0,0,0,0.0,0.0,0.0,0,0,0,0,0,0.0,13,12,0,0,0.0,0.0,2026-10-05,2026-10-09,2026-W41,0.0,sitwithwhit,0
brookeeh00,0.0,0.0,0.0,0.0,0,0,0,0.0,0.0,0.0,0,0,0,0,0,0.0,2,2,0,0,0.0,0.0,2026-10-05,2026-10-09,2026-W41,0.0,brookeeh00,0
classyepic,0.0,0.0,0.0,0.0,0,0,0,0.0,0.0,0.0,0,0,0,0,0,0.0,1,0,0,0,0.0,0.0,2026-10-05,2026-10-09,2026-W41,0.0,classyepic,0
jenniferjarmanstephens,0.0,0.0,0.0,0.0,0,0,0,0.0,0.0,0.0,0,0,0,0,0,0.0,0,0,0,0,0.0,0.0,2026-10-05,2026-10-09,2026-W41,0.0,jenniferjarmanstephens,0
kailchippp,0.0,0.0,0.0,0.0,0,0,0,0.0,0.0,0.0,0,1,0,0,1,0.0089,338,346,0,0,0.0,0.0,2026-10-05,2026-10-09,2026-W41,0.0,kailchippp,1
juliehudson05,0.0,0.0,0.0,0.0,0,0,0,0.0,0.0,0.0,0,0,0,0,0,0.0,2,1,0,0,0.0,0.0,2026-10-05,2026-10-09,2026-W41,0.0,juliehudson05,0
ivofinds,0.0,0.0,0.0,0.0,0,0,0,0.0,0.0,0.0,0,0,0,0,0,0.0833,12,6,0,0,0.0,0.0,2026-10-05,2026-10-09,2026-W41,0.0,ivofinds,0
michaelalee4123,0.0,0.0,0.0,0.0,0,0,0,0.0,0.0,0.0,0,1,1,1,1,0.0063,318,306,0,0,0.0,0.0,2026-10-05,2026-10-09,2026-W41,5.0,michaelalee4123,1
gem120787,0.0,0.0,0.0,0.0,0,0,0,0.0,0.0,0.0,0,0,1,0,0,0.0,13,9,0,0,0.0,0.0,2026-10-05,2026-10-09,2026-W41,0.0,gem120787,0
atlpupaupair,0.0,0.0,0.0,0.0,0,0,0,0.0,0.0,0.0,0,1,1,1,1,0.0,11,11,0,0,0.0,0.0,2026-10-05,2026-10-09,2026-W41,5.0,atlpupaupair,1
tetonblonde,0.0,0.0,0.0,0.0,0,0,0,0.0,0.0,0.0,0,1,1,1,1,0.0187,267,256,0,0,0.0,0.0,2026-10-05,2026-10-09,2026-W41,5.0,tetonblonde,1
pursuitofhappiness31,0.0,0.0,0.0,0.0,0,0,0,0.0,0.0,0.0,0,0,0,0,0,0.0,1,0,0,0,0.0,0.0,2026-10-05,2026-10-09,2026-W41,0.0,pursuitofhappiness31,0
edvivesshop,0.0,0.0,0.0,0.0,0,0,0,0.0,0.0,0.0,0,5,3,0,1,0.018500000000000003,1674,1615,0,0,0.0,0.0,2026-10-05,2026-10-09,2026-W41,0.0,edvivesshop,5
abillings0920,0.0,0.0,0.0,0.0,0,0,0,0.0,0.0,0.0,0,0,0,0,0,0.0,1,1,0,0,0.0,0.0,2026-10-05,2026-10-09,2026-W41,0.0,abillings0920,0
reallifewithtara,0.0,0.0,0.0,0.0,0,0,0,0.0,0.0,0.0,0,0,0,0,0,0.0,2,0,0,0,0.0,0.0,2026-10-05,2026-10-09,2026-W41,0.0,reallifewithtara,0
craftylorispearls,0.0,0.0,0.0,0.0,0,0,0,0.0,0.0,0.0,0,0,0,0,0,0.0,23,20,0,0,0.0,0.0,2026-10-05,2026-10-09,2026-W41,0.0,craftylorispearls,0
ashley.johddles,0.0,0.0,0.0,0.0,0,0,0,0.0,0.0,0.0,0,1,2,1,1,0.0,116,112,0,0,0.0,0.0,2026-10-05,2026-10-09,2026-W41,5.0,ashley.johddles,1
liaabiia,0.0,0.0,0.0,0.0,0,0,0,0.0,0.0,0.0,0,0,0,0,0,0.0,4,1,0,0,0.0,0.0,2026-10-05,2026-10-09,2026-W41,0.0,liaabiia,0
carpe_diem_29,0.0,0.0,0.0,0.0,0,0,0,0.0,0.0,0.0,0,0,0,0,0,0.0,1,1,0,0,0.0,0.0,2026-10-05,2026-10-09,2026-W41,0.0,carpe_diem_29,0
staceymakes,0.0,0.0,0.0,0.0,0,0,0,0.0,0.0,0.0,0,0,0,0,0,0.0,2,3,0,0,0.0,0.0,2026-10-05,2026-10-09,2026-W41,0.0,staceymakes,0
xennial.ugc,0.0,0.0,0.0,0.0,0,0,0,0.0,0.0,0.0,0,1,1,0,1,0.03,100,91,0,0,0.0,0.0,2026-10-05,2026-10-09,2026-W41,0.0,xennial.ugc,1
anamariaclick,0.0,0.0,0.0,0.0,0,0,0,0.0,0.0,0.0,0,3,0,0,1,0.0253,1580,1503,0,0,0.0,0.0,2026-10-05,2026-10-09,2026-W41,0.0,anamariaclick,3
sweetsunshine0623,0.0,0.0,0.0,0.0,0,0,0,0.0,0.0,0.0,0,0,0,0,0,0.0,1,1,0,0,0.0,0.0,2026-10-05,2026-10-09,2026-W41,0.0,sweetsunshine0623,0
bmg0227,0.0,0.0,0.0,0.0,0,0,0,0.0,0.0,0.0,0,1,1,1,1,0.018799999999999997,373,347,0,0,0.0,0.0,2026-10-05,2026-10-09,2026-W41,5.0,bmg0227,1
marcelaorantes779,0.0,0.0,0.0,0.0,0,0,0,0.0,0.0,0.0,0,0,0,0,0,0.0,0,0,0,0,0.0,0.0,2026-10-05,2026-10-09,2026-W41,0.0,marcelaorantes779,0
kamor1717,0.0,0.0,0.0,0.0,0,0,0,0.0,0.0,0.0,0,0,0,1,0,0.0,3,0,0,0,0.0,0.0,2026-10-05,2026-10-09,2026-W41,5.0,kamor1717,0
dalmi13,0.0,0.0,0.0,0.0,0,0,0,0.0,0.0,0.0,0,0,0,0,0,0.0,3,4,0,0,0.0,0.0,2026-10-05,2026-10-09,2026-W41,0.0,dalmi13,0
meemasfavfinds,0.0,0.0,0.0,0.0,0,0,0,0.0,0.0,0.0,0,0,0,0,0,0.0,1,1,0,0,0.0,0.0,2026-10-05,2026-10-09,2026-W41,0.0,meemasfavfinds,0
amandasworldentertains,0.0,0.0,0.0,0.0,0,0,0,0.0,0.0,0.0,0,0,0,0,0,0.0,1,0,0,0,0.0,0.0,2026-10-05,2026-10-09,2026-W41,0.0,amandasworldentertains,0
luckyleo5962,0.0,0.0,0.0,0.0,0,0,0,0.0,0.0,0.0,0,0,0,0,0,0.0,7,7,0,0,0.0,0.0,2026-10-05,2026-10-09,2026-W41,0.0,luckyleo5962,0
laurenschaoticshop,0.0,0.0,0.0,0.0,0,0,0,0.0,0.0,0.0,0,1,1,1,1,0.01,100,100,0,0,0.0,0.0,2026-10-05,2026-10-09,2026-W41,5.0,laurenschaoticshop,1
morethanesthetics,0.0,0.0,0.0,0.0,0,0,0,0.0,0.0,0.0,0,0,0,0,0,0.0323,31,13,0,0,0.0,0.0,2026-10-05,2026-10-09,2026-W41,0.0,morethanesthetics,0
kashimab,0.0,0.0,0.0,0.0,0,0,0,0.0,0.0,0.0,0,0,0,0,0,0.0,3,0,0,0,0.0,0.0,2026-10-05,2026-10-09,2026-W41,0.0,kashimab,0
mini747_,0.0,0.0,0.0,0.0,0,0,0,0.0,0.0,0.0,0,2,0,0,1,0.125,48,47,0,0,0.0,0.0,2026-10-05,2026-10-09,2026-W41,0.0,mini747_,2
ginafaucetta,0.0,0.0,0.0,0.0,0,0,0,0.0,0.0,0.0,0,0,0,0,0,0.0,4,0,0,0,0.0,0.0,2026-10-05,2026-10-09,2026-W41,0.0,ginafaucetta,0
monica.dogsquad,0.0,0.0,0.0,0.0,0,0,0,0.0,0.0,0.0,0,0,0,1,0,0.0,0,0,0,0,0.0,0.0,2026-10-05,2026-10-09,2026-W41,5.0,monica.dogsquad,0
rae_coyne,0.0,0.0,0.0,0.0,0,0,0,0.0,0.0,0.0,0,0,0,0,0,0.0,1,0,0,0,0.0,0.0,2026-10-05,2026-10-09,2026-W41,0.0,rae_coyne,0
markos._.girl,0.0,0.0,0.0,0.0,0,0,0,0.0,0.0,0.0,0,0,0,0,0,0.0,1,0,0,0,0.0,0.0,2026-10-05,2026-10-09,2026-W41,0.0,markos._.girl,0
nuttiestnurse,0.0,0.0,0.0,0.0,0,0,0,0.0,0.0,0.0,0,0,0,0,0,0.0,7,7,0,0,0.0,0.0,2026-10-05,2026-10-09,2026-W41,0.0,nuttiestnurse,0
erin_g712,0.0,0.0,0.0,0.0,0,0,0,0.0,0.0,0.0,0,0,0,0,0,0.0,1,1,0,0,0.0,0.0,2026-10-05,2026-10-09,2026-W41,0.0,erin_g712,0
b33xg33,0.0,0.0,0.0,0.0,0,0,0,0.0,0.0,0.0,0,1,1,1,1,0.019299999999999998,415,384,0,0,0.0,0.0,2026-10-05,2026-10-09,2026-W41,5.0,b33xg33,1
reneejuhl,0.0,0.0,0.0,0.0,0,0,0,0.0,0.0,0.0,0,0,0,0,0,0.0,1,0,0,0,0.0,0.0,2026-10-05,2026-10-09,2026-W41,0.0,reneejuhl,0
mjenkins39,0.0,0.0,0.0,0.0,0,0,0,0.0,0.0,0.0,0,0,0,0,0,0.0,0,0,0,0,0.0,0.0,2026-10-05,2026-10-09,2026-W41,0.0,mjenkins39,0
francescaheals,0.0,0.0,0.0,0.0,0,0,0,0.0,0.0,0.0,0,0,0,0,0,0.0667,30,0,0,0,0.0,0.0,2026-10-05,2026-10-09,2026-W41,0.0,francescaheals,0
brittneyhale20,0.0,0.0,0.0,0.0,0,0,0,0.0,0.0,0.0,0,0,0,0,0,0.0,2,0,0,0,0.0,0.0,2026-10-05,2026-10-09,2026-W41,0.0,brittneyhale20,0
kkelly117,0.0,0.0,0.0,0.0,0,0,0,0.0,0.0,0.0,0,1,1,1,1,0.0435,46,47,0,0,0.0,0.0,2026-10-05,2026-10-09,2026-W41,5.0,kkelly117,1
pooch_pott,0.0,0.0,0.0,0.0,0,0,0,0.0,0.0,0.0,0,0,0,1,0,0.0,2,0,0,0,0.0,0.0,2026-10-05,2026-10-09,2026-W41,5.0,pooch_pott,0
njariasm,0.0,0.0,0.0,0.0,0,0,0,0.0,0.0,0.0,0,0,0,0,0,0.0,1,0,0,0,0.0,0.0,2026-10-05,2026-10-09,2026-W41,0.0,njariasm,0
kirsiandfriends,0.0,0.0,0.0,0.0,0,0,0,0.0,0.0,0.0,0,3,2,1,1,0.0,960,895,0,0,0.0,0.0,2026-10-05,2026-10-09,2026-W41,5.0,kirsiandfriends,3
fancy_fac3,0.0,0.0,0.0,0.0,0,0,0,0.0,0.0,0.0,0,0,0,1,0,0.0,0,0,0,0,0.0,0.0,2026-10-05,2026-10-09,2026-W41,5.0,fancy_fac3,0
mylah401,0.0,0.0,0.0,0.0,0,0,0,0.0,0.0,0.0,0,0,0,0,0,0.0,12,8,0,0,0.0,0.0,2026-10-05,2026-10-09,2026-W41,0.0,mylah401,0
annie_87r,0.0,0.0,0.0,0.0,0,0,0,0.0,0.0,0.0,0,0,0,0,0,0.0,26,0,0,0,0.0,0.0,2026-10-05,2026-10-09,2026-W41,0.0,annie_87r,0
jjelaine,0.0,0.0,0.0,0.0,0,0,0,0.0,0.0,0.0,0,0,0,0,0,0.0,3,0,0,0,0.0,0.0,2026-10-05,2026-10-09,2026-W41,0.0,jjelaine,0
thrillerkitty,0.0,0.0,0.0,0.0,0,0,0,0.0,0.0,0.0,1,0,1,1,1,0.0,12,0,0,0,0.0,0.0,2026-10-05,2026-10-09,2026-W41,5.0,thrillerkitty,1
brendakpattonwb,0.0,0.0,0.0,0.0,0,0,0,0.0,0.0,0.0,0,0,0,0,0,0.0301,166,149,0,0,0.0,0.0,2026-10-05,2026-10-09,2026-W41,0.0,brendakpattonwb,0
ghostlybutbeautiful,0.0,0.0,0.0,0.0,0,0,0,0.0,0.0,0.0,0,0,0,1,0,0.0,0,0,0,0,0.0,0.0,2026-10-05,2026-10-09,2026-W41,5.0,ghostlybutbeautiful,0
spiffedwithtiff,0.0,0.0,0.0,0.0,0,0,0,0.0,0.0,0.0,0,1,1,0,1,0.0,100,85,0,0,0.0,0.0,2026-10-05,2026-10-09,2026-W41,0.0,spiffedwithtiff,1
alacartaconsabor,0.0,0.0,0.0,0.0,0,0,0,0.0,0.0,0.0,0,0,0,0,0,0.25,4,4,0,0,0.0,0.0,2026-10-05,2026-10-09,2026-W41,0.0,alacartaconsabor,0
kesa1053,0.0,0.0,0.0,0.0,0,0,0,0.0,0.0,0.0,0,0,0,1,0,0.0,18,0,0,0,0.0,0.0,2026-10-05,2026-10-09,2026-W41,5.0,kesa1053,0
waywardwakefield,0.0,0.0,0.0,0.0,0,0,0,0.0,0.0,0.0,0,0,0,0,0,0.0,1,1,0,0,0.0,0.0,2026-10-05,2026-10-09,2026-W41,0.0,waywardwakefield,0
amberequinetherapist,0.0,0.0,0.0,0.0,0,0,0,0.0,0.0,0.0,0,8,7,1,1,0.0106,2446,2312,0,0,0.0,0.0,2026-10-05,2026-10-09,2026-W41,5.0,amberequinetherapist,8
lindsarita287,0.0,0.0,0.0,0.0,0,0,0,0.0,0.0,0.0,4,1,3,1,1,0.009899999999999999,202,151,0,0,0.0,0.0,2026-10-05,2026-10-09,2026-W41,5.0,lindsarita287,5
stephshow1111,0.0,0.0,0.0,0.0,0,0,0,0.0,0.0,0.0,0,0,0,1,0,0.0,0,0,0,0,0.0,0.0,2026-10-05,2026-10-09,2026-W41,5.0,stephshow1111,0
ahintofbrownsuga54,0.0,0.0,0.0,0.0,0,0,0,0.0,0.0,0.0,0,0,2,0,0,0.0179,112,103,0,0,0.0,0.0,2026-10-05,2026-10-09,2026-W41,0.0,ahintofbrownsuga54,0
jediandwitch,0.0,0.0,0.0,0.0,0,0,0,0.0,0.0,0.0,0,0,0,0,0,0.0,9,8,0,0,0.0,0.0,2026-10-05,2026-10-09,2026-W41,0.0,jediandwitch,0
deesmith015,0.0,0.0,0.0,0.0,0,0,0,0.0,0.0,0.0,0,0,0,0,0,0.0,2,0,0,0,0.0,0.0,2026-10-05,2026-10-09,2026-W41,0.0,deesmith015,0
garrardfamily,0.0,0.0,0.0,0.0,0,0,0,0.0,0.0,0.0,0,0,0,0,0,0.0,1,0,0,0,0.0,0.0,2026-10-05,2026-10-09,2026-W41,0.0,garrardfamily,0
techwrestlingmama,0.0,0.0,0.0,0.0,0,0,0,0.0,0.0,0.0,0,1,0,1,1,0.0067,149,139,0,0,0.0,0.0,2026-10-05,2026-10-09,2026-W41,5.0,techwrestlingmama,1
twistedcreations2.0,0.0,0.0,0.0,0.0,0,0,0,0.0,0.0,0.0,0,0,0,0,0,0.0,4,0,0,0,0.0,0.0,2026-10-05,2026-10-09,2026-W41,0.0,twistedcreations2.0,0
night_moves_w9,0.0,0.0,0.0,0.0,0,0,0,0.0,0.0,0.0,0,0,0,0,0,0.0,11,7,0,0,0.0,0.0,2026-10-05,2026-10-09,2026-W41,0.0,night_moves_w9,0
dogmom.75.rn,0.0,0.0,0.0,0.0,0,0,0,0.0,0.0,0.0,0,0,0,0,0,0.0,2,0,0,0,0.0,0.0,2026-10-05,2026-10-09,2026-W41,0.0,dogmom.75.rn,0
gratefullifediary,0.0,0.0,0.0,0.0,0,0,0,0.0,0.0,0.0,0,0,0,0,0,0.0,1,0,0,0,0.0,0.0,2026-10-05,2026-10-09,2026-W41,0.0,gratefullifediary,0
maddealswithmadi,0.0,0.0,0.0,0.0,0,0,0,0.0,0.0,0.0,0,0,0,0,0,0.0,2,0,0,0,0.0,0.0,2026-10-05,2026-10-09,2026-W41,0.0,maddealswithmadi,0
rediscovering_melissa,0.0,0.0,0.0,0.0,0,0,0,0.0,0.0,0.0,0,0,0,0,0,0.0,3,0,0,0,0.0,0.0,2026-10-05,2026-10-09,2026-W41,0.0,rediscovering_melissa,0
ismary_8,0.0,0.0,0.0,0.0,0,0,0,0.0,0.0,0.0,20,2,9,2,1,0.0348,1005,311,0,0,0.0,0.0,2026-10-05,2026-10-09,2026-W41,10.0,ismary_8,22
zepljaks_c8,0.0,0.0,0.0,0.0,0,0,0,0.0,0.0,0.0,0,0,0,0,0,0.0,24,23,0,0,0.0,0.0,2026-10-05,2026-10-09,2026-W41,0.0,zepljaks_c8,0
marysnatural,0.0,0.0,0.0,0.0,0,0,0,0.0,0.0,0.0,0,0,0,0,0,0.0,6,0,0,0,0.0,0.0,2026-10-05,2026-10-09,2026-W41,0.0,marysnatural,0
katee42oo,0.0,0.0,0.0,0.0,0,0,0,0.0,0.0,0.0,0,0,0,0,0,0.0,1,26,0,0,0.0,0.0,2026-10-05,2026-10-09,2026-W41,0.0,katee42oo,0
vibezbyhaze,0.0,0.0,0.0,0.0,0,0,0,0.0,0.0,0.0,15,0,0,0,1,0.0,50,47,0,0,0.0,0.0,2026-10-05,2026-10-09,2026-W41,0.0,vibezbyhaze,15
jaterao92,0.0,0.0,0.0,0.0,0,0,0,0.0,0.0,0.0,0,0,0,0,0,0.0,1,0,0,0,0.0,0.0,2026-10-05,2026-10-09,2026-W41,0.0,jaterao92,0
_nyla_mess_rv_life_,0.0,0.0,0.0,0.0,0,0,0,0.0,0.0,0.0,0,0,0,1,0,0.0,2,0,0,0,0.0,0.0,2026-10-05,2026-10-09,2026-W41,5.0,_nyla_mess_rv_life_,0
hootshack,0.0,0.0,0.0,0.0,0,0,0,0.0,0.0,0.0,0,0,0,0,0,0.0,2,2,0,0,0.0,0.0,2026-10-05,2026-10-09,2026-W41,0.0,hootshack,0
gardeningandplantlover,0.0,0.0,0.0,0.0,0,0,0,0.0,0.0,0.0,0,1,1,2,1,0.0184,272,297,0,0,0.0,0.0,2026-10-05,2026-10-09,2026-W41,10.0,gardeningandplantlover,1
shakesthadon,0.0,0.0,0.0,0.0,0,0,0,0.0,0.0,0.0,0,0,0,0,0,0.0,0,0,0,0,0.0,0.0,2026-10-05,2026-10-09,2026-W41,0.0,shakesthadon,0
amber.1990,0.0,0.0,0.0,0.0,0,0,0,0.0,0.0,0.0,0,1,0,1,1,0.0,1,102,0,0,0.0,0.0,2026-10-05,2026-10-09,2026-W41,5.0,amber.1990,1
eduardoandrestobon,0.0,0.0,0.0,0.0,0,0,0,0.0,0.0,0.0,1,0,1,2,1,0.0,14,0,0,0,0.0,0.0,2026-10-05,2026-10-09,2026-W41,10.0,eduardoandrestobon,1
tiktokdentureexpert,0.0,0.0,0.0,0.0,0,0,0,0.0,0.0,0.0,0,0,0,0,0,0.0,24,23,0,0,0.0,0.0,2026-10-05,2026-10-09,2026-W41,0.0,tiktokdentureexpert,0
jeranny32,0.0,0.0,0.0,0.0,0,0,0,0.0,0.0,0.0,0,0,0,0,0,0.0,0,0,0,0,0.0,0.0,2026-10-05,2026-10-09,2026-W41,0.0,jeranny32,0
blessedgirl6017,0.0,0.0,0.0,0.0,0,0,0,0.0,0.0,0.0,0,0,0,0,0,0.0,2,2,0,0,0.0,0.0,2026-10-05,2026-10-09,2026-W41,0.0,blessedgirl6017,0
trapezoidmouth,0.0,0.0,0.0,0.0,0,0,0,0.0,0.0,0.0,0,0,0,0,0,0.0,36,0,0,0,0.0,0.0,2026-10-05,2026-10-09,2026-W41,0.0,trapezoidmouth,0
progressoverperfection84,0.0,0.0,0.0,0.0,0,0,0,0.0,0.0,0.0,0,0,0,0,0,0.0,0,0,0,0,0.0,0.0,2026-10-05,2026-10-09,2026-W41,0.0,progressoverperfection84,0
gypsi0011,0.0,0.0,0.0,0.0,0,0,0,0.0,0.0,0.0,0,1,1,0,1,0.0,23,13,0,0,0.0,0.0,2026-10-05,2026-10-09,2026-W41,0.0,gypsi0011,1
mskdona,0.0,0.0,0.0,0.0,0,0,0,0.0,0.0,0.0,0,0,0,0,0,0.0,3,1,0,0,0.0,0.0,2026-10-05,2026-10-09,2026-W41,0.0,mskdona,0
chelsea_devinn_,0.0,0.0,0.0,0.0,0,0,0,0.0,0.0,0.0,0,0,0,1,0,0.0,10,0,0,0,0.0,0.0,2026-10-05,2026-10-09,2026-W41,5.0,chelsea_devinn_,0
cookie_brookie03,0.0,0.0,0.0,0.0,0,0,0,0.0,0.0,0.0,0,1,0,1,1,0.0125,319,295,0,0,0.0,0.0,2026-10-05,2026-10-09,2026-W41,5.0,cookie_brookie03,1
nyequestrian,0.0,0.0,0.0,0.0,0,0,0,0.0,0.0,0.0,0,0,0,0,0,0.0,2,0,0,0,0.0,0.0,2026-10-05,2026-10-09,2026-W41,0.0,nyequestrian,0
villaloboshomes4sale,0.0,0.0,0.0,0.0,0,0,0,0.0,0.0,0.0,0,0,0,0,0,0.0,2,2,0,0,0.0,0.0,2026-10-05,2026-10-09,2026-W41,0.0,villaloboshomes4sale,0
knotips,0.0,0.0,0.0,0.0,0,0,0,0.0,0.0,0.0,0,0,0,0,0,0.0286,35,29,0,0,0.0,0.0,2026-10-05,2026-10-09,2026-W41,0.0,knotips,0
michellepearlpnw,0.0,0.0,0.0,0.0,0,0,0,0.0,0.0,0.0,0,0,0,1,0,0.0,0,0,0,0,0.0,0.0,2026-10-05,2026-10-09,2026-W41,5.0,michellepearlpnw,0
amberdaugherty396,0.0,0.0,0.0,0.0,0,0,0,0.0,0.0,0.0,0,0,0,0,0,0.0,3,2,0,0,0.0,0.0,2026-10-05,2026-10-09,2026-W41,0.0,amberdaugherty396,0
boggs1972,0.0,0.0,0.0,0.0,0,0,0,0.0,0.0,0.0,0,0,0,0,0,0.0,0,0,0,0,0.0,0.0,2026-10-05,2026-10-09,2026-W41,0.0,boggs1972,0
morganallanson22,0.0,0.0,0.0,0.0,0,0,0,0.0,0.0,0.0,0,0,0,1,0,0.0,2,0,0,0,0.0,0.0,2026-10-05,2026-10-09,2026-W41,5.0,morganallanson22,0
yorlene053,0.0,0.0,0.0,0.0,0,0,0,0.0,0.0,0.0,0,0,0,0,0,0.0,2,2,0,0,0.0,0.0,2026-10-05,2026-10-09,2026-W41,0.0,yorlene053,0
brunoandotie,0.0,0.0,0.0,0.0,0,0,0,0.0,0.0,0.0,0,0,0,0,0,0.0667,75,52,0,0,0.0,0.0,2026-10-05,2026-10-09,2026-W41,0.0,brunoandotie,0
robinsaxondewitt,0.0,0.0,0.0,0.0,0,0,0,0.0,0.0,0.0,8,3,6,1,1,0.009899999999999999,503,458,0,0,0.0,0.0,2026-10-05,2026-10-09,2026-W41,5.0,robinsaxondewitt,11
brittdawg__,0.0,0.0,0.0,0.0,0,0,0,0.0,0.0,0.0,0,0,0,0,0,0.0,2,0,0,0,0.0,0.0,2026-10-05,2026-10-09,2026-W41,0.0,brittdawg__,0
zueemoraa,0.0,0.0,0.0,0.0,0,0,0,0.0,0.0,0.0,0,1,1,1,1,0.0,11,325,0,0,0.0,0.0,2026-10-05,2026-10-09,2026-W41,5.0,zueemoraa,1
kderise,0.0,0.0,0.0,0.0,0,0,0,0.0,0.0,0.0,1,1,1,0,1,0.0,64,64,0,0,0.0,0.0,2026-10-05,2026-10-09,2026-W41,0.0,kderise,2
denise_hall,0.0,0.0,0.0,0.0,0,0,0,0.0,0.0,0.0,0,0,0,0,0,0.0,32,28,0,0,0.0,0.0,2026-10-05,2026-10-09,2026-W41,0.0,denise_hall,0
happypuppymia,0.0,0.0,0.0,0.0,0,0,0,0.0,0.0,0.0,0,0,0,0,0,0.22219999999999998,9,6,0,0,0.0,0.0,2026-10-05,2026-10-09,2026-W41,0.0,happypuppymia,0
jeremyandmelissafun,0.0,0.0,0.0,0.0,0,0,0,0.0,0.0,0.0,0,1,1,1,1,0.0034000000000000002,291,264,0,0,0.0,0.0,2026-10-05,2026-10-09,2026-W41,5.0,jeremyandmelissafun,1
brittney.babii,0.0,0.0,0.0,0.0,0,0,0,0.0,0.0,0.0,0,0,0,0,0,0.0,7,0,0,0,0.0,0.0,2026-10-05,2026-10-09,2026-W41,0.0,brittney.babii,0
mscurlymccatlady,0.0,0.0,0.0,0.0,0,0,0,0.0,0.0,0.0,0,0,0,0,0,0.0,12,0,0,0,0.0,0.0,2026-10-05,2026-10-09,2026-W41,0.0,mscurlymccatlady,0
amy_bledsoe1,0.0,0.0,0.0,0.0,0,0,0,0.0,0.0,0.0,0,0,0,0,0,0.0,23,19,0,0,0.0,0.0,2026-10-05,2026-10-09,2026-W41,0.0,amy_bledsoe1,0
panamacitybeachsaltychic,0.0,0.0,0.0,0.0,0,0,0,0.0,0.0,0.0,0,0,0,1,0,0.0,2,0,0,0,0.0,0.0,2026-10-05,2026-10-09,2026-W41,5.0,panamacitybeachsaltychic,0
hotsaucedapug,0.0,0.0,0.0,0.0,0,0,0,0.0,0.0,0.0,0,0,0,1,0,0.0,0,0,0,0,0.0,0.0,2026-10-05,2026-10-09,2026-W41,5.0,hotsaucedapug,0
janetrook713,0.0,0.0,0.0,0.0,0,0,0,0.0,0.0,0.0,0,1,0,0,1,0.0055000000000000005,181,179,0,0,0.0,0.0,2026-10-05,2026-10-09,2026-W41,0.0,janetrook713,1
luzzybarbie,0.0,0.0,0.0,0.0,0,0,0,0.0,0.0,0.0,0,0,0,0,0,0.0,3,0,0,0,0.0,0.0,2026-10-05,2026-10-09,2026-W41,0.0,luzzybarbie,0
jen61512,0.0,0.0,0.0,0.0,0,0,0,0.0,0.0,0.0,0,0,0,1,0,0.0,1,0,0,0,0.0,0.0,2026-10-05,2026-10-09,2026-W41,5.0,jen61512,0
melissaormel,0.0,0.0,0.0,0.0,0,0,0,0.0,0.0,0.0,0,0,0,0,0,0.0,2,0,0,0,0.0,0.0,2026-10-05,2026-10-09,2026-W41,0.0,melissaormel,0
utahreviews,0.0,0.0,0.0,0.0,0,0,0,0.0,0.0,0.0,0,0,0,2,0,0.0,0,0,0,0,0.0,0.0,2026-10-05,2026-10-09,2026-W41,10.0,utahreviews,0
kate_xo.5,0.0,0.0,0.0,0.0,0,0,0,0.0,0.0,0.0,0,0,0,0,0,0.0,1,0,0,0,0.0,0.0,2026-10-05,2026-10-09,2026-W41,0.0,kate_xo.5,0
gigiarv30,0.0,0.0,0.0,0.0,0,0,0,0.0,0.0,0.0,0,1,1,0,1,0.0123,243,221,0,0,0.0,0.0,2026-10-05,2026-10-09,2026-W41,0.0,gigiarv30,1
jaybronious,0.0,0.0,0.0,0.0,0,0,0,0.0,0.0,0.0,0,0,0,0,0,0.0,2,0,0,0,0.0,0.0,2026-10-05,2026-10-09,2026-W41,0.0,jaybronious,0
troy_cady,0.0,0.0,0.0,0.0,0,0,0,0.0,0.0,0.0,0,0,0,0,0,0.0,7,6,0,0,0.0,0.0,2026-10-05,2026-10-09,2026-W41,0.0,troy_cady,0
ravepositive,0.0,0.0,0.0,0.0,0,0,0,0.0,0.0,0.0,0,1,1,1,1,0.0029,343,321,0,0,0.0,0.0,2026-10-05,2026-10-09,2026-W41,5.0,ravepositive,1
ilikepapper,0.0,0.0,0.0,0.0,0,0,0,0.0,0.0,0.0,0,0,0,0,0,0.0,36,25,0,0,0.0,0.0,2026-10-05,2026-10-09,2026-W41,0.0,ilikepapper,0
itsjustanotherangie,0.0,0.0,0.0,0.0,0,0,0,0.0,0.0,0.0,0,0,0,0,0,0.0,2,0,0,0,0.0,0.0,2026-10-05,2026-10-09,2026-W41,0.0,itsjustanotherangie,0
spectrum_mamaa,0.0,0.0,0.0,0.0,0,0,0,0.0,0.0,0.0,0,0,0,0,0,0.0,1,0,0,0,0.0,0.0,2026-10-05,2026-10-09,2026-W41,0.0,spectrum_mamaa,0
cashforcars401,0.0,0.0,0.0,0.0,0,0,0,0.0,0.0,0.0,0,0,0,0,0,0.0,38,33,0,0,0.0,0.0,2026-10-05,2026-10-09,2026-W41,0.0,cashforcars401,0
teresaallen966,0.0,0.0,0.0,0.0,0,0,0,0.0,0.0,0.0,0,0,0,1,0,0.0,0,0,0,0,0.0,0.0,2026-10-05,2026-10-09,2026-W41,5.0,teresaallen966,0
elygalvao12,0.0,0.0,0.0,0.0,0,0,0,0.0,0.0,0.0,0,1,0,1,1,0.0,114,69,0,0,0.0,0.0,2026-10-05,2026-10-09,2026-W41,5.0,elygalvao12,1
tentlife69backup,0.0,0.0,0.0,0.0,0,0,0,0.0,0.0,0.0,0,0,0,0,0,0.0,4,0,0,0,0.0,0.0,2026-10-05,2026-10-09,2026-W41,0.0,tentlife69backup,0
nola_whit,0.0,0.0,0.0,0.0,0,0,0,0.0,0.0,0.0,0,0,0,0,0,0.0,5,5,0,0,0.0,0.0,2026-10-05,2026-10-09,2026-W41,0.0,nola_whit,0
cruisincatlady,0.0,0.0,0.0,0.0,0,0,0,0.0,0.0,0.0,0,0,0,0,0,0.0,0,0,0,0,0.0,0.0,2026-10-05,2026-10-09,2026-W41,0.0,cruisincatlady,0
michellerene,0.0,0.0,0.0,0.0,0,0,0,0.0,0.0,0.0,0,0,0,0,0,0.11109999999999999,9,7,0,0,0.0,0.0,2026-10-05,2026-10-09,2026-W41,0.0,michellerene,0
maribel.girlmom,0.0,0.0,0.0,0.0,0,0,0,0.0,0.0,0.0,0,0,0,0,0,0.0,0,0,0,0,0.0,0.0,2026-10-05,2026-10-09,2026-W41,0.0,maribel.girlmom,0
onthecollar,0.0,0.0,0.0,0.0,0,0,0,0.0,0.0,0.0,0,0,0,2,0,0.0,0,0,0,0,0.0,0.0,2026-10-05,2026-10-09,2026-W41,10.0,onthecollar,0
queendeedees,0.0,0.0,0.0,0.0,0,0,0,0.0,0.0,0.0,0,0,0,0,0,0.0,1,0,0,0,0.0,0.0,2026-10-05,2026-10-09,2026-W41,0.0,queendeedees,0
qdaddy2021,0.0,0.0,0.0,0.0,0,0,0,0.0,0.0,0.0,0,0,0,1,0,0.0,0,0,0,0,0.0,0.0,2026-10-05,2026-10-09,2026-W41,5.0,qdaddy2021,0
baybeauty79,0.0,0.0,0.0,0.0,0,0,0,0.0,0.0,0.0,0,0,0,0,0,0.0,3,0,0,0,0.0,0.0,2026-10-05,2026-10-09,2026-W41,0.0,baybeauty79,0
finleytalksaboutit,0.0,0.0,0.0,0.0,0,0,0,0.0,0.0,0.0,0,0,0,0,0,0.0,0,0,0,0,0.0,0.0,2026-10-05,2026-10-09,2026-W41,0.0,finleytalksaboutit,0
s.evanjelina,0.0,0.0,0.0,0.0,0,0,0,0.0,0.0,0.0,0,0,0,0,0,0.0,0,0,0,0,0.0,0.0,2026-10-05,2026-10-09,2026-W41,0.0,s.evanjelina,0
luv.hxnnxh,0.0,0.0,0.0,0.0,0,0,0,0.0,0.0,0.0,0,0,0,0,0,0.0,12,13,0,0,0.0,0.0,2026-10-05,2026-10-09,2026-W41,0.0,luv.hxnnxh,0
muscle_dad,0.0,0.0,0.0,0.0,0,0,0,0.0,0.0,0.0,0,0,0,0,0,0.0,1,0,0,0,0.0,0.0,2026-10-05,2026-10-09,2026-W41,0.0,muscle_dad,0
kurly.recomienda,0.0,0.0,0.0,0.0,0,0,0,0.0,0.0,0.0,0,0,0,0,0,0.0,3,1,0,0,0.0,0.0,2026-10-05,2026-10-09,2026-W41,0.0,kurly.recomienda,0
taniyatniya,0.0,0.0,0.0,0.0,0,0,0,0.0,0.0,0.0,0,0,0,1,0,0.0,0,0,0,0,0.0,0.0,2026-10-05,2026-10-09,2026-W41,5.0,taniyatniya,0
erika.withak,0.0,0.0,0.0,0.0,0,0,0,0.0,0.0,0.0,0,0,0,0,0,0.0,7,0,0,0,0.0,0.0,2026-10-05,2026-10-09,2026-W41,0.0,erika.withak,0
bnuttbutter,0.0,0.0,0.0,0.0,0,0,0,0.0,0.0,0.0,0,0,0,0,0,0.0,1,0,0,0,0.0,0.0,2026-10-05,2026-10-09,2026-W41,0.0,bnuttbutter,0
nancyramosrizo199625,0.0,0.0,0.0,0.0,0,0,0,0.0,0.0,0.0,0,0,0,0,0,0.0,56,55,0,0,0.0,0.0,2026-10-05,2026-10-09,2026-W41,0.0,nancyramosrizo199625,0
judiith_dey,0.0,0.0,0.0,0.0,0,0,0,0.0,0.0,0.0,0,0,0,0,0,0.0137,73,63,0,0,0.0,0.0,2026-10-05,2026-10-09,2026-W41,0.0,judiith_dey,0
liyahlaurent,0.0,0.0,0.0,0.0,0,0,0,0.0,0.0,0.0,0,0,0,1,0,0.0,0,0,0,0,0.0,0.0,2026-10-05,2026-10-09,2026-W41,5.0,liyahlaurent,0
goddess_dsm,0.0,0.0,0.0,0.0,0,0,0,0.0,0.0,0.0,0,1,0,1,1,0.0045000000000000005,223,200,0,0,0.0,0.0,2026-10-05,2026-10-09,2026-W41,5.0,goddess_dsm,1
theclumsiestgirl,0.0,0.0,0.0,0.0,0,0,0,0.0,0.0,0.0,0,0,0,0,0,0.0,0,0,0,0,0.0,0.0,2026-10-05,2026-10-09,2026-W41,0.0,theclumsiestgirl,0
cashville_1975,0.0,0.0,0.0,0.0,0,0,0,0.0,0.0,0.0,0,0,0,0,0,0.33270000000000005,2699,2384,0,0,0.0,0.0,2026-10-05,2026-10-09,2026-W41,0.0,cashville_1975,0
cannamamataytay42o,0.0,0.0,0.0,0.0,0,0,0,0.0,0.0,0.0,0,0,0,1,0,0.0,0,0,0,0,0.0,0.0,2026-10-05,2026-10-09,2026-W41,5.0,cannamamataytay42o,0
felipetorres.18,0.0,0.0,0.0,0.0,0,0,0,0.0,0.0,0.0,0,2,2,0,2,0.0125,638,607,0,0,0.0,0.0,2026-10-05,2026-10-09,2026-W41,0.0,felipetorres.18,2
homeplugnate,0.0,0.0,0.0,0.0,0,0,0,0.0,0.0,0.0,1,0,1,1,1,0.0,12,0,0,0,0.0,0.0,2026-10-05,2026-10-09,2026-W41,5.0,homeplugnate,1
snowinthesouth,0.0,0.0,0.0,0.0,0,0,0,0.0,0.0,0.0,0,1,1,1,1,0.0077,390,354,0,0,0.0,0.0,2026-10-05,2026-10-09,2026-W41,5.0,snowinthesouth,1
shinyquicknails,0.0,0.0,0.0,0.0,0,0,0,0.0,0.0,0.0,0,0,0,1,0,0.0,0,0,0,0,0.0,0.0,2026-10-05,2026-10-09,2026-W41,5.0,shinyquicknails,0
jokersgrl87,0.0,0.0,0.0,0.0,0,0,0,0.0,0.0,0.0,1,0,0,1,1,0.047599999999999996,84,0,0,0,0.0,0.0,2026-10-05,2026-10-09,2026-W41,5.0,jokersgrl87,1
cali_born72,0.0,0.0,0.0,0.0,0,0,0,0.0,0.0,0.0,0,0,0,0,0,0.0,4,0,0,0,0.0,0.0,2026-10-05,2026-10-09,2026-W41,0.0,cali_born72,0
dex31380,0.0,0.0,0.0,0.0,0,0,0,0.0,0.0,0.0,0,0,0,0,0,0.0,1,0,0,0,0.0,0.0,2026-10-05,2026-10-09,2026-W41,0.0,dex31380,0
nayibe8812,0.0,0.0,0.0,0.0,0,0,0,0.0,0.0,0.0,0,0,0,1,0,0.0,0,0,0,0,0.0,0.0,2026-10-05,2026-10-09,2026-W41,5.0,nayibe8812,0
francomelendez1738,0.0,0.0,0.0,0.0,0,0,0,0.0,0.0,0.0,0,0,0,0,0,0.0,2,0,0,0,0.0,0.0,2026-10-05,2026-10-09,2026-W41,0.0,francomelendez1738,0
reannaprui,0.0,0.0,0.0,0.0,0,0,0,0.0,0.0,0.0,0,0,0,1,0,0.0,0,0,0,0,0.0,0.0,2026-10-05,2026-10-09,2026-W41,5.0,reannaprui,0
bjmorris23,0.0,0.0,0.0,0.0,0,0,0,0.0,0.0,0.0,0,0,0,0,0,0.0,2,0,0,0,0.0,0.0,2026-10-05,2026-10-09,2026-W41,0.0,bjmorris23,0
lcgoddid_11,0.0,0.0,0.0,0.0,0,0,0,0.0,0.0,0.0,0,0,0,0,0,0.0,0,0,0,0,0.0,0.0,2026-10-05,2026-10-09,2026-W41,0.0,lcgoddid_11,0
cloud125p,0.0,0.0,0.0,0.0,0,0,0,0.0,0.0,0.0,0,0,0,1,0,0.0,0,0,0,0,0.0,0.0,2026-10-05,2026-10-09,2026-W41,5.0,cloud125p,0
jpip98,0.0,0.0,0.0,0.0,0,0,0,0.0,0.0,0.0,0,0,0,0,0,0.0,5,6,0,0,0.0,0.0,2026-10-05,2026-10-09,2026-W41,0.0,jpip98,0
mamajcreates,0.0,0.0,0.0,0.0,0,0,0,0.0,0.0,0.0,0,1,1,1,1,0.0,5,2,0,0,0.0,0.0,2026-10-05,2026-10-09,2026-W41,5.0,mamajcreates,1
mariamfernandez277,0.0,0.0,0.0,0.0,0,0,0,0.0,0.0,0.0,0,1,1,1,1,0.0356,337,375,0,0,0.0,0.0,2026-10-05,2026-10-09,2026-W41,5.0,mariamfernandez277,1
stephaniebighamwriter,0.0,0.0,0.0,0.0,0,0,0,0.0,0.0,0.0,0,1,1,0,1,0.009000000000000001,556,498,0,0,0.0,0.0,2026-10-05,2026-10-09,2026-W41,0.0,stephaniebighamwriter,1
pugmamaanne,0.0,0.0,0.0,0.0,0,0,0,0.0,0.0,0.0,0,0,0,0,0,0.0,1,0,0,0,0.0,0.0,2026-10-05,2026-10-09,2026-W41,0.0,pugmamaanne,0
atomic_ave,0.0,0.0,0.0,0.0,0,0,0,0.0,0.0,0.0,0,0,0,0,0,0.0,1,1,0,0,0.0,0.0,2026-10-05,2026-10-09,2026-W41,0.0,atomic_ave,0
wanderoveryonder22,0.0,0.0,0.0,0.0,0,0,0,0.0,0.0,0.0,0,1,1,1,1,0.0287,349,333,0,0,0.0,0.0,2026-10-05,2026-10-09,2026-W41,5.0,wanderoveryonder22,1
nepa_bullies,0.0,0.0,0.0,0.0,0,0,0,0.0,0.0,0.0,0,0,0,0,0,0.0,72,47,0,0,0.0,0.0,2026-10-05,2026-10-09,2026-W41,0.0,nepa_bullies,0
marante_linet,0.0,0.0,0.0,0.0,0,0,0,0.0,0.0,0.0,0,0,0,0,0,0.0,2,0,0,0,0.0,0.0,2026-10-05,2026-10-09,2026-W41,0.0,marante_linet,0
pinky_fled99,0.0,0.0,0.0,0.0,0,0,0,0.0,0.0,0.0,0,0,0,0,0,0.0,1,0,0,0,0.0,0.0,2026-10-05,2026-10-09,2026-W41,0.0,pinky_fled99,0
positivethoughtsoftheday,0.0,0.0,0.0,0.0,0,0,0,0.0,0.0,0.0,0,0,0,0,0,0.0,9,0,0,0,0.0,0.0,2026-10-05,2026-10-09,2026-W41,0.0,positivethoughtsoftheday,0
angiemarieandcody,0.0,0.0,0.0,0.0,0,0,0,0.0,0.0,0.0,0,0,0,1,0,0.0,0,0,0,0,0.0,0.0,2026-10-05,2026-10-09,2026-W41,5.0,angiemarieandcody,0
lunanmoonwalker,0.0,0.0,0.0,0.0,0,0,0,0.0,0.0,0.0,1,0,1,1,1,0.0,0,0,0,0,0.0,0.0,2026-10-05,2026-10-09,2026-W41,5.0,lunanmoonwalker,1
wyrickshop,0.0,0.0,0.0,0.0,0,0,0,0.0,0.0,0.0,1,1,2,1,1,0.0748,147,62,0,0,0.0,0.0,2026-10-05,2026-10-09,2026-W41,5.0,wyrickshop,2
jbear4455,0.0,0.0,0.0,0.0,0,0,0,0.0,0.0,0.0,0,0,0,1,0,0.0,0,0,0,0,0.0,0.0,2026-10-05,2026-10-09,2026-W41,5.0,jbear4455,0
brandiputmeon,0.0,0.0,0.0,0.0,0,0,0,0.0,0.0,0.0,0,0,0,0,0,0.009899999999999999,203,204,0,0,0.0,0.0,2026-10-05,2026-10-09,2026-W41,0.0,brandiputmeon,0
rubyandsalem,0.0,0.0,0.0,0.0,0,0,0,0.0,0.0,0.0,0,0,0,0,0,0.0,1,0,0,0,0.0,0.0,2026-10-05,2026-10-09,2026-W41,0.0,rubyandsalem,0
cloverlane1111,0.0,0.0,0.0,0.0,0,0,0,0.0,0.0,0.0,0,0,0,0,0,0.0,1,0,0,0,0.0,0.0,2026-10-05,2026-10-09,2026-W41,0.0,cloverlane1111,0
lando_nation0,0.0,0.0,0.0,0.0,0,0,0,0.0,0.0,0.0,0,0,0,0,0,0.0,10,0,0,0,0.0,0.0,2026-10-05,2026-10-09,2026-W41,0.0,lando_nation0,0
amandastanton689,0.0,0.0,0.0,0.0,0,0,0,0.0,0.0,0.0,0,0,0,1,0,0.0,1,0,0,0,0.0,0.0,2026-10-05,2026-10-09,2026-W41,5.0,amandastanton689,0
violeta.boanta,0.0,0.0,0.0,0.0,0,0,0,0.0,0.0,0.0,0,1,1,1,1,0.0032,313,298,0,0,0.0,0.0,2026-10-05,2026-10-09,2026-W41,5.0,violeta.boanta,1
draxandcompany,0.0,0.0,0.0,0.0,0,0,0,0.0,0.0,0.0,0,0,0,0,0,0.0,34,34,0,0,0.0,0.0,2026-10-05,2026-10-09,2026-W41,0.0,draxandcompany,0
vanltoney,0.0,0.0,0.0,0.0,0,0,0,0.0,0.0,0.0,0,1,0,1,1,0.018500000000000003,325,294,0,0,0.0,0.0,2026-10-05,2026-10-09,2026-W41,5.0,vanltoney,1
momgetsthrifty,0.0,0.0,0.0,0.0,0,0,0,0.0,0.0,0.0,0,1,1,1,1,0.0,323,316,0,0,0.0,0.0,2026-10-05,2026-10-09,2026-W41,5.0,momgetsthrifty,1
janiry33,0.0,0.0,0.0,0.0,0,0,0,0.0,0.0,0.0,0,0,1,0,0,0.0556,18,19,0,0,0.0,0.0,2026-10-05,2026-10-09,2026-W41,0.0,janiry33,0
emmy_kissinger,0.0,0.0,0.0,0.0,0,0,0,0.0,0.0,0.0,0,1,1,1,1,0.005600000000000001,359,350,0,0,0.0,0.0,2026-10-05,2026-10-09,2026-W41,5.0,emmy_kissinger,1
dshelties,0.0,0.0,0.0,0.0,0,0,0,0.0,0.0,0.0,0,0,0,0,0,0.0,1,0,0,0,0.0,0.0,2026-10-05,2026-10-09,2026-W41,0.0,dshelties,0
two52309,0.0,0.0,0.0,0.0,0,0,0,0.0,0.0,0.0,0,0,0,0,0,0.0,1,1,0,0,0.0,0.0,2026-10-05,2026-10-09,2026-W41,0.0,two52309,0
tiffshopssoyoudonthave2,0.0,0.0,0.0,0.0,0,0,0,0.0,0.0,0.0,0,0,0,1,0,0.0,0,0,0,0,0.0,0.0,2026-10-05,2026-10-09,2026-W41,5.0,tiffshopssoyoudonthave2,0
colleenglowwithme,0.0,0.0,0.0,0.0,0,0,0,0.0,0.0,0.0,0,1,0,1,1,0.006999999999999999,142,131,0,0,0.0,0.0,2026-10-05,2026-10-09,2026-W41,5.0,colleenglowwithme,1
hemapathak91,0.0,0.0,0.0,0.0,0,0,0,0.0,0.0,0.0,0,0,0,1,0,0.0345,29,0,0,0,0.0,0.0,2026-10-05,2026-10-09,2026-W41,5.0,hemapathak91,0
erica4345,0.0,0.0,0.0,0.0,0,0,0,0.0,0.0,0.0,0,0,0,0,0,0.0,1,1,0,0,0.0,0.0,2026-10-05,2026-10-09,2026-W41,0.0,erica4345,0
redmariposa509,0.0,0.0,0.0,0.0,0,0,0,0.0,0.0,0.0,0,0,0,0,0,0.0,2,2,0,0,0.0,0.0,2026-10-05,2026-10-09,2026-W41,0.0,redmariposa509,0
yalimulet,0.0,0.0,0.0,0.0,0,0,0,0.0,0.0,0.0,0,0,0,0,0,0.0,1,0,0,0,0.0,0.0,2026-10-05,2026-10-09,2026-W41,0.0,yalimulet,0
yuliet_parasiempre,0.0,0.0,0.0,0.0,0,0,0,0.0,0.0,0.0,0,2,1,1,1,0.068,147,107,0,0,0.0,0.0,2026-10-05,2026-10-09,2026-W41,5.0,yuliet_parasiempre,2
my_blessed_life,0.0,0.0,0.0,0.0,0,0,0,0.0,0.0,0.0,0,1,1,0,1,0.0028000000000000004,351,331,0,0,0.0,0.0,2026-10-05,2026-10-09,2026-W41,0.0,my_blessed_life,1
liz_castro1984,0.0,0.0,0.0,0.0,0,0,0,0.0,0.0,0.0,0,0,0,0,0,0.0,0,0,0,0,0.0,0.0,2026-10-05,2026-10-09,2026-W41,0.0,liz_castro1984,0
eenerz,0.0,0.0,0.0,0.0,0,0,0,0.0,0.0,0.0,0,0,0,1,0,0.0,0,0,0,0,0.0,0.0,2026-10-05,2026-10-09,2026-W41,5.0,eenerz,0
ggeddiee,0.0,0.0,0.0,0.0,0,0,0,0.0,0.0,0.0,0,0,0,0,0,0.0,3,0,0,0,0.0,0.0,2026-10-05,2026-10-09,2026-W41,0.0,ggeddiee,0
deyaniracavazos13,0.0,0.0,0.0,0.0,0,0,0,0.0,0.0,0.0,0,1,1,0,1,0.0,138,122,0,0,0.0,0.0,2026-10-05,2026-10-09,2026-W41,0.0,deyaniracavazos13,1
pawspective33,0.0,0.0,0.0,0.0,0,0,0,0.0,0.0,0.0,0,1,1,1,1,0.0161,62,61,0,0,0.0,0.0,2026-10-05,2026-10-09,2026-W41,5.0,pawspective33,1
laura_ann70,0.0,0.0,0.0,0.0,0,0,0,0.0,0.0,0.0,0,0,0,0,0,0.0,6,6,0,0,0.0,0.0,2026-10-05,2026-10-09,2026-W41,0.0,laura_ann70,0
lunastoys69,0.0,0.0,0.0,0.0,0,0,0,0.0,0.0,0.0,0,0,0,0,0,0.4167,12,11,0,0,0.0,0.0,2026-10-05,2026-10-09,2026-W41,0.0,lunastoys69,0
tikbuy_,0.0,0.0,0.0,0.0,0,0,0,0.0,0.0,0.0,0,0,0,0,0,0.0,3,3,0,0,0.0,0.0,2026-10-05,2026-10-09,2026-W41,0.0,tikbuy_,0
candimora9,0.0,0.0,0.0,0.0,0,0,0,0.0,0.0,0.0,0,0,0,0,0,0.0,0,0,0,0,0.0,0.0,2026-10-05,2026-10-09,2026-W41,0.0,candimora9,0
trichedunn,0.0,0.0,0.0,0.0,0,0,0,0.0,0.0,0.0,0,0,0,0,0,0.0,10,0,0,0,0.0,0.0,2026-10-05,2026-10-09,2026-W41,0.0,trichedunn,0
sarahmiskam,0.0,0.0,0.0,0.0,0,0,0,0.0,0.0,0.0,0,2,2,2,1,0.0066,1212,1103,0,0,0.0,0.0,2026-10-05,2026-10-09,2026-W41,10.0,sarahmiskam,2
lorenacastro1999,0.0,0.0,0.0,0.0,0,0,0,0.0,0.0,0.0,0,0,0,0,0,0.0,0,0,0,0,0.0,0.0,2026-10-05,2026-10-09,2026-W41,0.0,lorenacastro1999,0
bbmeowbiome,0.0,0.0,0.0,0.0,0,0,0,0.0,0.0,0.0,0,0,0,1,0,0.0,0,0,0,0,0.0,0.0,2026-10-05,2026-10-09,2026-W41,5.0,bbmeowbiome,0
tamisweeten,0.0,0.0,0.0,0.0,0,0,0,0.0,0.0,0.0,0,2,2,2,1,0.0197,558,547,0,0,0.0,0.0,2026-10-05,2026-10-09,2026-W41,10.0,tamisweeten,2
livesimplelovehard0,0.0,0.0,0.0,0.0,0,0,0,0.0,0.0,0.0,0,0,0,0,0,0.0,8,6,0,0,0.0,0.0,2026-10-05,2026-10-09,2026-W41,0.0,livesimplelovehard0,0
ellievettechie,0.0,0.0,0.0,0.0,0,0,0,0.0,0.0,0.0,0,1,1,1,1,0.011899999999999999,335,313,0,0,0.0,0.0,2026-10-05,2026-10-09,2026-W41,5.0,ellievettechie,1
tori.inwonderland,0.0,0.0,0.0,0.0,0,0,0,0.0,0.0,0.0,0,0,0,0,0,0.0,0,0,0,0,0.0,0.0,2026-10-05,2026-10-09,2026-W41,0.0,tori.inwonderland,0
mommakylia,0.0,0.0,0.0,0.0,0,0,0,0.0,0.0,0.0,0,0,0,0,0,0.0,4,3,0,0,0.0,0.0,2026-10-05,2026-10-09,2026-W41,0.0,mommakylia,0
condomofcoke,0.0,0.0,0.0,0.0,0,0,0,0.0,0.0,0.0,0,0,0,0,0,0.0,1,0,0,0,0.0,0.0,2026-10-05,2026-10-09,2026-W41,0.0,condomofcoke,0
timmychoo_,0.0,0.0,0.0,0.0,0,0,0,0.0,0.0,0.0,0,0,0,0,0,0.0,2,0,0,0,0.0,0.0,2026-10-05,2026-10-09,2026-W41,0.0,timmychoo_,0
waterworks1122,0.0,0.0,0.0,0.0,0,0,0,0.0,0.0,0.0,0,0,0,0,0,0.0,6,5,0,0,0.0,0.0,2026-10-05,2026-10-09,2026-W41,0.0,waterworks1122,0
reoandreign,0.0,0.0,0.0,0.0,0,0,0,0.0,0.0,0.0,0,0,0,0,0,0.0,2,0,0,0,0.0,0.0,2026-10-05,2026-10-09,2026-W41,0.0,reoandreign,0
jorlinarzola,0.0,0.0,0.0,0.0,0,0,0,0.0,0.0,0.0,0,0,0,0,0,0.0,5,0,0,0,0.0,0.0,2026-10-05,2026-10-09,2026-W41,0.0,jorlinarzola,0
roxannakemppainen,0.0,0.0,0.0,0.0,0,0,0,0.0,0.0,0.0,0,0,0,1,0,0.0,8,0,0,0,0.0,0.0,2026-10-05,2026-10-09,2026-W41,5.0,roxannakemppainen,0
hey.its.dianaaa,0.0,0.0,0.0,0.0,0,0,0,0.0,0.0,0.0,0,0,0,0,0,0.0,0,0,0,0,0.0,0.0,2026-10-05,2026-10-09,2026-W41,0.0,hey.its.dianaaa,0
thisoldthing2,0.0,0.0,0.0,0.0,0,0,0,0.0,0.0,0.0,0,1,1,1,1,0.009000000000000001,445,420,0,0,0.0,0.0,2026-10-05,2026-10-09,2026-W41,5.0,thisoldthing2,1
shop_with_jadee,0.0,0.0,0.0,0.0,0,0,0,0.0,0.0,0.0,0,0,0,0,0,0.0,0,0,0,0,0.0,0.0,2026-10-05,2026-10-09,2026-W41,0.0,shop_with_jadee,0
codykurtz22,0.0,0.0,0.0,0.0,0,0,0,0.0,0.0,0.0,0,0,0,1,0,0.0,0,0,0,0,0.0,0.0,2026-10-05,2026-10-09,2026-W41,5.0,codykurtz22,0
rescue_pet_collective,0.0,0.0,0.0,0.0,0,0,0,0.0,0.0,0.0,0,0,0,0,0,0.0,1,1,0,0,0.0,0.0,2026-10-05,2026-10-09,2026-W41,0.0,rescue_pet_collective,0
amyxclusive77,0.0,0.0,0.0,0.0,0,0,0,0.0,0.0,0.0,0,0,0,1,0,0.0,0,0,0,0,0.0,0.0,2026-10-05,2026-10-09,2026-W41,5.0,amyxclusive77,0
elmoandluna,0.0,0.0,0.0,0.0,0,0,0,0.0,0.0,0.0,0,0,0,1,0,0.0,1,0,0,0,0.0,0.0,2026-10-05,2026-10-09,2026-W41,5.0,elmoandluna,0
joshfrisbie763,0.0,0.0,0.0,0.0,0,0,0,0.0,0.0,0.0,0,0,0,0,0,0.0,23,17,0,0,0.0,0.0,2026-10-05,2026-10-09,2026-W41,0.0,joshfrisbie763,0
marykayrestep2,0.0,0.0,0.0,0.0,0,0,0,0.0,0.0,0.0,2,0,0,0,1,0.0,9,0,0,0,0.0,0.0,2026-10-05,2026-10-09,2026-W41,0.0,marykayrestep2,2
millennialmama411,0.0,0.0,0.0,0.0,0,0,0,0.0,0.0,0.0,0,0,0,0,0,0.0,1,1,0,0,0.0,0.0,2026-10-05,2026-10-09,2026-W41,0.0,millennialmama411,0
grownupdish,0.0,0.0,0.0,0.0,0,0,0,0.0,0.0,0.0,0,0,0,0,0,0.0,3,3,0,0,0.0,0.0,2026-10-05,2026-10-09,2026-W41,0.0,grownupdish,0
zoebarbiedoll,0.0,0.0,0.0,0.0,0,0,0,0.0,0.0,0.0,0,1,0,0,1,0.0202,2924,2764,0,0,0.0,0.0,2026-10-05,2026-10-09,2026-W41,0.0,zoebarbiedoll,1
helenecrumley,0.0,0.0,0.0,0.0,0,0,0,0.0,0.0,0.0,0,0,0,0,0,0.0,2,2,0,0,0.0,0.0,2026-10-05,2026-10-09,2026-W41,0.0,helenecrumley,0
thebrowndogblog,0.0,0.0,0.0,0.0,0,0,0,0.0,0.0,0.0,0,0,0,0,0,0.0,0,0,0,0,0.0,0.0,2026-10-05,2026-10-09,2026-W41,0.0,thebrowndogblog,0
wildflowerbritt1,0.0,0.0,0.0,0.0,0,0,0,0.0,0.0,0.0,0,0,0,0,0,0.0,0,0,0,0,0.0,0.0,2026-10-05,2026-10-09,2026-W41,0.0,wildflowerbritt1,0
strom.diy,0.0,0.0,0.0,0.0,0,0,0,0.0,0.0,0.0,0,0,3,0,0,0.0163,1041,972,0,0,0.0,0.0,2026-10-05,2026-10-09,2026-W41,0.0,strom.diy,0
shorkiebros,0.0,0.0,0.0,0.0,0,0,0,0.0,0.0,0.0,0,0,0,0,0,0.0,10,7,0,0,0.0,0.0,2026-10-05,2026-10-09,2026-W41,0.0,shorkiebros,0
joyceadavis1210,0.0,0.0,0.0,0.0,0,0,0,0.0,0.0,0.0,0,0,0,0,0,0.0,1,1,0,0,0.0,0.0,2026-10-05,2026-10-09,2026-W41,0.0,joyceadavis1210,0
lifewithmelsies,0.0,0.0,0.0,0.0,0,0,0,0.0,0.0,0.0,0,0,0,0,0,0.0,6,6,0,0,0.0,0.0,2026-10-05,2026-10-09,2026-W41,0.0,lifewithmelsies,0
jedibamf,0.0,0.0,0.0,0.0,0,0,0,0.0,0.0,0.0,0,1,0,1,1,0.0,0,0,0,0,0.0,0.0,2026-10-05,2026-10-09,2026-W41,5.0,jedibamf,1
the_furtastic_5,0.0,0.0,0.0,0.0,0,0,0,0.0,0.0,0.0,0,0,0,0,0,0.0,6,6,0,0,0.0,0.0,2026-10-05,2026-10-09,2026-W41,0.0,the_furtastic_5,0
lianella.verdugo,0.0,0.0,0.0,0.0,0,0,0,0.0,0.0,0.0,0,0,0,0,0,0.0,4,2,0,0,0.0,0.0,2026-10-05,2026-10-09,2026-W41,0.0,lianella.verdugo,0
jessperbostons,0.0,0.0,0.0,0.0,0,0,0,0.0,0.0,0.0,0,0,0,0,0,0.07690000000000001,13,13,0,0,0.0,0.0,2026-10-05,2026-10-09,2026-W41,0.0,jessperbostons,0
sasha.staffy.pit,0.0,0.0,0.0,0.0,0,0,0,0.0,0.0,0.0,0,0,0,0,0,0.0,1,1,0,0,0.0,0.0,2026-10-05,2026-10-09,2026-W41,0.0,sasha.staffy.pit,0
montana_miles_,0.0,0.0,0.0,0.0,0,0,0,0.0,0.0,0.0,0,0,0,0,0,0.0,3,3,0,0,0.0,0.0,2026-10-05,2026-10-09,2026-W41,0.0,montana_miles_,0
imjustherrrrrr,0.0,0.0,0.0,0.0,0,0,0,0.0,0.0,0.0,0,2,2,1,1,0.0025,397,362,0,0,0.0,0.0,2026-10-05,2026-10-09,2026-W41,5.0,imjustherrrrrr,2
alejox1940,0.0,0.0,0.0,0.0,0,0,0,0.0,0.0,0.0,0,1,1,1,1,0.003,335,321,0,0,0.0,0.0,2026-10-05,2026-10-09,2026-W41,5.0,alejox1940,1
toyscraftsunboxed,0.0,0.0,0.0,0.0,0,0,0,0.0,0.0,0.0,0,1,1,1,1,0.01,401,362,0,0,0.0,0.0,2026-10-05,2026-10-09,2026-W41,5.0,toyscraftsunboxed,1
joss_poveda,0.0,0.0,0.0,0.0,0,0,0,0.0,0.0,0.0,0,0,0,0,0,0.0,5,3,0,0,0.0,0.0,2026-10-05,2026-10-09,2026-W41,0.0,joss_poveda,0
hybrid_bully,0.0,0.0,0.0,0.0,0,0,0,0.0,0.0,0.0,0,0,0,0,0,0.0,6,4,0,0,0.0,0.0,2026-10-05,2026-10-09,2026-W41,0.0,hybrid_bully,0
milkacalvoherrera,0.0,0.0,0.0,0.0,0,0,0,0.0,0.0,0.0,0,0,0,0,0,0.0,11,4,0,0,0.0,0.0,2026-10-05,2026-10-09,2026-W41,0.0,milkacalvoherrera,0
theebakingbelle,0.0,0.0,0.0,0.0,0,0,0,0.0,0.0,0.0,0,0,0,1,0,0.0,0,0,0,0,0.0,0.0,2026-10-05,2026-10-09,2026-W41,5.0,theebakingbelle,0
itsjordanrae,0.0,0.0,0.0,0.0,0,0,0,0.0,0.0,0.0,0,0,0,2,0,0.0,0,0,0,0,0.0,0.0,2026-10-05,2026-10-09,2026-W41,10.0,itsjordanrae,0
lianet053r,0.0,0.0,0.0,0.0,0,0,0,0.0,0.0,0.0,0,0,0,0,0,0.0,1,0,0,0,0.0,0.0,2026-10-05,2026-10-09,2026-W41,0.0,lianet053r,0
kimsrealreels,0.0,0.0,0.0,0.0,0,0,0,0.0,0.0,0.0,0,2,2,1,1,0.005600000000000001,178,179,0,0,0.0,0.0,2026-10-05,2026-10-09,2026-W41,5.0,kimsrealreels,2
gena_mariee,0.0,0.0,0.0,0.0,0,0,0,0.0,0.0,0.0,0,0,0,0,0,0.0,36,1,0,0,0.0,0.0,2026-10-05,2026-10-09,2026-W41,0.0,gena_mariee,0
nicksttshop,0.0,0.0,0.0,0.0,0,0,0,0.0,0.0,0.0,0,1,1,1,1,0.0,94,84,0,0,0.0,0.0,2026-10-05,2026-10-09,2026-W41,5.0,nicksttshop,1
thundersharkcats,0.0,0.0,0.0,0.0,0,0,0,0.0,0.0,0.0,0,0,0,1,0,0.0,0,0,0,0,0.0,0.0,2026-10-05,2026-10-09,2026-W41,5.0,thundersharkcats,0
elizatalakic,0.0,0.0,0.0,0.0,0,0,0,0.0,0.0,0.0,0,0,0,0,0,0.0,7,4,0,0,0.0,0.0,2026-10-05,2026-10-09,2026-W41,0.0,elizatalakic,0
cutestpompuppy,0.0,0.0,0.0,0.0,0,0,0,0.0,0.0,0.0,0,0,0,1,0,0.0,1,0,0,0,0.0,0.0,2026-10-05,2026-10-09,2026-W41,5.0,cutestpompuppy,0
dadssparetime,0.0,0.0,0.0,0.0,0,0,0,0.0,0.0,0.0,1,0,1,1,1,0.0,40,0,0,0,0.0,0.0,2026-10-05,2026-10-09,2026-W41,5.0,dadssparetime,1
newmoondoll_ragdoll,0.0,0.0,0.0,0.0,0,0,0,0.0,0.0,0.0,0,0,0,0,0,0.0,13,0,0,0,0.0,0.0,2026-10-05,2026-10-09,2026-W41,0.0,newmoondoll_ragdoll,0
sarah_ziko_josh,0.0,0.0,0.0,0.0,0,0,0,0.0,0.0,0.0,0,0,0,1,0,0.0,10,0,0,0,0.0,0.0,2026-10-05,2026-10-09,2026-W41,5.0,sarah_ziko_josh,0
bigereviews,0.0,0.0,0.0,0.0,0,0,0,0.0,0.0,0.0,0,1,1,1,1,0.0034000000000000002,291,289,0,0,0.0,0.0,2026-10-05,2026-10-09,2026-W41,5.0,bigereviews,1
arena_haven,0.0,0.0,0.0,0.0,0,0,0,0.0,0.0,0.0,0,1,0,2,1,0.0435,23,25,0,0,0.0,0.0,2026-10-05,2026-10-09,2026-W41,10.0,arena_haven,1
pickleballqueen88,0.0,0.0,0.0,0.0,0,0,0,0.0,0.0,0.0,0,0,0,0,0,0.0,2,0,0,0,0.0,0.0,2026-10-05,2026-10-09,2026-W41,0.0,pickleballqueen88,0
eatwiththewebsters,0.0,0.0,0.0,0.0,0,0,0,0.0,0.0,0.0,0,0,0,1,0,0.0,0,0,0,0,0.0,0.0,2026-10-05,2026-10-09,2026-W41,5.0,eatwiththewebsters,0
itskristincamacho,0.0,0.0,0.0,0.0,0,0,0,0.0,0.0,0.0,0,0,0,0,0,0.0,1,0,0,0,0.0,0.0,2026-10-05,2026-10-09,2026-W41,0.0,itskristincamacho,0
nelsie.dogtok.tts,0.0,0.0,0.0,0.0,0,0,0,0.0,0.0,0.0,0,0,0,0,0,0.0,1,2,0,0,0.0,0.0,2026-10-05,2026-10-09,2026-W41,0.0,nelsie.dogtok.tts,0
ez_buys,0.0,0.0,0.0,0.0,0,0,0,0.0,0.0,0.0,0,0,0,0,0,0.0,6,2,0,0,0.0,0.0,2026-10-05,2026-10-09,2026-W41,0.0,ez_buys,0
kayladominguez79,0.0,0.0,0.0,0.0,0,0,0,0.0,0.0,0.0,0,0,0,1,0,0.0,5,0,0,0,0.0,0.0,2026-10-05,2026-10-09,2026-W41,5.0,kayladominguez79,0
brittany.baker__,0.0,0.0,0.0,0.0,0,0,0,0.0,0.0,0.0,0,0,0,0,0,0.0,35,32,0,0,0.0,0.0,2026-10-05,2026-10-09,2026-W41,0.0,brittany.baker__,0
thatnats,0.0,0.0,0.0,0.0,0,0,0,0.0,0.0,0.0,0,0,0,0,0,0.0,1,3,0,0,0.0,0.0,2026-10-05,2026-10-09,2026-W41,0.0,thatnats,0
lalatinacamila,0.0,0.0,0.0,0.0,0,0,0,0.0,0.0,0.0,0,0,0,0,0,0.0,0,0,0,0,0.0,0.0,2026-10-05,2026-10-09,2026-W41,0.0,lalatinacamila,0
tiktokt_roy,0.0,0.0,0.0,0.0,0,0,0,0.0,0.0,0.0,0,0,0,0,0,0.0,33,27,0,0,0.0,0.0,2026-10-05,2026-10-09,2026-W41,0.0,tiktokt_roy,0
tbtba.roh,0.0,0.0,0.0,0.0,0,0,0,0.0,0.0,0.0,0,0,0,0,0,0.0,0,0,0,0,0.0,0.0,2026-10-05,2026-10-09,2026-W41,0.0,tbtba.roh,0
angelicavelazquez978,0.0,0.0,0.0,0.0,0,0,0,0.0,0.0,0.0,0,0,0,0,0,0.0,0,0,0,0,0.0,0.0,2026-10-05,2026-10-09,2026-W41,0.0,angelicavelazquez978,0
theanxiousmorkie,0.0,0.0,0.0,0.0,0,0,0,0.0,0.0,0.0,0,0,0,0,0,0.0,1,1,0,0,0.0,0.0,2026-10-05,2026-10-09,2026-W41,0.0,theanxiousmorkie,0
glitznglam.chardye,0.0,0.0,0.0,0.0,0,0,0,0.0,0.0,0.0,0,0,0,0,0,0.0,2,0,0,0,0.0,0.0,2026-10-05,2026-10-09,2026-W41,0.0,glitznglam.chardye,0
kaylanoe15,0.0,0.0,0.0,0.0,0,0,0,0.0,0.0,0.0,0,0,0,0,0,0.0,0,0,0,0,0.0,0.0,2026-10-05,2026-10-09,2026-W41,0.0,kaylanoe15,0
shopwithstefanie,0.0,0.0,0.0,0.0,0,0,0,0.0,0.0,0.0,0,0,0,1,0,0.0,0,0,0,0,0.0,0.0,2026-10-05,2026-10-09,2026-W41,5.0,shopwithstefanie,0
jmartstrendyfinds,0.0,0.0,0.0,0.0,0,0,0,0.0,0.0,0.0,0,0,0,0,0,0.0,1,1,0,0,0.0,0.0,2026-10-05,2026-10-09,2026-W41,0.0,jmartstrendyfinds,0
_alycen,0.0,0.0,0.0,0.0,0,0,0,0.0,0.0,0.0,0,0,0,0,0,0.0,1,0,0,0,0.0,0.0,2026-10-05,2026-10-09,2026-W41,0.0,_alycen,0
ellascoolfinds2026,0.0,0.0,0.0,0.0,0,0,0,0.0,0.0,0.0,0,0,0,2,0,0.0,0,0,0,0,0.0,0.0,2026-10-05,2026-10-09,2026-W41,10.0,ellascoolfinds2026,0
fernalopez9004,0.0,0.0,0.0,0.0,0,0,0,0.0,0.0,0.0,0,0,0,0,0,0.0,5,0,0,0,0.0,0.0,2026-10-05,2026-10-09,2026-W41,0.0,fernalopez9004,0
lorialanaknott,0.0,0.0,0.0,0.0,0,0,0,0.0,0.0,0.0,0,0,0,1,0,1.0,2,0,0,0,0.0,0.0,2026-10-05,2026-10-09,2026-W41,5.0,lorialanaknott,0
ashleythesahmof6,0.0,0.0,0.0,0.0,0,0,0,0.0,0.0,0.0,0,1,1,0,1,0.0143,70,69,0,0,0.0,0.0,2026-10-05,2026-10-09,2026-W41,0.0,ashleythesahmof6,1
porchiarori,0.0,0.0,0.0,0.0,0,0,0,0.0,0.0,0.0,0,0,0,0,0,0.0,2,0,0,0,0.0,0.0,2026-10-05,2026-10-09,2026-W41,0.0,porchiarori,0
karelsshop,0.0,0.0,0.0,0.0,0,0,0,0.0,0.0,0.0,0,0,0,0,0,0.0,6,0,0,0,0.0,0.0,2026-10-05,2026-10-09,2026-W41,0.0,karelsshop,0
judysanderson0,0.0,0.0,0.0,0.0,0,0,0,0.0,0.0,0.0,0,0,0,1,0,0.0,0,0,0,0,0.0,0.0,2026-10-05,2026-10-09,2026-W41,5.0,judysanderson0,0
beautybabe_blossom,0.0,0.0,0.0,0.0,0,0,0,0.0,0.0,0.0,0,0,0,0,0,0.0,2,3,0,0,0.0,0.0,2026-10-05,2026-10-09,2026-W41,0.0,beautybabe_blossom,0
renee.mccartney,0.0,0.0,0.0,0.0,0,0,0,0.0,0.0,0.0,0,0,0,0,0,0.0588,17,11,0,0,0.0,0.0,2026-10-05,2026-10-09,2026-W41,0.0,renee.mccartney,0
greenwood_live,0.0,0.0,0.0,0.0,0,0,0,0.0,0.0,0.0,0,0,0,0,0,0.0,59,40,0,0,0.0,0.0,2026-10-05,2026-10-09,2026-W41,0.0,greenwood_live,0
skcswc,0.0,0.0,0.0,0.0,0,0,0,0.0,0.0,0.0,0,0,0,0,0,0.0,2,0,0,0,0.0,0.0,2026-10-05,2026-10-09,2026-W41,0.0,skcswc,0
starseedlolomusic,0.0,0.0,0.0,0.0,0,0,0,0.0,0.0,0.0,0,0,0,0,0,0.0,10,0,0,0,0.0,0.0,2026-10-05,2026-10-09,2026-W41,0.0,starseedlolomusic,0
joshua013180,0.0,0.0,0.0,0.0,0,0,0,0.0,0.0,0.0,0,1,1,1,1,0.0,102,102,0,0,0.0,0.0,2026-10-05,2026-10-09,2026-W41,5.0,joshua013180,1
kayla_jess940,0.0,0.0,0.0,0.0,0,0,0,0.0,0.0,0.0,0,0,0,0,0,0.0,8,3,0,0,0.0,0.0,2026-10-05,2026-10-09,2026-W41,0.0,kayla_jess940,0
sweetg334903,0.0,0.0,0.0,0.0,0,0,0,0.0,0.0,0.0,0,0,0,1,0,0.0,0,0,0,0,0.0,0.0,2026-10-05,2026-10-09,2026-W41,5.0,sweetg334903,0
filmsboss,0.0,0.0,0.0,0.0,0,0,0,0.0,0.0,0.0,0,1,0,1,1,0.0235,85,75,0,0,0.0,0.0,2026-10-05,2026-10-09,2026-W41,5.0,filmsboss,1
chewwiebumm,0.0,0.0,0.0,0.0,0,0,0,0.0,0.0,0.0,1,0,1,2,1,0.0,12,0,0,0,0.0,0.0,2026-10-05,2026-10-09,2026-W41,10.0,chewwiebumm,1
sleepy.fox.farms,0.0,0.0,0.0,0.0,0,0,0,0.0,0.0,0.0,0,0,0,1,0,0.0,1,0,0,0,0.0,0.0,2026-10-05,2026-10-09,2026-W41,5.0,sleepy.fox.farms,0
moealyse,0.0,0.0,0.0,0.0,0,0,0,0.0,0.0,0.0,0,0,0,0,0,0.0,1,0,0,0,0.0,0.0,2026-10-05,2026-10-09,2026-W41,0.0,moealyse,0
lorena.salinas23,0.0,0.0,0.0,0.0,0,0,0,0.0,0.0,0.0,0,0,0,0,0,0.0,0,0,0,0,0.0,0.0,2026-10-05,2026-10-09,2026-W41,0.0,lorena.salinas23,0
spookystories_bymichelle,0.0,0.0,0.0,0.0,0,0,0,0.0,0.0,0.0,0,0,0,0,0,0.0,1,0,0,0,0.0,0.0,2026-10-05,2026-10-09,2026-W41,0.0,spookystories_bymichelle,0
lisbeth.montero.1,0.0,0.0,0.0,0.0,0,0,0,0.0,0.0,0.0,0,0,0,0,0,0.0,0,0,0,0,0.0,0.0,2026-10-05,2026-10-09,2026-W41,0.0,lisbeth.montero.1,0
bbspoods,0.0,0.0,0.0,0.0,0,0,0,0.0,0.0,0.0,0,0,0,0,0,0.0,3,3,0,0,0.0,0.0,2026-10-05,2026-10-09,2026-W41,0.0,bbspoods,0
nursecindylpn,0.0,0.0,0.0,0.0,0,0,0,0.0,0.0,0.0,0,0,0,0,0,0.0,7,0,0,0,0.0,0.0,2026-10-05,2026-10-09,2026-W41,0.0,nursecindylpn,0
steinysells,0.0,0.0,0.0,0.0,0,0,0,0.0,0.0,0.0,0,1,1,0,1,0.0,112,103,0,0,0.0,0.0,2026-10-05,2026-10-09,2026-W41,0.0,steinysells,1
dayi_oficiall01,0.0,0.0,0.0,0.0,0,0,0,0.0,0.0,0.0,0,0,0,1,0,0.0,0,0,0,0,0.0,0.0,2026-10-05,2026-10-09,2026-W41,5.0,dayi_oficiall01,0
trenditreasures,0.0,0.0,0.0,0.0,0,0,0,0.0,0.0,0.0,0,0,0,0,0,0.0,18,18,0,0,0.0,0.0,2026-10-05,2026-10-09,2026-W41,0.0,trenditreasures,0
chelsearhane,0.0,0.0,0.0,0.0,0,0,0,0.0,0.0,0.0,0,0,0,0,0,0.0,1,1,0,0,0.0,0.0,2026-10-05,2026-10-09,2026-W41,0.0,chelsearhane,0
nicole.brianna_,0.0,0.0,0.0,0.0,0,0,0,0.0,0.0,0.0,0,0,0,1,0,0.0,0,0,0,0,0.0,0.0,2026-10-05,2026-10-09,2026-W41,5.0,nicole.brianna_,0
marina_stevens,0.0,0.0,0.0,0.0,0,0,0,0.0,0.0,0.0,0,1,1,1,1,0.0031,326,301,0,0,0.0,0.0,2026-10-05,2026-10-09,2026-W41,5.0,marina_stevens,1
rubybuy_,0.0,0.0,0.0,0.0,0,0,0,0.0,0.0,0.0,0,0,0,0,0,0.0625,16,6,0,0,0.0,0.0,2026-10-05,2026-10-09,2026-W41,0.0,rubybuy_,0
retiredgrandma3s,0.0,0.0,0.0,0.0,0,0,0,0.0,0.0,0.0,0,0,0,0,0,0.0,5,3,0,0,0.0,0.0,2026-10-05,2026-10-09,2026-W41,0.0,retiredgrandma3s,0
delmyb.3,0.0,0.0,0.0,0.0,0,0,0,0.0,0.0,0.0,0,0,0,0,0,0.0,2,2,0,0,0.0,0.0,2026-10-05,2026-10-09,2026-W41,0.0,delmyb.3,0
crystal.lee.tremb,0.0,0.0,0.0,0.0,0,0,0,0.0,0.0,0.0,0,0,0,0,0,0.0,1,1,0,0,0.0,0.0,2026-10-05,2026-10-09,2026-W41,0.0,crystal.lee.tremb,0
house_of_tiffany_lives,0.0,0.0,0.0,0.0,0,0,0,0.0,0.0,0.0,0,0,0,0,0,0.0,4,4,0,0,0.0,0.0,2026-10-05,2026-10-09,2026-W41,0.0,house_of_tiffany_lives,0
elizabet.hernande3,0.0,0.0,0.0,0.0,0,0,0,0.0,0.0,0.0,0,0,0,0,0,0.0,0,0,0,0,0.0,0.0,2026-10-05,2026-10-09,2026-W41,0.0,elizabet.hernande3,0
kaylee_rollins,0.0,0.0,0.0,0.0,0,0,0,0.0,0.0,0.0,0,1,1,1,1,0.0068000000000000005,147,139,0,0,0.0,0.0,2026-10-05,2026-10-09,2026-W41,5.0,kaylee_rollins,1
charlie202306,0.0,0.0,0.0,0.0,0,0,0,0.0,0.0,0.0,0,0,0,0,0,0.0,2,2,0,0,0.0,0.0,2026-10-05,2026-10-09,2026-W41,0.0,charlie202306,0
loulou_sasha,0.0,0.0,0.0,0.0,0,0,0,0.0,0.0,0.0,0,0,0,0,0,0.0,7,3,0,0,0.0,0.0,2026-10-05,2026-10-09,2026-W41,0.0,loulou_sasha,0
araina_danielle,0.0,0.0,0.0,0.0,0,0,0,0.0,0.0,0.0,0,1,2,1,1,0.0124,323,286,0,0,0.0,0.0,2026-10-05,2026-10-09,2026-W41,5.0,araina_danielle,1
shopthetokwithjess,0.0,0.0,0.0,0.0,0,0,0,0.0,0.0,0.0,0,3,2,2,2,0.0268,149,135,0,0,0.0,0.0,2026-10-05,2026-10-09,2026-W41,10.0,shopthetokwithjess,3
cajunfreediver7,0.0,0.0,0.0,0.0,0,0,0,0.0,0.0,0.0,0,0,0,0,0,0.0,4,4,0,0,0.0,0.0,2026-10-05,2026-10-09,2026-W41,0.0,cajunfreediver7,0
jonnieappleseed5,0.0,0.0,0.0,0.0,0,0,0,0.0,0.0,0.0,0,0,0,1,0,0.0588,17,0,0,0,0.0,0.0,2026-10-05,2026-10-09,2026-W41,5.0,jonnieappleseed5,0
iramommyy,0.0,0.0,0.0,0.0,0,0,0,0.0,0.0,0.0,0,0,0,0,0,0.0,1,1,0,0,0.0,0.0,2026-10-05,2026-10-09,2026-W41,0.0,iramommyy,0
thegoldensoftlife,0.0,0.0,0.0,0.0,0,0,0,0.0,0.0,0.0,1,0,0,0,1,0.0,12,10,0,0,0.0,0.0,2026-10-05,2026-10-09,2026-W41,0.0,thegoldensoftlife,1
arielys_and,0.0,0.0,0.0,0.0,0,0,0,0.0,0.0,0.0,0,0,0,0,0,0.04,50,38,0,0,0.0,0.0,2026-10-05,2026-10-09,2026-W41,0.0,arielys_and,0
minaya.mcconnell,0.0,0.0,0.0,0.0,0,0,0,0.0,0.0,0.0,0,0,0,0,0,0.0,1,1,0,0,0.0,0.0,2026-10-05,2026-10-09,2026-W41,0.0,minaya.mcconnell,0
el.michoacanoofficial,0.0,0.0,0.0,0.0,0,0,0,0.0,0.0,0.0,0,0,0,0,0,0.0,0,0,0,0,0.0,0.0,2026-10-05,2026-10-09,2026-W41,0.0,el.michoacanoofficial,0
raqueld.dg,0.0,0.0,0.0,0.0,0,0,0,0.0,0.0,0.0,0,0,0,0,0,0.0,42,43,0,0,0.0,0.0,2026-10-05,2026-10-09,2026-W41,0.0,raqueld.dg,0
gingergonewild1,0.0,0.0,0.0,0.0,0,0,0,0.0,0.0,0.0,0,0,0,0,0,0.0,2,2,0,0,0.0,0.0,2026-10-05,2026-10-09,2026-W41,0.0,gingergonewild1,0
thehbedit,0.0,0.0,0.0,0.0,0,0,0,0.0,0.0,0.0,1,1,2,1,1,0.0332,301,280,0,0,0.0,0.0,2026-10-05,2026-10-09,2026-W41,5.0,thehbedit,2
emilouwho7,0.0,0.0,0.0,0.0,0,0,0,0.0,0.0,0.0,0,0,0,0,0,0.0,0,0,0,0,0.0,0.0,2026-10-05,2026-10-09,2026-W41,0.0,emilouwho7,0
samitdamnit,0.0,0.0,0.0,0.0,0,0,0,0.0,0.0,0.0,0,1,1,1,1,0.006,168,157,0,0,0.0,0.0,2026-10-05,2026-10-09,2026-W41,5.0,samitdamnit,1
katia_diaz0011,0.0,0.0,0.0,0.0,0,0,0,0.0,0.0,0.0,0,1,1,1,1,0.014199999999999999,211,210,0,0,0.0,0.0,2026-10-05,2026-10-09,2026-W41,5.0,katia_diaz0011,1
ivanthedoberman,0.0,0.0,0.0,0.0,0,0,0,0.0,0.0,0.0,0,0,0,0,0,0.07139999999999999,14,12,0,0,0.0,0.0,2026-10-05,2026-10-09,2026-W41,0.0,ivanthedoberman,0
estilobyyrosa,0.0,0.0,0.0,0.0,0,0,0,0.0,0.0,0.0,0,0,0,0,0,0.3077,13,14,0,0,0.0,0.0,2026-10-05,2026-10-09,2026-W41,0.0,estilobyyrosa,0
b.fox508,0.0,0.0,0.0,0.0,0,0,0,0.0,0.0,0.0,0,0,0,0,0,0.0,10,3,0,0,0.0,0.0,2026-10-05,2026-10-09,2026-W41,0.0,b.fox508,0
mr.peluche.finds,0.0,0.0,0.0,0.0,0,0,0,0.0,0.0,0.0,0,0,0,0,0,0.0,8,3,0,0,0.0,0.0,2026-10-05,2026-10-09,2026-W41,0.0,mr.peluche.finds,0
mooremoneymoves,0.0,0.0,0.0,0.0,0,0,0,0.0,0.0,0.0,0,0,0,0,0,0.0,4,0,0,0,0.0,0.0,2026-10-05,2026-10-09,2026-W41,0.0,mooremoneymoves,0
the_non_aesthetic_mom,0.0,0.0,0.0,0.0,0,0,0,0.0,0.0,0.0,0,0,0,0,0,0.0,3,3,0,0,0.0,0.0,2026-10-05,2026-10-09,2026-W41,0.0,the_non_aesthetic_mom,0
dontaskus007,0.0,0.0,0.0,0.0,0,0,0,0.0,0.0,0.0,0,1,0,1,1,0.0,158,153,0,0,0.0,0.0,2026-10-05,2026-10-09,2026-W41,5.0,dontaskus007,1
pieraaang,0.0,0.0,0.0,0.0,0,0,0,0.0,0.0,0.0,0,0,0,0,0,0.0,2,2,0,0,0.0,0.0,2026-10-05,2026-10-09,2026-W41,0.0,pieraaang,0
beautycaffeine,0.0,0.0,0.0,0.0,0,0,0,0.0,0.0,0.0,0,0,0,0,0,0.0,1,0,0,0,0.0,0.0,2026-10-05,2026-10-09,2026-W41,0.0,beautycaffeine,0
veggieandthebeasts,0.0,0.0,0.0,0.0,0,0,0,0.0,0.0,0.0,0,0,0,0,0,0.0,8,3,0,0,0.0,0.0,2026-10-05,2026-10-09,2026-W41,0.0,veggieandthebeasts,0
sytinenia.p,0.0,0.0,0.0,0.0,0,0,0,0.0,0.0,0.0,0,0,0,0,0,0.0,1,0,0,0,0.0,0.0,2026-10-05,2026-10-09,2026-W41,0.0,sytinenia.p,0
phoebeandthecrew,0.0,0.0,0.0,0.0,0,0,0,0.0,0.0,0.0,0,0,0,0,0,0.0,3,1,0,0,0.0,0.0,2026-10-05,2026-10-09,2026-W41,0.0,phoebeandthecrew,0
patricia.s254,0.0,0.0,0.0,0.0,0,0,0,0.0,0.0,0.0,0,0,0,0,0,0.0,0,0,0,0,0.0,0.0,2026-10-05,2026-10-09,2026-W41,0.0,patricia.s254,0
jguzmtqz14r,0.0,0.0,0.0,0.0,0,0,0,0.0,0.0,0.0,0,0,0,0,0,0.0,0,0,0,0,0.0,0.0,2026-10-05,2026-10-09,2026-W41,0.0,jguzmtqz14r,0
ociooffers,0.0,0.0,0.0,0.0,0,0,0,0.0,0.0,0.0,0,0,0,0,0,0.0,1,2,0,0,0.0,0.0,2026-10-05,2026-10-09,2026-W41,0.0,ociooffers,0
useraracelysaens,0.0,0.0,0.0,0.0,0,0,0,0.0,0.0,0.0,0,0,0,1,0,0.0,0,0,0,0,0.0,0.0,2026-10-05,2026-10-09,2026-W41,5.0,useraracelysaens,0
mary_42111,0.0,0.0,0.0,0.0,0,0,0,0.0,0.0,0.0,0,0,0,0,0,0.0,2,0,0,0,0.0,0.0,2026-10-05,2026-10-09,2026-W41,0.0,mary_42111,0
sara.wellness.warrior,0.0,0.0,0.0,0.0,0,0,0,0.0,0.0,0.0,2,0,2,2,2,0.030299999999999997,66,0,0,0,0.0,0.0,2026-10-05,2026-10-09,2026-W41,10.0,sara.wellness.warrior,2
christopher_finds,0.0,0.0,0.0,0.0,0,0,0,0.0,0.0,0.0,0,0,0,0,0,0.0,7,0,0,0,0.0,0.0,2026-10-05,2026-10-09,2026-W41,0.0,christopher_finds,0
bruceandtucker,0.0,0.0,0.0,0.0,0,0,0,0.0,0.0,0.0,0,0,0,0,0,0.0,1,0,0,0,0.0,0.0,2026-10-05,2026-10-09,2026-W41,0.0,bruceandtucker,0
creatorlinkz,0.0,0.0,0.0,0.0,0,0,0,0.0,0.0,0.0,0,0,0,0,0,0.0417,24,22,0,0,0.0,0.0,2026-10-05,2026-10-09,2026-W41,0.0,creatorlinkz,0
katy_grra,0.0,0.0,0.0,0.0,0,0,0,0.0,0.0,0.0,0,1,1,0,1,0.0674,356,460,0,0,0.0,0.0,2026-10-05,2026-10-09,2026-W41,0.0,katy_grra,1
crazydoglady_kristi,0.0,0.0,0.0,0.0,0,0,0,0.0,0.0,0.0,2,0,2,1,1,0.07139999999999999,28,1,0,0,0.0,0.0,2026-10-05,2026-10-09,2026-W41,5.0,crazydoglady_kristi,2
happydaddogboss,0.0,0.0,0.0,0.0,0,0,0,0.0,0.0,0.0,0,0,0,0,0,0.0,2,1,0,0,0.0,0.0,2026-10-05,2026-10-09,2026-W41,0.0,happydaddogboss,0
susansartisanbreadhouse,0.0,0.0,0.0,0.0,0,0,0,0.0,0.0,0.0,1,2,2,1,1,0.015300000000000001,851,807,0,0,0.0,0.0,2026-10-05,2026-10-09,2026-W41,5.0,susansartisanbreadhouse,3
yoannahome,0.0,0.0,0.0,0.0,0,0,0,0.0,0.0,0.0,0,0,0,0,0,0.0,12,12,0,0,0.0,0.0,2026-10-05,2026-10-09,2026-W41,0.0,yoannahome,0
turbomom4,0.0,0.0,0.0,0.0,0,0,0,0.0,0.0,0.0,0,0,0,0,0,0.0,1,1,0,0,0.0,0.0,2026-10-05,2026-10-09,2026-W41,0.0,turbomom4,0
zoet.martinez,0.0,0.0,0.0,0.0,0,0,0,0.0,0.0,0.0,0,0,0,0,0,0.0471,85,82,0,0,0.0,0.0,2026-10-05,2026-10-09,2026-W41,0.0,zoet.martinez,0
yudaimy97,0.0,0.0,0.0,0.0,0,0,0,0.0,0.0,0.0,0,0,0,1,0,0.0,2,0,0,0,0.0,0.0,2026-10-05,2026-10-09,2026-W41,5.0,yudaimy97,0
kristinleigh976,0.0,0.0,0.0,0.0,0,0,0,0.0,0.0,0.0,0,0,0,0,0,0.0,1,0,0,0,0.0,0.0,2026-10-05,2026-10-09,2026-W41,0.0,kristinleigh976,0
peys.blog,0.0,0.0,0.0,0.0,0,0,0,0.0,0.0,0.0,0,1,1,1,1,0.0074,816,782,0,0,0.0,0.0,2026-10-05,2026-10-09,2026-W41,5.0,peys.blog,1
defntparis,0.0,0.0,0.0,0.0,0,0,0,0.0,0.0,0.0,0,0,0,0,0,0.0,0,170,0,0,0.0,0.0,2026-10-05,2026-10-09,2026-W41,0.0,defntparis,0
followfrankiethebugg,0.0,0.0,0.0,0.0,0,0,0,0.0,0.0,0.0,0,1,0,1,1,0.018500000000000003,54,51,0,0,0.0,0.0,2026-10-05,2026-10-09,2026-W41,5.0,followfrankiethebugg,1
tipstale,0.0,0.0,0.0,0.0,0,0,0,0.0,0.0,0.0,0,0,0,0,0,0.0,1,1,0,0,0.0,0.0,2026-10-05,2026-10-09,2026-W41,0.0,tipstale,0
vpriscillag,0.0,0.0,0.0,0.0,0,0,0,0.0,0.0,0.0,0,0,0,0,0,0.0,1,0,0,0,0.0,0.0,2026-10-05,2026-10-09,2026-W41,0.0,vpriscillag,0
lizethsingh,0.0,0.0,0.0,0.0,0,0,0,0.0,0.0,0.0,0,1,1,1,1,0.0123,244,189,0,0,0.0,0.0,2026-10-05,2026-10-09,2026-W41,5.0,lizethsingh,1
thediymamalens,0.0,0.0,0.0,0.0,0,0,0,0.0,0.0,0.0,0,0,0,0,0,0.0,1,0,0,0,0.0,0.0,2026-10-05,2026-10-09,2026-W41,0.0,thediymamalens,0
rowanstarfall,0.0,0.0,0.0,0.0,0,0,0,0.0,0.0,0.0,0,0,0,1,0,0.0,2,0,0,0,0.0,0.0,2026-10-05,2026-10-09,2026-W41,5.0,rowanstarfall,0
italiano_1016,0.0,0.0,0.0,0.0,0,0,0,0.0,0.0,0.0,0,1,1,0,1,0.009300000000000001,1392,1349,0,0,0.0,0.0,2026-10-05,2026-10-09,2026-W41,0.0,italiano_1016,1
gissylive,0.0,0.0,0.0,0.0,0,0,0,0.0,0.0,0.0,0,0,0,0,0,0.0,0,0,0,0,0.0,0.0,2026-10-05,2026-10-09,2026-W41,0.0,gissylive,0
kenziefordham,0.0,0.0,0.0,0.0,0,0,0,0.0,0.0,0.0,0,0,0,0,0,0.0,1,0,0,0,0.0,0.0,2026-10-05,2026-10-09,2026-W41,0.0,kenziefordham,0
kristynicole.styledit,0.0,0.0,0.0,0.0,0,0,0,0.0,0.0,0.0,0,0,0,1,0,0.0,0,0,0,0,0.0,0.0,2026-10-05,2026-10-09,2026-W41,5.0,kristynicole.styledit,0
buddiandlayla,0.0,0.0,0.0,0.0,0,0,0,0.0,0.0,0.0,0,1,1,0,1,0.009399999999999999,319,299,0,0,0.0,0.0,2026-10-05,2026-10-09,2026-W41,0.0,buddiandlayla,1
leesha0109,0.0,0.0,0.0,0.0,0,0,0,0.0,0.0,0.0,0,0,0,0,0,0.0,3,0,0,0,0.0,0.0,2026-10-05,2026-10-09,2026-W41,0.0,leesha0109,0
petsarepawsome2,0.0,0.0,0.0,0.0,0,0,0,0.0,0.0,0.0,0,0,0,0,0,0.0,18,15,0,0,0.0,0.0,2026-10-05,2026-10-09,2026-W41,0.0,petsarepawsome2,0
stacy_livehost,0.0,0.0,0.0,0.0,0,0,0,0.0,0.0,0.0,0,3,3,1,1,0.005699999999999999,1392,1315,0,0,0.0,0.0,2026-10-05,2026-10-09,2026-W41,5.0,stacy_livehost,3
bestestshopfinds,0.0,0.0,0.0,0.0,0,0,0,0.0,0.0,0.0,0,0,0,0,0,0.0,1,1,0,0,0.0,0.0,2026-10-05,2026-10-09,2026-W41,0.0,bestestshopfinds,0
mrmarcussmith,0.0,0.0,0.0,0.0,0,0,0,0.0,0.0,0.0,0,0,2,0,0,0.046900000000000004,128,120,0,0,0.0,0.0,2026-10-05,2026-10-09,2026-W41,0.0,mrmarcussmith,0
dayanadiazcooper,0.0,0.0,0.0,0.0,0,0,0,0.0,0.0,0.0,0,0,0,0,0,0.0,0,0,0,0,0.0,0.0,2026-10-05,2026-10-09,2026-W41,0.0,dayanadiazcooper,0
miracle.grace7,0.0,0.0,0.0,0.0,0,0,0,0.0,0.0,0.0,2,4,5,2,2,0.0076,923,727,0,0,0.0,0.0,2026-10-05,2026-10-09,2026-W41,10.0,miracle.grace7,6
francisandjean,0.0,0.0,0.0,0.0,0,0,0,0.0,0.0,0.0,0,1,0,0,1,0.0212,3630,3364,0,0,0.0,0.0,2026-10-05,2026-10-09,2026-W41,0.0,francisandjean,1
mely_perdomo,0.0,0.0,0.0,0.0,0,0,0,0.0,0.0,0.0,0,0,0,0,0,0.0,4,0,0,0,0.0,0.0,2026-10-05,2026-10-09,2026-W41,0.0,mely_perdomo,0
distinktfinds,0.0,0.0,0.0,0.0,0,0,0,0.0,0.0,0.0,1,0,1,1,1,0.0,11,0,0,0,0.0,0.0,2026-10-05,2026-10-09,2026-W41,5.0,distinktfinds,1
sadiecavapup,0.0,0.0,0.0,0.0,0,0,0,0.0,0.0,0.0,0,0,0,0,0,0.0,9,9,0,0,0.0,0.0,2026-10-05,2026-10-09,2026-W41,0.0,sadiecavapup,0
jenasap,0.0,0.0,0.0,0.0,0,0,0,0.0,0.0,0.0,0,0,0,0,0,0.0,2,2,0,0,0.0,0.0,2026-10-05,2026-10-09,2026-W41,0.0,jenasap,0
priscillaashleyy,0.0,0.0,0.0,0.0,0,0,0,0.0,0.0,0.0,0,0,0,1,0,0.0,0,0,0,0,0.0,0.0,2026-10-05,2026-10-09,2026-W41,5.0,priscillaashleyy,0
taymara.vazquez.r,0.0,0.0,0.0,0.0,0,0,0,0.0,0.0,0.0,0,0,0,0,0,0.1613,31,38,0,0,0.0,0.0,2026-10-05,2026-10-09,2026-W41,0.0,taymara.vazquez.r,0
candaceslife,0.0,0.0,0.0,0.0,0,0,0,0.0,0.0,0.0,0,0,0,0,0,0.0,5,5,0,0,0.0,0.0,2026-10-05,2026-10-09,2026-W41,0.0,candaceslife,0
vpark36,0.0,0.0,0.0,0.0,0,0,0,0.0,0.0,0.0,0,0,0,0,0,0.0,1,0,0,0,0.0,0.0,2026-10-05,2026-10-09,2026-W41,0.0,vpark36,0
ugcdevin,0.0,0.0,0.0,0.0,0,0,0,0.0,0.0,0.0,0,0,0,0,0,0.0,4,0,0,0,0.0,0.0,2026-10-05,2026-10-09,2026-W41,0.0,ugcdevin,0
karina_usa_,0.0,0.0,0.0,0.0,0,0,0,0.0,0.0,0.0,0,0,0,1,0,0.0,1,0,0,0,0.0,0.0,2026-10-05,2026-10-09,2026-W41,5.0,karina_usa_,0
candyb0291,0.0,0.0,0.0,0.0,0,0,0,0.0,0.0,0.0,1,1,1,1,1,0.0091,219,204,0,0,0.0,0.0,2026-10-05,2026-10-09,2026-W41,5.0,candyb0291,2
shircar71,0.0,0.0,0.0,0.0,0,0,0,0.0,0.0,0.0,0,0,0,0,0,0.0,1,0,0,0,0.0,0.0,2026-10-05,2026-10-09,2026-W41,0.0,shircar71,0
thelifethruthelens,0.0,0.0,0.0,0.0,0,0,0,0.0,0.0,0.0,0,0,0,0,0,0.0,4,2,0,0,0.0,0.0,2026-10-05,2026-10-09,2026-W41,0.0,thelifethruthelens,0
chewedandreviewed,0.0,0.0,0.0,0.0,0,0,0,0.0,0.0,0.0,0,0,0,0,0,0.0,2,2,0,0,0.0,0.0,2026-10-05,2026-10-09,2026-W41,0.0,chewedandreviewed,0
kittiesshoppe,0.0,0.0,0.0,0.0,0,0,0,0.0,0.0,0.0,0,1,1,1,1,0.011899999999999999,84,62,0,0,0.0,0.0,2026-10-05,2026-10-09,2026-W41,5.0,kittiesshoppe,1
char19671,0.0,0.0,0.0,0.0,0,0,0,0.0,0.0,0.0,0,0,0,0,0,0.0,1,0,0,0,0.0,0.0,2026-10-05,2026-10-09,2026-W41,0.0,char19671,0
katedollyshop,0.0,0.0,0.0,0.0,0,0,0,0.0,0.0,0.0,0,0,1,0,0,0.0333,300,518,0,0,0.0,0.0,2026-10-05,2026-10-09,2026-W41,0.0,katedollyshop,0
ambersndtopaz,0.0,0.0,0.0,0.0,0,0,0,0.0,0.0,0.0,0,1,0,1,1,0.0,18,10,0,0,0.0,0.0,2026-10-05,2026-10-09,2026-W41,5.0,ambersndtopaz,1
the_pink_aesthetic1,0.0,0.0,0.0,0.0,0,0,0,0.0,0.0,0.0,0,0,0,0,0,0.0,1,0,0,0,0.0,0.0,2026-10-05,2026-10-09,2026-W41,0.0,the_pink_aesthetic1,0
edithluvbeauty,0.0,0.0,0.0,0.0,0,0,0,0.0,0.0,0.0,0,0,0,0,0,0.0,7,3,0,0,0.0,0.0,2026-10-05,2026-10-09,2026-W41,0.0,edithluvbeauty,0
meticulous_mandy,0.0,0.0,0.0,0.0,0,0,0,0.0,0.0,0.0,0,0,0,0,0,0.0,3,0,0,0,0.0,0.0,2026-10-05,2026-10-09,2026-W41,0.0,meticulous_mandy,0
.neuroedge,0.0,0.0,0.0,0.0,0,0,0,0.0,0.0,0.0,0,0,0,1,0,0.0,2,0,0,0,0.0,0.0,2026-10-05,2026-10-09,2026-W41,5.0,.neuroedge,0
mrpinkthesphynx,0.0,0.0,0.0,0.0,0,0,0,0.0,0.0,0.0,1,0,1,1,1,0.0,0,0,0,0,0.0,0.0,2026-10-05,2026-10-09,2026-W41,5.0,mrpinkthesphynx,1
maray9576,0.0,0.0,0.0,0.0,0,0,0,0.0,0.0,0.0,0,1,0,0,1,0.0191,418,411,0,0,0.0,0.0,2026-10-05,2026-10-09,2026-W41,0.0,maray9576,1
codynmae,0.0,0.0,0.0,0.0,0,0,0,0.0,0.0,0.0,1,0,1,1,1,0.0351,57,0,0,0,0.0,0.0,2026-10-05,2026-10-09,2026-W41,5.0,codynmae,1
decadentdoxiesofk,0.0,0.0,0.0,0.0,0,0,0,0.0,0.0,0.0,0,0,0,0,0,0.0,4,1,0,0,0.0,0.0,2026-10-05,2026-10-09,2026-W41,0.0,decadentdoxiesofk,0
simplybyliv,0.0,0.0,0.0,0.0,0,0,0,0.0,0.0,0.0,0,0,0,0,0,0.22219999999999998,18,14,0,0,0.0,0.0,2026-10-05,2026-10-09,2026-W41,0.0,simplybyliv,0
glammer_girl05,0.0,0.0,0.0,0.0,0,0,0,0.0,0.0,0.0,0,3,3,2,2,0.0064,469,458,0,0,0.0,0.0,2026-10-05,2026-10-09,2026-W41,10.0,glammer_girl05,3
ttsdealsfordays,0.0,0.0,0.0,0.0,0,0,0,0.0,0.0,0.0,0,0,0,0,0,0.0,1,0,0,0,0.0,0.0,2026-10-05,2026-10-09,2026-W41,0.0,ttsdealsfordays,0
hannahcorgii,0.0,0.0,0.0,0.0,0,0,0,0.0,0.0,0.0,0,0,0,0,0,0.0,4,3,0,0,0.0,0.0,2026-10-05,2026-10-09,2026-W41,0.0,hannahcorgii,0
tracy.keepsitreal,0.0,0.0,0.0,0.0,0,0,0,0.0,0.0,0.0,0,0,0,1,0,0.0,5,0,0,0,0.0,0.0,2026-10-05,2026-10-09,2026-W41,5.0,tracy.keepsitreal,0
444emmylee,0.0,0.0,0.0,0.0,0,0,0,0.0,0.0,0.0,0,1,1,1,1,0.0,285,274,0,0,0.0,0.0,2026-10-05,2026-10-09,2026-W41,5.0,444emmylee,1
redlabgus,0.0,0.0,0.0,0.0,0,0,0,0.0,0.0,0.0,0,0,0,0,0,0.0,7,1,0,0,0.0,0.0,2026-10-05,2026-10-09,2026-W41,0.0,redlabgus,0
alishab7533,0.0,0.0,0.0,0.0,0,0,0,0.0,0.0,0.0,0,0,0,0,0,0.0,1,1,0,0,0.0,0.0,2026-10-05,2026-10-09,2026-W41,0.0,alishab7533,0
sway1371,0.0,0.0,0.0,0.0,0,0,0,0.0,0.0,0.0,0,1,0,3,1,0.0194,258,245,0,0,0.0,0.0,2026-10-05,2026-10-09,2026-W41,15.0,sway1371,1
brittneynicoleugc93,0.0,0.0,0.0,0.0,0,0,0,0.0,0.0,0.0,0,0,0,0,0,0.0,0,0,0,0,0.0,0.0,2026-10-05,2026-10-09,2026-W41,0.0,brittneynicoleugc93,0
abuckley0304124,0.0,0.0,0.0,0.0,0,0,0,0.0,0.0,0.0,0,0,0,0,0,0.0,1,0,0,0,0.0,0.0,2026-10-05,2026-10-09,2026-W41,0.0,abuckley0304124,0
the.cozyy.girl,0.0,0.0,0.0,0.0,0,0,0,0.0,0.0,0.0,0,0,0,0,0,0.0,1,0,0,0,0.0,0.0,2026-10-05,2026-10-09,2026-W41,0.0,the.cozyy.girl,0
definitelyjustkevin,0.0,0.0,0.0,0.0,0,0,0,0.0,0.0,0.0,0,0,0,0,0,0.0,2,0,0,0,0.0,0.0,2026-10-05,2026-10-09,2026-W41,0.0,definitelyjustkevin,0
yagwww2,0.0,0.0,0.0,0.0,0,0,0,0.0,0.0,0.0,1,2,2,1,1,0.026000000000000002,77,76,0,0,0.0,0.0,2026-10-05,2026-10-09,2026-W41,5.0,yagwww2,3
jomolly97,0.0,0.0,0.0,0.0,0,0,0,0.0,0.0,0.0,0,1,1,1,1,0.030299999999999997,33,31,0,0,0.0,0.0,2026-10-05,2026-10-09,2026-W41,5.0,jomolly97,1
katysville,0.0,0.0,0.0,0.0,0,0,0,0.0,0.0,0.0,0,0,0,0,0,0.0,1,1,0,0,0.0,0.0,2026-10-05,2026-10-09,2026-W41,0.0,katysville,0
shoedad23,0.0,0.0,0.0,0.0,0,0,0,0.0,0.0,0.0,0,1,0,1,1,0.0,4,3,0,0,0.0,0.0,2026-10-05,2026-10-09,2026-W41,5.0,shoedad23,1
rosevettedfinds,0.0,0.0,0.0,0.0,0,0,0,0.0,0.0,0.0,0,0,0,0,0,0.0,3,0,0,0,0.0,0.0,2026-10-05,2026-10-09,2026-W41,0.0,rosevettedfinds,0
lcsdoodleshop,0.0,0.0,0.0,0.0,0,0,0,0.0,0.0,0.0,0,0,0,0,0,0.0,2,3,0,0,0.0,0.0,2026-10-05,2026-10-09,2026-W41,0.0,lcsdoodleshop,0
frances.adonus,0.0,0.0,0.0,0.0,0,0,0,0.0,0.0,0.0,0,0,0,0,0,0.0,1,0,0,0,0.0,0.0,2026-10-05,2026-10-09,2026-W41,0.0,frances.adonus,0
nicolelake53,0.0,0.0,0.0,0.0,0,0,0,0.0,0.0,0.0,0,0,0,1,0,0.0,0,0,0,0,0.0,0.0,2026-10-05,2026-10-09,2026-W41,5.0,nicolelake53,0
makingsenseofmath,0.0,0.0,0.0,0.0,0,0,0,0.0,0.0,0.0,0,0,0,0,0,0.0,31,0,0,0,0.0,0.0,2026-10-05,2026-10-09,2026-W41,0.0,makingsenseofmath,0
healthjourneyteam,0.0,0.0,0.0,0.0,0,0,0,0.0,0.0,0.0,0,0,0,0,0,0.0,10,8,0,0,0.0,0.0,2026-10-05,2026-10-09,2026-W41,0.0,healthjourneyteam,0
jana.buys.bama,0.0,0.0,0.0,0.0,0,0,0,0.0,0.0,0.0,0,0,0,0,0,0.0,3,1,0,0,0.0,0.0,2026-10-05,2026-10-09,2026-W41,0.0,jana.buys.bama,0
yarigaldos,0.0,0.0,0.0,0.0,0,0,0,0.0,0.0,0.0,7,2,0,2,2,0.0279,716,682,0,0,0.0,0.0,2026-10-05,2026-10-09,2026-W41,10.0,yarigaldos,9
amy.vlog777,0.0,0.0,0.0,0.0,0,0,0,0.0,0.0,0.0,0,1,0,0,1,0.005,397,372,0,0,0.0,0.0,2026-10-05,2026-10-09,2026-W41,0.0,amy.vlog777,1
miavisionz,0.0,0.0,0.0,0.0,0,0,0,0.0,0.0,0.0,1,1,0,1,1,0.0012,1644,1525,0,0,0.0,0.0,2026-10-05,2026-10-09,2026-W41,5.0,miavisionz,2
ashtondeals,0.0,0.0,0.0,0.0,0,0,0,0.0,0.0,0.0,0,0,0,0,0,0.0,1,1,0,0,0.0,0.0,2026-10-05,2026-10-09,2026-W41,0.0,ashtondeals,0
thoracurttis,0.0,0.0,0.0,0.0,0,0,0,0.0,0.0,0.0,0,0,0,0,0,0.0,32,30,0,0,0.0,0.0,2026-10-05,2026-10-09,2026-W41,0.0,thoracurttis,0
sydneypaigesway,0.0,0.0,0.0,0.0,0,0,0,0.0,0.0,0.0,0,0,0,0,0,0.3333,3,3,0,0,0.0,0.0,2026-10-05,2026-10-09,2026-W41,0.0,sydneypaigesway,0
healthsearcher,0.0,0.0,0.0,0.0,0,0,0,0.0,0.0,0.0,0,1,0,1,1,0.0141,283,285,0,0,0.0,0.0,2026-10-05,2026-10-09,2026-W41,5.0,healthsearcher,1
dreamingwanderlust,0.0,0.0,0.0,0.0,0,0,0,0.0,0.0,0.0,0,0,0,0,0,0.0,2,0,0,0,0.0,0.0,2026-10-05,2026-10-09,2026-W41,0.0,dreamingwanderlust,0
joesdeals4u,0.0,0.0,0.0,0.0,0,0,0,0.0,0.0,0.0,0,1,1,0,1,0.0048,627,595,0,0,0.0,0.0,2026-10-05,2026-10-09,2026-W41,0.0,joesdeals4u,1
danielles.teachin,0.0,0.0,0.0,0.0,0,0,0,0.0,0.0,0.0,0,0,0,0,0,0.0,6,6,0,0,0.0,0.0,2026-10-05,2026-10-09,2026-W41,0.0,danielles.teachin,0
thehuskyhouse4,0.0,0.0,0.0,0.0,0,0,0,0.0,0.0,0.0,0,0,0,1,0,0.0,1,0,0,0,0.0,0.0,2026-10-05,2026-10-09,2026-W41,5.0,thehuskyhouse4,0
sara.besse01,0.0,0.0,0.0,0.0,0,0,0,0.0,0.0,0.0,0,0,0,0,0,0.0,82,83,0,0,0.0,0.0,2026-10-05,2026-10-09,2026-W41,0.0,sara.besse01,0
yandofamily,0.0,0.0,0.0,0.0,0,0,0,0.0,0.0,0.0,0,0,0,1,0,0.060599999999999994,33,33,0,0,0.0,0.0,2026-10-05,2026-10-09,2026-W41,5.0,yandofamily,0
toby.the.pocket.p,0.0,0.0,0.0,0.0,0,0,0,0.0,0.0,0.0,0,0,0,0,0,0.0,0,0,0,0,0.0,0.0,2026-10-05,2026-10-09,2026-W41,0.0,toby.the.pocket.p,0
nalajade,0.0,0.0,0.0,0.0,0,0,0,0.0,0.0,0.0,0,0,0,0,0,0.0,0,0,0,0,0.0,0.0,2026-10-05,2026-10-09,2026-W41,0.0,nalajade,0
julie.silvius,0.0,0.0,0.0,0.0,0,0,0,0.0,0.0,0.0,0,0,0,0,0,0.0,2,2,0,0,0.0,0.0,2026-10-05,2026-10-09,2026-W41,0.0,julie.silvius,0
loviviralshop,0.0,0.0,0.0,0.0,0,0,0,0.0,0.0,0.0,0,1,2,0,1,0.0385,26,27,0,0,0.0,0.0,2026-10-05,2026-10-09,2026-W41,0.0,loviviralshop,1
lilyhope.dogmom,0.0,0.0,0.0,0.0,0,0,0,0.0,0.0,0.0,0,1,1,1,1,0.0034999999999999996,283,269,0,0,0.0,0.0,2026-10-05,2026-10-09,2026-W41,5.0,lilyhope.dogmom,1
cherylhuntsberry,0.0,0.0,0.0,0.0,0,0,0,0.0,0.0,0.0,0,0,0,1,0,0.0,0,0,0,0,0.0,0.0,2026-10-05,2026-10-09,2026-W41,5.0,cherylhuntsberry,0
toniaenglish73,0.0,0.0,0.0,0.0,0,0,0,0.0,0.0,0.0,0,0,0,0,0,0.0,2,2,0,0,0.0,0.0,2026-10-05,2026-10-09,2026-W41,0.0,toniaenglish73,0
mypifi,0.0,0.0,0.0,0.0,0,0,0,0.0,0.0,0.0,0,13,0,0,3,0.0513,2456,0,0,0,0.0,0.0,2026-10-05,2026-10-09,2026-W41,0.0,mypifi,13
arabellasourglow,0.0,0.0,0.0,0.0,0,0,0,0.0,0.0,0.0,0,1,1,1,1,0.0068000000000000005,736,687,0,0,0.0,0.0,2026-10-05,2026-10-09,2026-W41,5.0,arabellasourglow,1
bird04147amz,0.0,0.0,0.0,0.0,0,0,0,0.0,0.0,0.0,0,0,0,0,0,0.0,3,4,0,0,0.0,0.0,2026-10-05,2026-10-09,2026-W41,0.0,bird04147amz,0
baloo_the_aussie,0.0,0.0,0.0,0.0,0,0,0,0.0,0.0,0.0,0,0,0,0,0,1.0,2,0,0,0,0.0,0.0,2026-10-05,2026-10-09,2026-W41,0.0,baloo_the_aussie,0
trendyfinds1316,0.0,0.0,0.0,0.0,0,0,0,0.0,0.0,0.0,0,0,0,0,0,0.0,0,0,0,0,0.0,0.0,2026-10-05,2026-10-09,2026-W41,0.0,trendyfinds1316,0
honestlyisaac,0.0,0.0,0.0,0.0,0,0,0,0.0,0.0,0.0,0,0,0,0,0,0.0,1,0,0,0,0.0,0.0,2026-10-05,2026-10-09,2026-W41,0.0,honestlyisaac,0
iamkathrinepierce,0.0,0.0,0.0,0.0,0,0,0,0.0,0.0,0.0,0,0,0,0,0,0.0,11,10,0,0,0.0,0.0,2026-10-05,2026-10-09,2026-W41,0.0,iamkathrinepierce,0
kly_gael2025,0.0,0.0,0.0,0.0,0,0,0,0.0,0.0,0.0,0,0,0,1,0,0.0,0,0,0,0,0.0,0.0,2026-10-05,2026-10-09,2026-W41,5.0,kly_gael2025,0
shopwithshayla,0.0,0.0,0.0,0.0,0,0,0,0.0,0.0,0.0,0,0,0,0,0,0.0,1,0,0,0,0.0,0.0,2026-10-05,2026-10-09,2026-W41,0.0,shopwithshayla,0
babiigurl707,0.0,0.0,0.0,0.0,0,0,0,0.0,0.0,0.0,0,0,0,0,0,0.0,2,0,0,0,0.0,0.0,2026-10-05,2026-10-09,2026-W41,0.0,babiigurl707,0
maviswiggles,0.0,0.0,0.0,0.0,0,0,0,0.0,0.0,0.0,0,0,0,0,0,0.0588,34,26,0,0,0.0,0.0,2026-10-05,2026-10-09,2026-W41,0.0,maviswiggles,0
justashayla,0.0,0.0,0.0,0.0,0,0,0,0.0,0.0,0.0,1,0,1,1,1,0.0,42,0,0,0,0.0,0.0,2026-10-05,2026-10-09,2026-W41,5.0,justashayla,1
gabby_bord,0.0,0.0,0.0,0.0,0,0,0,0.0,0.0,0.0,0,0,0,0,0,0.0,4,0,0,0,0.0,0.0,2026-10-05,2026-10-09,2026-W41,0.0,gabby_bord,0
.doglover1151,0.0,0.0,0.0,0.0,0,0,0,0.0,0.0,0.0,0,1,0,1,1,0.0204,49,33,0,0,0.0,0.0,2026-10-05,2026-10-09,2026-W41,5.0,.doglover1151,1
thewisehippie67,0.0,0.0,0.0,0.0,0,0,0,0.0,0.0,0.0,0,0,0,0,0,0.0,0,0,0,0,0.0,0.0,2026-10-05,2026-10-09,2026-W41,0.0,thewisehippie67,0
tiktokdealswithmawmaw,0.0,0.0,0.0,0.0,0,0,0,0.0,0.0,0.0,0,1,1,1,1,0.0168,179,171,0,0,0.0,0.0,2026-10-05,2026-10-09,2026-W41,5.0,tiktokdealswithmawmaw,1
loreinashops,0.0,0.0,0.0,0.0,0,0,0,0.0,0.0,0.0,0,1,1,1,1,0.0027,365,335,0,0,0.0,0.0,2026-10-05,2026-10-09,2026-W41,5.0,loreinashops,1
jennakateandcompany,0.0,0.0,0.0,0.0,0,0,0,0.0,0.0,0.0,0,0,0,0,0,0.0,2,0,0,0,0.0,0.0,2026-10-05,2026-10-09,2026-W41,0.0,jennakateandcompany,0
bchickenpicklepickleb,0.0,0.0,0.0,0.0,0,0,0,0.0,0.0,0.0,0,2,0,1,1,0.0095,633,603,0,0,0.0,0.0,2026-10-05,2026-10-09,2026-W41,5.0,bchickenpicklepickleb,2
ducksgirl91,0.0,0.0,0.0,0.0,0,0,0,0.0,0.0,0.0,0,1,0,1,1,0.0,312,285,0,0,0.0,0.0,2026-10-05,2026-10-09,2026-W41,5.0,ducksgirl91,1
jazfitness0,0.0,0.0,0.0,0.0,0,0,0,0.0,0.0,0.0,0,2,1,1,1,0.005,402,403,0,0,0.0,0.0,2026-10-05,2026-10-09,2026-W41,5.0,jazfitness0,2
jenniferhofstetter,0.0,0.0,0.0,0.0,0,0,0,0.0,0.0,0.0,0,0,0,1,0,0.0,0,0,0,0,0.0,0.0,2026-10-05,2026-10-09,2026-W41,5.0,jenniferhofstetter,0
shoppingwithsky,0.0,0.0,0.0,0.0,0,0,0,0.0,0.0,0.0,0,1,1,1,1,0.0183,219,211,0,0,0.0,0.0,2026-10-05,2026-10-09,2026-W41,5.0,shoppingwithsky,1
erin.beautyinreal_life,0.0,0.0,0.0,0.0,0,0,0,0.0,0.0,0.0,0,0,0,1,0,0.0,0,0,0,0,0.0,0.0,2026-10-05,2026-10-09,2026-W41,5.0,erin.beautyinreal_life,0
caroleisabel,0.0,0.0,0.0,0.0,0,0,0,0.0,0.0,0.0,0,0,0,0,0,0.0,2,0,0,0,0.0,0.0,2026-10-05,2026-10-09,2026-W41,0.0,caroleisabel,0
mamamj2009,0.0,0.0,0.0,0.0,0,0,0,0.0,0.0,0.0,0,0,0,0,0,0.0,1,0,0,0,0.0,0.0,2026-10-05,2026-10-09,2026-W41,0.0,mamamj2009,0
shopwithsam.rn,0.0,0.0,0.0,0.0,0,0,0,0.0,0.0,0.0,0,1,1,1,1,0.0084,476,460,0,0,0.0,0.0,2026-10-05,2026-10-09,2026-W41,5.0,shopwithsam.rn,1
hccats,0.0,0.0,0.0,0.0,0,0,0,0.0,0.0,0.0,0,0,0,0,0,0.0,0,0,0,0,0.0,0.0,2026-10-05,2026-10-09,2026-W41,0.0,hccats,0
mentalwellness4parents,0.0,0.0,0.0,0.0,0,0,0,0.0,0.0,0.0,0,0,0,1,0,0.0,0,0,0,0,0.0,0.0,2026-10-05,2026-10-09,2026-W41,5.0,mentalwellness4parents,0
lhartill4,0.0,0.0,0.0,0.0,0,0,0,0.0,0.0,0.0,0,0,0,0,0,0.0,1,0,0,0,0.0,0.0,2026-10-05,2026-10-09,2026-W41,0.0,lhartill4,0
neylandpyrador,0.0,0.0,0.0,0.0,0,0,0,0.0,0.0,0.0,0,0,0,0,0,0.0,5,0,0,0,0.0,0.0,2026-10-05,2026-10-09,2026-W41,0.0,neylandpyrador,0
jeepngraceland,0.0,0.0,0.0,0.0,0,0,0,0.0,0.0,0.0,0,1,1,1,1,0.0,25,19,0,0,0.0,0.0,2026-10-05,2026-10-09,2026-W41,5.0,jeepngraceland,1
monica.groda2.0,0.0,0.0,0.0,0.0,0,0,0,0.0,0.0,0.0,0,1,1,1,1,0.0078000000000000005,383,360,0,0,0.0,0.0,2026-10-05,2026-10-09,2026-W41,5.0,monica.groda2.0,1
quesothegs,0.0,0.0,0.0,0.0,0,0,0,0.0,0.0,0.0,0,0,0,0,0,0.0,5,0,0,0,0.0,0.0,2026-10-05,2026-10-09,2026-W41,0.0,quesothegs,0
ashleykfinds,0.0,0.0,0.0,0.0,0,0,0,0.0,0.0,0.0,0,0,0,1,0,0.0,0,0,0,0,0.0,0.0,2026-10-05,2026-10-09,2026-W41,5.0,ashleykfinds,0
mels.grooming,0.0,0.0,0.0,0.0,0,0,0,0.0,0.0,0.0,1,0,1,1,1,0.0,36,0,0,0,0.0,0.0,2026-10-05,2026-10-09,2026-W41,5.0,mels.grooming,1
didasdeals,0.0,0.0,0.0,0.0,0,0,0,0.0,0.0,0.0,0,0,0,0,0,0.0,4,2,0,0,0.0,0.0,2026-10-05,2026-10-09,2026-W41,0.0,didasdeals,0
samanthakayde,0.0,0.0,0.0,0.0,0,0,0,0.0,0.0,0.0,1,0,1,1,1,0.015300000000000001,326,277,0,0,0.0,0.0,2026-10-05,2026-10-09,2026-W41,5.0,samanthakayde,1
jaxandnova,0.0,0.0,0.0,0.0,0,0,0,0.0,0.0,0.0,0,0,0,1,0,0.0,0,0,0,0,0.0,0.0,2026-10-05,2026-10-09,2026-W41,5.0,jaxandnova,0
robinhoodryan,0.0,0.0,0.0,0.0,0,0,0,0.0,0.0,0.0,0,0,0,0,0,0.0,0,0,0,0,0.0,0.0,2026-10-05,2026-10-09,2026-W41,0.0,robinhoodryan,0
productsiuseandlove,0.0,0.0,0.0,0.0,0,0,0,0.0,0.0,0.0,0,0,0,0,0,0.0,6,5,0,0,0.0,0.0,2026-10-05,2026-10-09,2026-W41,0.0,productsiuseandlove,0
albie.creator,0.0,0.0,0.0,0.0,0,0,0,0.0,0.0,0.0,0,0,0,0,0,0.0,3,0,0,0,0.0,0.0,2026-10-05,2026-10-09,2026-W41,0.0,albie.creator,0
daily.deals.official,0.0,0.0,0.0,0.0,0,0,0,0.0,0.0,0.0,0,0,0,0,0,0.022099999999999998,272,110,0,0,0.0,0.0,2026-10-05,2026-10-09,2026-W41,0.0,daily.deals.official,0
miss.doralis,0.0,0.0,0.0,0.0,0,0,0,0.0,0.0,0.0,0,0,0,0,0,0.0,4,0,0,0,0.0,0.0,2026-10-05,2026-10-09,2026-W41,0.0,miss.doralis,0
shopfinds4youuu,0.0,0.0,0.0,0.0,0,0,0,0.0,0.0,0.0,0,0,0,0,0,0.0,1,1,0,0,0.0,0.0,2026-10-05,2026-10-09,2026-W41,0.0,shopfinds4youuu,0
createwithruthless,0.0,0.0,0.0,0.0,0,0,0,0.0,0.0,0.0,1,0,1,1,1,0.0,8,0,0,0,0.0,0.0,2026-10-05,2026-10-09,2026-W41,5.0,createwithruthless,1
rudy.rudolph.the,0.0,0.0,0.0,0.0,0,0,0,0.0,0.0,0.0,0,1,0,1,1,0.0,24,24,0,0,0.0,0.0,2026-10-05,2026-10-09,2026-W41,5.0,rudy.rudolph.the,1
tacticaltxdad,0.0,0.0,0.0,0.0,0,0,0,0.0,0.0,0.0,0,0,0,0,0,0.047599999999999996,21,21,0,0,0.0,0.0,2026-10-05,2026-10-09,2026-W41,0.0,tacticaltxdad,0
hoodiesandhandbags,0.0,0.0,0.0,0.0,0,0,0,0.0,0.0,0.0,0,0,0,0,0,0.0,4,0,0,0,0.0,0.0,2026-10-05,2026-10-09,2026-W41,0.0,hoodiesandhandbags,0
tricia.g.rutledge,0.0,0.0,0.0,0.0,0,0,0,0.0,0.0,0.0,0,0,0,0,0,0.0,1,1,0,0,0.0,0.0,2026-10-05,2026-10-09,2026-W41,0.0,tricia.g.rutledge,0
nurse.nate6,0.0,0.0,0.0,0.0,0,0,0,0.0,0.0,0.0,0,0,0,0,0,0.0,1,0,0,0,0.0,0.0,2026-10-05,2026-10-09,2026-W41,0.0,nurse.nate6,0
noahs.shop1,0.0,0.0,0.0,0.0,0,0,0,0.0,0.0,0.0,0,0,0,0,0,0.0,2,2,0,0,0.0,0.0,2026-10-05,2026-10-09,2026-W41,0.0,noahs.shop1,0
jessgrowthandregulation,0.0,0.0,0.0,0.0,0,0,0,0.0,0.0,0.0,0,3,1,1,1,0.0,110,76,0,0,0.0,0.0,2026-10-05,2026-10-09,2026-W41,5.0,jessgrowthandregulation,3
aceandallithefrenchies,0.0,0.0,0.0,0.0,0,0,0,0.0,0.0,0.0,0,0,0,1,0,0.0,0,0,0,0,0.0,0.0,2026-10-05,2026-10-09,2026-W41,5.0,aceandallithefrenchies,0
crybabyluv,0.0,0.0,0.0,0.0,0,0,0,0.0,0.0,0.0,0,0,0,0,0,0.0,5,5,0,0,0.0,0.0,2026-10-05,2026-10-09,2026-W41,0.0,crybabyluv,0
lanceshopfinds1,0.0,0.0,0.0,0.0,0,0,0,0.0,0.0,0.0,0,0,0,0,0,0.0,1,0,0,0,0.0,0.0,2026-10-05,2026-10-09,2026-W41,0.0,lanceshopfinds1,0
daisy.may.price,0.0,0.0,0.0,0.0,0,0,0,0.0,0.0,0.0,0,0,0,0,0,0.0,3,5,0,0,0.0,0.0,2026-10-05,2026-10-09,2026-W41,0.0,daisy.may.price,0
charlie_and_tink,0.0,0.0,0.0,0.0,0,0,0,0.0,0.0,0.0,0,1,0,1,1,0.0028000000000000004,358,321,0,0,0.0,0.0,2026-10-05,2026-10-09,2026-W41,5.0,charlie_and_tink,1
bri81634,0.0,0.0,0.0,0.0,0,0,0,0.0,0.0,0.0,0,0,0,1,0,0.0,5,0,0,0,0.0,0.0,2026-10-05,2026-10-09,2026-W41,5.0,bri81634,0
police.bwc,0.0,0.0,0.0,0.0,0,0,0,0.0,0.0,0.0,0,0,0,0,0,0.0,1,1,0,0,0.0,0.0,2026-10-05,2026-10-09,2026-W41,0.0,police.bwc,0
golden_girl_georgia,0.0,0.0,0.0,0.0,0,0,0,0.0,0.0,0.0,0,0,0,0,0,0.0,5,0,0,0,0.0,0.0,2026-10-05,2026-10-09,2026-W41,0.0,golden_girl_georgia,0
vani.rose4,0.0,0.0,0.0,0.0,0,0,0,0.0,0.0,0.0,0,1,0,1,1,0.0,25,24,0,0,0.0,0.0,2026-10-05,2026-10-09,2026-W41,5.0,vani.rose4,1
dadshopgarcia,0.0,0.0,0.0,0.0,0,0,0,0.0,0.0,0.0,0,0,0,0,0,0.0,2,2,0,0,0.0,0.0,2026-10-05,2026-10-09,2026-W41,0.0,dadshopgarcia,0
jellybean_n_boss,0.0,0.0,0.0,0.0,0,0,0,0.0,0.0,0.0,0,0,0,0,0,0.0,3,1,0,0,0.0,0.0,2026-10-05,2026-10-09,2026-W41,0.0,jellybean_n_boss,0
ida_entiktokshop,0.0,0.0,0.0,0.0,0,0,0,0.0,0.0,0.0,0,0,0,1,0,0.0,1,0,0,0,0.0,0.0,2026-10-05,2026-10-09,2026-W41,5.0,ida_entiktokshop,0
onlybestsales,0.0,0.0,0.0,0.0,0,0,0,0.0,0.0,0.0,0,0,0,1,0,0.0,2,0,0,0,0.0,0.0,2026-10-05,2026-10-09,2026-W41,5.0,onlybestsales,0
dbarzz12,0.0,0.0,0.0,0.0,0,0,0,0.0,0.0,0.0,0,0,0,0,0,0.0,1,0,0,0,0.0,0.0,2026-10-05,2026-10-09,2026-W41,0.0,dbarzz12,0
kristen.w.17,0.0,0.0,0.0,0.0,0,0,0,0.0,0.0,0.0,2,2,4,1,1,0.0216,1577,1568,0,0,0.0,0.0,2026-10-05,2026-10-09,2026-W41,5.0,kristen.w.17,4
bryanybelen,0.0,0.0,0.0,0.0,0,0,0,0.0,0.0,0.0,0,0,0,1,0,0.0,0,0,0,0,0.0,0.0,2026-10-05,2026-10-09,2026-W41,5.0,bryanybelen,0
terranlikekaren,0.0,0.0,0.0,0.0,0,0,0,0.0,0.0,0.0,0,0,0,0,0,0.0,1,1,0,0,0.0,0.0,2026-10-05,2026-10-09,2026-W41,0.0,terranlikekaren,0
danad5956,0.0,0.0,0.0,0.0,0,0,0,0.0,0.0,0.0,0,0,0,0,0,0.1304,23,5,0,0,0.0,0.0,2026-10-05,2026-10-09,2026-W41,0.0,danad5956,0
joshfinds84,0.0,0.0,0.0,0.0,0,0,0,0.0,0.0,0.0,0,1,1,0,1,0.0125,639,640,0,0,0.0,0.0,2026-10-05,2026-10-09,2026-W41,0.0,joshfinds84,1
mila.chito,0.0,0.0,0.0,0.0,0,0,0,0.0,0.0,0.0,0,0,0,0,0,0.0,11,10,0,0,0.0,0.0,2026-10-05,2026-10-09,2026-W41,0.0,mila.chito,0
mirandagardner94,0.0,0.0,0.0,0.0,0,0,0,0.0,0.0,0.0,0,0,0,1,0,0.0,0,0,0,0,0.0,0.0,2026-10-05,2026-10-09,2026-W41,5.0,mirandagardner94,0
posh.finds,0.0,0.0,0.0,0.0,0,0,0,0.0,0.0,0.0,0,0,0,0,0,0.0,4,3,0,0,0.0,0.0,2026-10-05,2026-10-09,2026-W41,0.0,posh.finds,0
ria_reel_tok,0.0,0.0,0.0,0.0,0,0,0,0.0,0.0,0.0,0,0,0,2,0,0.0,0,0,0,0,0.0,0.0,2026-10-05,2026-10-09,2026-W41,10.0,ria_reel_tok,0
mydogwinter,0.0,0.0,0.0,0.0,0,0,0,0.0,0.0,0.0,0,0,0,0,0,0.0,184,169,0,0,0.0,0.0,2026-10-05,2026-10-09,2026-W41,0.0,mydogwinter,0
asmeeta1111,0.0,0.0,0.0,0.0,0,0,0,0.0,0.0,0.0,0,0,0,0,0,0.0,0,0,0,0,0.0,0.0,2026-10-05,2026-10-09,2026-W41,0.0,asmeeta1111,0
fitwellover40,0.0,0.0,0.0,0.0,0,0,0,0.0,0.0,0.0,0,0,0,0,0,0.0,9,2,0,0,0.0,0.0,2026-10-05,2026-10-09,2026-W41,0.0,fitwellover40,0
wildhearts72,0.0,0.0,0.0,0.0,0,0,0,0.0,0.0,0.0,0,0,0,0,0,0.0,1,1,0,0,0.0,0.0,2026-10-05,2026-10-09,2026-W41,0.0,wildhearts72,0
natyhomepicks,0.0,0.0,0.0,0.0,0,0,0,0.0,0.0,0.0,0,2,2,1,1,0.0109,183,92,0,0,0.0,0.0,2026-10-05,2026-10-09,2026-W41,5.0,natyhomepicks,2
dthomas6654,0.0,0.0,0.0,0.0,0,0,0,0.0,0.0,0.0,0,0,0,1,0,0.0,0,0,0,0,0.0,0.0,2026-10-05,2026-10-09,2026-W41,5.0,dthomas6654,0
juvie.finds,0.0,0.0,0.0,0.0,0,0,0,0.0,0.0,0.0,0,0,0,0,0,0.0,1,1,0,0,0.0,0.0,2026-10-05,2026-10-09,2026-W41,0.0,juvie.finds,0
zigs_page,0.0,0.0,0.0,0.0,0,0,0,0.0,0.0,0.0,0,0,0,0,0,0.0,1,0,0,0,0.0,0.0,2026-10-05,2026-10-09,2026-W41,0.0,zigs_page,0
sasay.g,0.0,0.0,0.0,0.0,0,0,0,0.0,0.0,0.0,0,0,0,1,0,0.0,0,0,0,0,0.0,0.0,2026-10-05,2026-10-09,2026-W41,5.0,sasay.g,0
sylvie.goose.jersey,0.0,0.0,0.0,0.0,0,0,0,0.0,0.0,0.0,0,1,2,1,1,0.004,250,236,0,0,0.0,0.0,2026-10-05,2026-10-09,2026-W41,5.0,sylvie.goose.jersey,1
reggieandfran,0.0,0.0,0.0,0.0,0,0,0,0.0,0.0,0.0,0,0,0,0,0,0.0,1,1,0,0,0.0,0.0,2026-10-05,2026-10-09,2026-W41,0.0,reggieandfran,0
knofinds,0.0,0.0,0.0,0.0,0,0,0,0.0,0.0,0.0,0,0,2,0,0,0.0045000000000000005,220,232,0,0,0.0,0.0,2026-10-05,2026-10-09,2026-W41,0.0,knofinds,0
chantal.creates2,0.0,0.0,0.0,0.0,0,0,0,0.0,0.0,0.0,0,2,1,1,1,0.004,494,477,0,0,0.0,0.0,2026-10-05,2026-10-09,2026-W41,5.0,chantal.creates2,2
momfinds4less,0.0,0.0,0.0,0.0,0,0,0,0.0,0.0,0.0,0,0,0,0,0,0.0,2,1,0,0,0.0,0.0,2026-10-05,2026-10-09,2026-W41,0.0,momfinds4less,0
littlebearoutfitters,0.0,0.0,0.0,0.0,0,0,0,0.0,0.0,0.0,2,0,0,0,1,0.0,4,1,0,0,0.0,0.0,2026-10-05,2026-10-09,2026-W41,0.0,littlebearoutfitters,2
arbytheminidoxie,0.0,0.0,0.0,0.0,0,0,0,0.0,0.0,0.0,0,0,0,0,0,0.0,1,1,0,0,0.0,0.0,2026-10-05,2026-10-09,2026-W41,0.0,arbytheminidoxie,0
wildfeatherart,0.0,0.0,0.0,0.0,0,0,0,0.0,0.0,0.0,0,0,0,0,0,0.0,1,0,0,0,0.0,0.0,2026-10-05,2026-10-09,2026-W41,0.0,wildfeatherart,0
tannerthetiktokcat,0.0,0.0,0.0,0.0,0,0,0,0.0,0.0,0.0,0,0,0,0,0,0.0,0,0,0,0,0.0,0.0,2026-10-05,2026-10-09,2026-W41,0.0,tannerthetiktokcat,0
thegatoscottage,0.0,0.0,0.0,0.0,0,0,0,0.0,0.0,0.0,4,0,4,3,2,0.0,42,0,0,0,0.0,0.0,2026-10-05,2026-10-09,2026-W41,15.0,thegatoscottage,4
nats.journey0,0.0,0.0,0.0,0.0,0,0,0,0.0,0.0,0.0,0,0,0,0,0,0.0,2,3,0,0,0.0,0.0,2026-10-05,2026-10-09,2026-W41,0.0,nats.journey0,0
twotinytornados,0.0,0.0,0.0,0.0,0,0,0,0.0,0.0,0.0,0,0,0,0,0,0.0,2,0,0,0,0.0,0.0,2026-10-05,2026-10-09,2026-W41,0.0,twotinytornados,0
domidoodle.archie,0.0,0.0,0.0,0.0,0,0,0,0.0,0.0,0.0,0,2,2,1,1,0.0337,89,48,0,0,0.0,0.0,2026-10-05,2026-10-09,2026-W41,5.0,domidoodle.archie,2
thtbookgirlreads1,0.0,0.0,0.0,0.0,0,0,0,0.0,0.0,0.0,0,0,0,0,0,0.0,1,2,0,0,0.0,0.0,2026-10-05,2026-10-09,2026-W41,0.0,thtbookgirlreads1,0
ingridsandovalg,0.0,0.0,0.0,0.0,0,0,0,0.0,0.0,0.0,0,0,0,1,0,0.0,11,0,0,0,0.0,0.0,2026-10-05,2026-10-09,2026-W41,5.0,ingridsandovalg,0
wendi.tts,0.0,0.0,0.0,0.0,0,0,0,0.0,0.0,0.0,0,0,0,0,0,0.0,1,0,0,0,0.0,0.0,2026-10-05,2026-10-09,2026-W41,0.0,wendi.tts,0
lady.tsunade.ecgr,0.0,0.0,0.0,0.0,0,0,0,0.0,0.0,0.0,0,0,0,1,0,0.0,2,0,0,0,0.0,0.0,2026-10-05,2026-10-09,2026-W41,5.0,lady.tsunade.ecgr,0
sabrina_honir,0.0,0.0,0.0,0.0,0,0,0,0.0,0.0,0.0,0,0,0,0,0,0.0,0,0,0,0,0.0,0.0,2026-10-05,2026-10-09,2026-W41,0.0,sabrina_honir,0
mississippi.queen01,0.0,0.0,0.0,0.0,0,0,0,0.0,0.0,0.0,0,0,0,0,0,0.0,2,0,0,0,0.0,0.0,2026-10-05,2026-10-09,2026-W41,0.0,mississippi.queen01,0
adinamaligatorshop,0.0,0.0,0.0,0.0,0,0,0,0.0,0.0,0.0,0,0,0,0,0,0.05,20,13,0,0,0.0,0.0,2026-10-05,2026-10-09,2026-W41,0.0,adinamaligatorshop,0
the.sheldon.show,0.0,0.0,0.0,0.0,0,0,0,0.0,0.0,0.0,0,0,0,0,0,0.0,3,2,0,0,0.0,0.0,2026-10-05,2026-10-09,2026-W41,0.0,the.sheldon.show,0
tailtrendz2025,0.0,0.0,0.0,0.0,0,0,0,0.0,0.0,0.0,0,0,0,0,0,0.0,17,21,0,0,0.0,0.0,2026-10-05,2026-10-09,2026-W41,0.0,tailtrendz2025,0
mamareald3,0.0,0.0,0.0,0.0,0,0,0,0.0,0.0,0.0,0,0,0,0,0,0.0,3,3,0,0,0.0,0.0,2026-10-05,2026-10-09,2026-W41,0.0,mamareald3,0
rebeccaboooooo,0.0,0.0,0.0,0.0,0,0,0,0.0,0.0,0.0,0,3,4,1,1,0.0058,1539,1448,0,0,0.0,0.0,2026-10-05,2026-10-09,2026-W41,5.0,rebeccaboooooo,3
aimeethevettech,0.0,0.0,0.0,0.0,0,0,0,0.0,0.0,0.0,0,0,0,0,0,0.0,1,0,0,0,0.0,0.0,2026-10-05,2026-10-09,2026-W41,0.0,aimeethevettech,0
_gustheweenie,0.0,0.0,0.0,0.0,0,0,0,0.0,0.0,0.0,0,0,0,1,0,0.0,6,0,0,0,0.0,0.0,2026-10-05,2026-10-09,2026-W41,5.0,_gustheweenie,0
spags.21,0.0,0.0,0.0,0.0,0,0,0,0.0,0.0,0.0,2,1,0,0,1,0.014199999999999999,2117,1975,0,0,0.0,0.0,2026-10-05,2026-10-09,2026-W41,0.0,spags.21,3
daymesee1111,0.0,0.0,0.0,0.0,0,0,0,0.0,0.0,0.0,0,0,0,1,0,0.0,2,0,0,0,0.0,0.0,2026-10-05,2026-10-09,2026-W41,5.0,daymesee1111,0
fairygardenmom3,0.0,0.0,0.0,0.0,0,0,0,0.0,0.0,0.0,0,1,0,1,1,0.0233,43,38,0,0,0.0,0.0,2026-10-05,2026-10-09,2026-W41,5.0,fairygardenmom3,1
unduoshop,0.0,0.0,0.0,0.0,0,0,0,0.0,0.0,0.0,0,0,0,0,0,0.0,18,14,0,0,0.0,0.0,2026-10-05,2026-10-09,2026-W41,0.0,unduoshop,0
thedesertfrenchie,0.0,0.0,0.0,0.0,0,0,0,0.0,0.0,0.0,0,1,1,1,1,0.0132,228,225,0,0,0.0,0.0,2026-10-05,2026-10-09,2026-W41,5.0,thedesertfrenchie,1
katiefindsdeals0,0.0,0.0,0.0,0.0,0,0,0,0.0,0.0,0.0,0,2,0,2,1,0.0078000000000000005,383,350,0,0,0.0,0.0,2026-10-05,2026-10-09,2026-W41,10.0,katiefindsdeals0,2
ruinedbydarkromance,0.0,0.0,0.0,0.0,0,0,0,0.0,0.0,0.0,0,0,0,0,0,0.0,1,0,0,0,0.0,0.0,2026-10-05,2026-10-09,2026-W41,0.0,ruinedbydarkromance,0
fernando.jose.nol5,0.0,0.0,0.0,0.0,0,0,0,0.0,0.0,0.0,0,0,0,1,0,0.0,0,0,0,0,0.0,0.0,2026-10-05,2026-10-09,2026-W41,5.0,fernando.jose.nol5,0
molly_balls,0.0,0.0,0.0,0.0,0,0,0,0.0,0.0,0.0,0,0,0,0,0,0.0,10,6,0,0,0.0,0.0,2026-10-05,2026-10-09,2026-W41,0.0,molly_balls,0
makeitblissful,0.0,0.0,0.0,0.0,0,0,0,0.0,0.0,0.0,0,0,0,0,0,0.0,2,0,0,0,0.0,0.0,2026-10-05,2026-10-09,2026-W41,0.0,makeitblissful,0
live_loaf_lenny,0.0,0.0,0.0,0.0,0,0,0,0.0,0.0,0.0,0,0,0,1,0,0.0,2,0,0,0,0.0,0.0,2026-10-05,2026-10-09,2026-W41,5.0,live_loaf_lenny,0
poursomemagic,0.0,0.0,0.0,0.0,0,0,0,0.0,0.0,0.0,0,0,0,0,0,0.0,100,92,0,0,0.0,0.0,2026-10-05,2026-10-09,2026-W41,0.0,poursomemagic,0
prettysmarttech,0.0,0.0,0.0,0.0,0,0,0,0.0,0.0,0.0,0,0,0,0,0,0.0,1,0,0,0,0.0,0.0,2026-10-05,2026-10-09,2026-W41,0.0,prettysmarttech,0
estate.seller.kik,0.0,0.0,0.0,0.0,0,0,0,0.0,0.0,0.0,0,0,0,0,0,0.0,1,1,0,0,0.0,0.0,2026-10-05,2026-10-09,2026-W41,0.0,estate.seller.kik,0
rune_the_goon,0.0,0.0,0.0,0.0,0,0,0,0.0,0.0,0.0,0,0,0,0,0,0.016,125,103,0,0,0.0,0.0,2026-10-05,2026-10-09,2026-W41,0.0,rune_the_goon,0
allthingslife732,0.0,0.0,0.0,0.0,0,0,0,0.0,0.0,0.0,0,0,0,0,0,0.0,7,0,0,0,0.0,0.0,2026-10-05,2026-10-09,2026-W41,0.0,allthingslife732,0
winona5253,0.0,0.0,0.0,0.0,0,0,0,0.0,0.0,0.0,0,0,0,0,0,0.0,9,8,0,0,0.0,0.0,2026-10-05,2026-10-09,2026-W41,0.0,winona5253,0
diamondptnggirl,0.0,0.0,0.0,0.0,0,0,0,0.0,0.0,0.0,0,0,0,0,0,0.0,2,0,0,0,0.0,0.0,2026-10-05,2026-10-09,2026-W41,0.0,diamondptnggirl,0
rossymara0706,0.0,0.0,0.0,0.0,0,0,0,0.0,0.0,0.0,0,0,0,0,0,0.0,0,0,0,0,0.0,0.0,2026-10-05,2026-10-09,2026-W41,0.0,rossymara0706,0
penny.and.oliver,0.0,0.0,0.0,0.0,0,0,0,0.0,0.0,0.0,0,0,0,0,0,0.2069,29,30,0,0,0.0,0.0,2026-10-05,2026-10-09,2026-W41,0.0,penny.and.oliver,0
thatplantgirly,0.0,0.0,0.0,0.0,0,0,0,0.0,0.0,0.0,0,0,0,0,0,0.0,1,0,0,0,0.0,0.0,2026-10-05,2026-10-09,2026-W41,0.0,thatplantgirly,0
cassiemademebuyit,0.0,0.0,0.0,0.0,0,0,0,0.0,0.0,0.0,0,0,0,2,0,0.0,0,0,0,0,0.0,0.0,2026-10-05,2026-10-09,2026-W41,10.0,cassiemademebuyit,0
myfindsbb,0.0,0.0,0.0,0.0,0,0,0,0.0,0.0,0.0,1,0,1,0,1,0.0,6,0,0,0,0.0,0.0,2026-10-05,2026-10-09,2026-W41,0.0,myfindsbb,1
junicorg,0.0,0.0,0.0,0.0,0,0,0,0.0,0.0,0.0,2,0,1,3,1,0.0132,76,0,0,0,0.0,0.0,2026-10-05,2026-10-09,2026-W41,15.0,junicorg,2
charliecheesesteak,0.0,0.0,0.0,0.0,0,0,0,0.0,0.0,0.0,1,0,1,1,1,0.0068000000000000005,443,0,0,0,0.0,0.0,2026-10-05,2026-10-09,2026-W41,5.0,charliecheesesteak,1
pomfamilyfinds,0.0,0.0,0.0,0.0,0,0,0,0.0,0.0,0.0,0,1,1,1,1,0.0126,476,452,0,0,0.0,0.0,2026-10-05,2026-10-09,2026-W41,5.0,pomfamilyfinds,1
thesundayscroll26,0.0,0.0,0.0,0.0,0,0,0,0.0,0.0,0.0,0,0,0,0,0,0.0,0,0,0,0,0.0,0.0,2026-10-05,2026-10-09,2026-W41,0.0,thesundayscroll26,0
joyfulmama.hannah,0.0,0.0,0.0,0.0,0,0,0,0.0,0.0,0.0,3,4,0,0,1,0.0182,165,135,0,0,0.0,0.0,2026-10-05,2026-10-09,2026-W41,0.0,joyfulmama.hannah,7
darla.doodle.racin,0.0,0.0,0.0,0.0,0,0,0,0.0,0.0,0.0,2,1,3,2,1,0.037000000000000005,81,56,0,0,0.0,0.0,2026-10-05,2026-10-09,2026-W41,10.0,darla.doodle.racin,3
randomthursday2,0.0,0.0,0.0,0.0,0,0,0,0.0,0.0,0.0,0,0,0,0,0,0.0,1,0,0,0,0.0,0.0,2026-10-05,2026-10-09,2026-W41,0.0,randomthursday2,0
usagirlusayt,0.0,0.0,0.0,0.0,0,0,0,0.0,0.0,0.0,0,0,0,1,0,0.0,17,0,0,0,0.0,0.0,2026-10-05,2026-10-09,2026-W41,5.0,usagirlusayt,0
gazzanogetaways,0.0,0.0,0.0,0.0,0,0,0,0.0,0.0,0.0,0,0,0,0,0,0.0,45,38,0,0,0.0,0.0,2026-10-05,2026-10-09,2026-W41,0.0,gazzanogetaways,0
kokothelabradane,0.0,0.0,0.0,0.0,0,0,0,0.0,0.0,0.0,0,0,0,0,0,0.0,3,0,0,0,0.0,0.0,2026-10-05,2026-10-09,2026-W41,0.0,kokothelabradane,0
sortofawesome,0.0,0.0,0.0,0.0,0,0,0,0.0,0.0,0.0,0,0,2,0,0,0.0203,787,759,0,0,0.0,0.0,2026-10-05,2026-10-09,2026-W41,0.0,sortofawesome,0
garutshopingusa,0.0,0.0,0.0,0.0,0,0,0,0.0,0.0,0.0,0,0,0,1,0,0.0,0,0,0,0,0.0,0.0,2026-10-05,2026-10-09,2026-W41,5.0,garutshopingusa,0
life.with.cocoa,0.0,0.0,0.0,0.0,0,0,0,0.0,0.0,0.0,0,0,0,0,0,0.0,4,0,0,0,0.0,0.0,2026-10-05,2026-10-09,2026-W41,0.0,life.with.cocoa,0
shoppin4ux2,0.0,0.0,0.0,0.0,0,0,0,0.0,0.0,0.0,1,0,1,1,1,0.0,9,0,0,0,0.0,0.0,2026-10-05,2026-10-09,2026-W41,5.0,shoppin4ux2,1
somochifluff,0.0,0.0,0.0,0.0,0,0,0,0.0,0.0,0.0,0,1,0,0,1,0.0095,422,404,0,0,0.0,0.0,2026-10-05,2026-10-09,2026-W41,0.0,somochifluff,1
benjaminandwally,0.0,0.0,0.0,0.0,0,0,0,0.0,0.0,0.0,0,1,1,1,1,0.0027,367,333,0,0,0.0,0.0,2026-10-05,2026-10-09,2026-W41,5.0,benjaminandwally,1
pawsiblyonyx,0.0,0.0,0.0,0.0,0,0,0,0.0,0.0,0.0,0,0,0,1,0,0.0,0,0,0,0,0.0,0.0,2026-10-05,2026-10-09,2026-W41,5.0,pawsiblyonyx,0
michellet_ugc_creator,0.0,0.0,0.0,0.0,0,0,0,0.0,0.0,0.0,0,1,1,1,1,0.0070999999999999995,141,130,0,0,0.0,0.0,2026-10-05,2026-10-09,2026-W41,5.0,michellet_ugc_creator,1
clark.cottage.farm,0.0,0.0,0.0,0.0,0,0,0,0.0,0.0,0.0,5,3,3,1,1,0.0059,509,453,0,0,0.0,0.0,2026-10-05,2026-10-09,2026-W41,5.0,clark.cottage.farm,8
andromeda.riddle,0.0,0.0,0.0,0.0,0,0,0,0.0,0.0,0.0,0,0,0,1,0,0.0,0,0,0,0,0.0,0.0,2026-10-05,2026-10-09,2026-W41,5.0,andromeda.riddle,0
stanley.the.cavap,0.0,0.0,0.0,0.0,0,0,0,0.0,0.0,0.0,0,0,0,0,0,0.0,0,0,0,0,0.0,0.0,2026-10-05,2026-10-09,2026-W41,0.0,stanley.the.cavap,0
sullysmama,0.0,0.0,0.0,0.0,0,0,0,0.0,0.0,0.0,0,1,0,0,1,0.0034999999999999996,283,275,0,0,0.0,0.0,2026-10-05,2026-10-09,2026-W41,0.0,sullysmama,1
jesszabokrtsky,0.0,0.0,0.0,0.0,0,0,0,0.0,0.0,0.0,0,0,0,0,0,0.0667,15,12,0,0,0.0,0.0,2026-10-05,2026-10-09,2026-W41,0.0,jesszabokrtsky,0
nalabeanthepibble7,0.0,0.0,0.0,0.0,0,0,0,0.0,0.0,0.0,0,0,0,0,0,0.0,1,0,0,0,0.0,0.0,2026-10-05,2026-10-09,2026-W41,0.0,nalabeanthepibble7,0
komo_tortiecat,0.0,0.0,0.0,0.0,0,0,0,0.0,0.0,0.0,1,0,0,0,1,0.0,14,0,0,0,0.0,0.0,2026-10-05,2026-10-09,2026-W41,0.0,komo_tortiecat,1
thepawsitivereview,0.0,0.0,0.0,0.0,0,0,0,0.0,0.0,0.0,0,2,0,0,1,0.0045000000000000005,664,543,0,0,0.0,0.0,2026-10-05,2026-10-09,2026-W41,0.0,thepawsitivereview,2
pettok761,0.0,0.0,0.0,0.0,0,0,0,0.0,0.0,0.0,0,1,0,0,1,0.0,332,308,0,0,0.0,0.0,2026-10-05,2026-10-09,2026-W41,0.0,pettok761,1
