Creator name,Creator-attributed GMV,Creator LIVE-attributed GMV,Creator video-attributed GMV,Refunds,Attributed orders,Creator-attributed items sold,Items refunded,AOV,Affiliate product card-attributed GMV,CTOR,LIVE streams,Videos,Total sample content,Samples shipped,Products added to showcase,CTR,Product impressions,Video views,Customers,Products sold,Est. commission,Est. flat fee,week_start,snapshot_date,week_id,sample_cost,creator_key,content_count
.doglover1151,0.0,0.0,0.0,0.0,0,0,0,0.0,0.0,0.0,0,1,0,1,1,0.0204,49,33,0,0,0.0,0.0,2026-04-11,2026-10-09,2026-04-11 全周期,5.0,.doglover1151,1
.neuroedge,0.0,0.0,0.0,0.0,0,0,0,0.0,0.0,0.0,0,0,0,1,0,0.0,2,0,0,0,0.0,0.0,2026-04-11,2026-10-09,2026-04-11 全周期,5.0,.neuroedge,0
1.silly.girl,0.0,0.0,0.0,0.0,0,0,0,0.0,0.0,0.0,0,1,1,1,1,0.0732,41,40,0,0,0.0,0.0,2026-04-11,2026-10-09,2026-04-11 全周期,5.0,1.silly.girl,1
2speedster,0.0,0.0,0.0,0.0,0,0,0,0.0,0.0,0.0,0,0,0,0,0,0.0,2,196,0,0,0.0,0.0,2026-04-11,2026-10-09,2026-04-11 全周期,0.0,2speedster,0
315athena,0.0,0.0,0.0,0.0,0,0,0,0.0,0.0,0.0,0,0,0,0,0,0.0,16,53769,0,0,0.0,0.0,2026-04-11,2026-10-09,2026-04-11 全周期,0.0,315athena,0
3feralgremlins,0.0,0.0,0.0,0.0,0,0,0,0.0,0.0,0.0,0,2,1,1,1,0.0051,197,12861,0,0,0.0,0.0,2026-04-11,2026-10-09,2026-04-11 全周期,5.0,3feralgremlins,2
444emmylee,0.0,0.0,0.0,0.0,0,0,0,0.0,0.0,0.0,0,1,1,1,1,0.0,285,274,0,0,0.0,0.0,2026-04-11,2026-10-09,2026-04-11 全周期,5.0,444emmylee,1
502pennies,0.0,0.0,0.0,0.0,0,0,0,0.0,0.0,0.0,0,1,1,1,1,0.003,331,299,0,0,0.0,0.0,2026-04-11,2026-10-09,2026-04-11 全周期,5.0,502pennies,1
75percentcrunchy,0.0,0.0,0.0,0.0,0,0,0,0.0,0.0,0.0,0,0,0,0,0,0.3,10,44050,0,0,0.0,0.0,2026-04-11,2026-10-09,2026-04-11 全周期,0.0,75percentcrunchy,0
9videomarketing,0.0,0.0,0.0,0.0,0,0,0,0.0,0.0,0.0,0,1,0,0,1,0.0189,317,19753,0,0,0.0,0.0,2026-04-11,2026-10-09,2026-04-11 全周期,0.0,9videomarketing,1
____lizzzz____,0.0,0.0,0.0,0.0,0,0,0,0.0,0.0,0.0,0,1,1,1,1,0.0,85,79,0,0,0.0,0.0,2026-04-11,2026-10-09,2026-04-11 全周期,5.0,____lizzzz____,1
__andieeeee__,0.0,0.0,0.0,0.0,0,0,0,0.0,0.0,0.0,0,0,0,1,0,0.0,0,0,0,0,0.0,0.0,2026-04-11,2026-10-09,2026-04-11 全周期,5.0,__andieeeee__,0
_alpha_090,0.0,0.0,0.0,0.0,0,0,0,0.0,0.0,0.0,0,0,0,0,0,0.0,1,2443,0,0,0.0,0.0,2026-04-11,2026-10-09,2026-04-11 全周期,0.0,_alpha_090,0
_alycen,14.99,0.0,14.99,0.0,1,1,0,14.99,0.0,0.1,0,1,1,1,1,0.0141,708,66625,1,0,2.25,0.0,2026-04-11,2026-10-09,2026-04-11 全周期,5.0,_alycen,1
_gigi.a,0.0,0.0,0.0,0.0,0,0,0,0.0,0.0,0.0,0,0,0,0,0,0.0,6,698,0,0,0.0,0.0,2026-04-11,2026-10-09,2026-04-11 全周期,0.0,_gigi.a,0
_gustheweenie,0.0,0.0,0.0,0.0,0,0,0,0.0,0.0,0.0,0,0,0,1,0,0.0,6,0,0,0,0.0,0.0,2026-04-11,2026-10-09,2026-04-11 全周期,5.0,_gustheweenie,0
_jenniferdunn_,0.0,0.0,0.0,0.0,0,0,0,0.0,0.0,0.0,0,1,0,1,1,0.0,333,13226,0,0,0.0,0.0,2026-04-11,2026-10-09,2026-04-11 全周期,5.0,_jenniferdunn_,1
_marie_lea_,0.0,0.0,0.0,0.0,0,0,0,0.0,0.0,0.0,0,0,0,1,0,0.0,0,25,0,0,0.0,0.0,2026-04-11,2026-10-09,2026-04-11 全周期,5.0,_marie_lea_,0
_nyla_mess_rv_life_,0.0,0.0,0.0,0.0,0,0,0,0.0,0.0,0.0,0,0,0,1,0,0.0,3,882,0,0,0.0,0.0,2026-04-11,2026-10-09,2026-04-11 全周期,5.0,_nyla_mess_rv_life_,0
_rasheemaa,0.0,0.0,0.0,0.0,0,0,0,0.0,0.0,0.0,0,0,0,0,0,0.0,0,142,0,0,0.0,0.0,2026-04-11,2026-10-09,2026-04-11 全周期,0.0,_rasheemaa,0
_suelala,0.0,0.0,0.0,0.0,0,0,0,0.0,0.0,0.0,0,1,0,1,1,0.0033,304,268,0,0,0.0,0.0,2026-04-11,2026-10-09,2026-04-11 全周期,5.0,_suelala,1
_wtfbritt,0.0,0.0,0.0,0.0,0,0,0,0.0,0.0,0.0,0,0,0,1,0,0.0,0,0,0,0,0.0,0.0,2026-04-11,2026-10-09,2026-04-11 全周期,5.0,_wtfbritt,0
abillings0920,0.0,0.0,0.0,0.0,0,0,0,0.0,0.0,0.0,0,1,1,1,1,0.008,251,32984,0,0,0.0,0.0,2026-04-11,2026-10-09,2026-04-11 全周期,5.0,abillings0920,1
abuckley0304124,0.0,0.0,0.0,0.0,0,0,0,0.0,0.0,0.0,0,0,0,0,0,0.0,10,10603,0,0,0.0,0.0,2026-04-11,2026-10-09,2026-04-11 全周期,0.0,abuckley0304124,0
aceandallithefrenchies,0.0,0.0,0.0,0.0,0,0,0,0.0,0.0,0.0,0,0,0,1,0,0.0,0,0,0,0,0.0,0.0,2026-04-11,2026-10-09,2026-04-11 全周期,5.0,aceandallithefrenchies,0
adinamaligatorshop,0.0,0.0,0.0,0.0,0,0,0,0.0,0.0,0.0,0,1,1,1,1,0.0085,353,320,0,0,0.0,0.0,2026-04-11,2026-10-09,2026-04-11 全周期,5.0,adinamaligatorshop,1
adrianfernandezshow,0.0,0.0,0.0,0.0,0,0,0,0.0,0.0,0.0,0,0,0,0,0,0.0,1,22037,0,0,0.0,0.0,2026-04-11,2026-10-09,2026-04-11 全周期,0.0,adrianfernandezshow,0
adriannayoungeryost,0.0,0.0,0.0,0.0,0,0,0,0.0,0.0,0.0,0,0,0,0,0,0.0,3,8114,0,0,0.0,0.0,2026-04-11,2026-10-09,2026-04-11 全周期,0.0,adriannayoungeryost,0
adrirachelle,0.0,0.0,0.0,0.0,0,0,0,0.0,0.0,0.0,0,0,0,0,0,0.0,2,0,0,0,0.0,0.0,2026-04-11,2026-10-09,2026-04-11 全周期,0.0,adrirachelle,0
adultinglady,0.0,0.0,0.0,0.0,0,0,0,0.0,0.0,0.0,1,1,1,1,1,0.0051,196,112,0,0,0.0,0.0,2026-04-11,2026-10-09,2026-04-11 全周期,5.0,adultinglady,2
adventuresofkady,0.0,0.0,0.0,0.0,0,0,0,0.0,0.0,0.0,0,0,0,0,0,0.0,0,30,0,0,0.0,0.0,2026-04-11,2026-10-09,2026-04-11 全周期,0.0,adventuresofkady,0
aestheticallyrn,0.0,0.0,0.0,0.0,0,0,0,0.0,0.0,0.0,0,0,0,0,0,0.0,2,0,0,0,0.0,0.0,2026-04-11,2026-10-09,2026-04-11 全周期,0.0,aestheticallyrn,0
ahintofbrownsuga54,0.0,0.0,0.0,0.0,0,0,0,0.0,0.0,0.0,0,1,2,1,1,0.0179,112,103,0,0,0.0,0.0,2026-04-11,2026-10-09,2026-04-11 全周期,5.0,ahintofbrownsuga54,1
aimeethevettech,0.0,0.0,0.0,0.0,0,0,0,0.0,0.0,0.0,0,0,0,0,0,0.0,3,50,0,0,0.0,0.0,2026-04-11,2026-10-09,2026-04-11 全周期,0.0,aimeethevettech,0
air_bear2503,0.0,0.0,0.0,0.0,0,0,0,0.0,0.0,0.0,0,0,0,0,0,0.0,0,0,0,0,0.0,0.0,2026-04-11,2026-10-09,2026-04-11 全周期,0.0,air_bear2503,0
ajaharjae,0.0,0.0,0.0,0.0,0,0,0,0.0,0.0,0.0,0,0,0,0,0,0.0,1,30,0,0,0.0,0.0,2026-04-11,2026-10-09,2026-04-11 全周期,0.0,ajaharjae,0
alacartaconsabor,0.0,0.0,0.0,0.0,0,0,0,0.0,0.0,0.0,0,0,0,0,0,0.0,14,543198,0,0,0.0,0.0,2026-04-11,2026-10-09,2026-04-11 全周期,0.0,alacartaconsabor,0
albie.creator,0.0,0.0,0.0,0.0,0,0,0,0.0,0.0,0.0,0,1,1,1,1,0.0079,380,63211,0,0,0.0,0.0,2026-04-11,2026-10-09,2026-04-11 全周期,5.0,albie.creator,1
alejox1940,0.0,0.0,0.0,0.0,0,0,0,0.0,0.0,0.0,0,1,1,1,1,0.003,335,321,0,0,0.0,0.0,2026-04-11,2026-10-09,2026-04-11 全周期,5.0,alejox1940,1
alex_bennett_047,0.0,0.0,0.0,0.0,0,0,0,0.0,0.0,0.0,0,0,0,0,0,0.5714,7,43955,0,0,0.0,0.0,2026-04-11,2026-10-09,2026-04-11 全周期,0.0,alex_bennett_047,0
alexayjuancho,0.0,0.0,0.0,0.0,0,0,0,0.0,0.0,0.0,0,0,0,0,0,0.0,13,0,0,0,0.0,0.0,2026-04-11,2026-10-09,2026-04-11 全周期,0.0,alexayjuancho,0
alexfranco0317,0.0,0.0,0.0,0.0,0,0,0,0.0,0.0,0.0,0,0,0,0,0,0.0,21,64264,0,0,0.0,0.0,2026-04-11,2026-10-09,2026-04-11 全周期,0.0,alexfranco0317,0
alexisjohnson92,0.0,0.0,0.0,0.0,0,0,0,0.0,0.0,0.0,0,0,0,0,0,0.0,2,5,0,0,0.0,0.0,2026-04-11,2026-10-09,2026-04-11 全周期,0.0,alexisjohnson92,0
aleyasbeautycorner,0.0,0.0,0.0,0.0,0,0,0,0.0,0.0,0.0,0,0,0,1,0,0.0,0,0,0,0,0.0,0.0,2026-04-11,2026-10-09,2026-04-11 全周期,5.0,aleyasbeautycorner,0
aliciaaxruddy96,0.0,0.0,0.0,0.0,0,0,0,0.0,0.0,0.0,0,0,0,0,0,0.0,2,1380,0,0,0.0,0.0,2026-04-11,2026-10-09,2026-04-11 全周期,0.0,aliciaaxruddy96,0
alishab7533,0.0,0.0,0.0,0.0,0,0,0,0.0,0.0,0.0,0,1,1,1,1,0.0054,373,5723,0,0,0.0,0.0,2026-04-11,2026-10-09,2026-04-11 全周期,5.0,alishab7533,1
alittlelifewithchas,0.0,0.0,0.0,0.0,0,0,0,0.0,0.0,0.0,0,0,0,0,0,0.0,5,1207,0,0,0.0,0.0,2026-04-11,2026-10-09,2026-04-11 全周期,0.0,alittlelifewithchas,0
alittlesugarinthetank,0.0,0.0,0.0,0.0,0,0,0,0.0,0.0,0.0,0,0,0,0,0,0.0,3,37,0,0,0.0,0.0,2026-04-11,2026-10-09,2026-04-11 全周期,0.0,alittlesugarinthetank,0
allisonkay1989,0.0,0.0,0.0,0.0,0,0,0,0.0,0.0,0.0,0,0,0,0,0,0.0,4,12186,0,0,0.0,0.0,2026-04-11,2026-10-09,2026-04-11 全周期,0.0,allisonkay1989,0
allthingslife732,0.0,0.0,0.0,0.0,0,0,0,0.0,0.0,0.0,0,1,1,1,1,0.009899999999999999,101,2699,0,0,0.0,0.0,2026-04-11,2026-10-09,2026-04-11 全周期,5.0,allthingslife732,1
allthingssunshiney,0.0,0.0,0.0,0.0,0,0,0,0.0,0.0,0.0,0,1,1,1,1,0.023799999999999998,881,264817,0,0,0.0,0.0,2026-04-11,2026-10-09,2026-04-11 全周期,5.0,allthingssunshiney,1
allthingswithbecca,0.0,0.0,0.0,0.0,0,0,0,0.0,0.0,0.0,0,1,1,1,1,0.0029,345,313,0,0,0.0,0.0,2026-04-11,2026-10-09,2026-04-11 全周期,5.0,allthingswithbecca,1
allywheelstheworld,0.0,0.0,0.0,0.0,0,0,0,0.0,0.0,0.0,0,0,0,0,0,0.0,6,1303,0,0,0.0,0.0,2026-04-11,2026-10-09,2026-04-11 全周期,0.0,allywheelstheworld,0
almaarvaz,0.0,0.0,0.0,0.0,0,0,0,0.0,0.0,0.0,0,0,0,0,0,0.0,1,1,0,0,0.0,0.0,2026-04-11,2026-10-09,2026-04-11 全周期,0.0,almaarvaz,0
alongcameatlas,0.0,0.0,0.0,0.0,0,0,0,0.0,0.0,0.0,0,0,0,0,0,0.0,3,275,0,0,0.0,0.0,2026-04-11,2026-10-09,2026-04-11 全周期,0.0,alongcameatlas,0
alpha_deal,0.0,0.0,0.0,0.0,0,0,0,0.0,0.0,0.0,1,0,1,1,1,0.0308,65,57081,0,0,0.0,0.0,2026-04-11,2026-10-09,2026-04-11 全周期,5.0,alpha_deal,1
alphas.healing.vi,0.0,0.0,0.0,0.0,0,0,0,0.0,0.0,0.0,0,0,0,0,0,0.0,9,14478,0,0,0.0,0.0,2026-04-11,2026-10-09,2026-04-11 全周期,0.0,alphas.healing.vi,0
alykofficial,0.0,0.0,0.0,0.0,0,0,0,0.0,0.0,0.0,0,0,0,0,0,0.0,0,0,0,0,0.0,0.0,2026-04-11,2026-10-09,2026-04-11 全周期,0.0,alykofficial,0
amanda.marie327,0.0,0.0,0.0,0.0,0,0,0,0.0,0.0,0.0,0,1,0,0,1,0.0444,45,6732,0,0,0.0,0.0,2026-04-11,2026-10-09,2026-04-11 全周期,0.0,amanda.marie327,1
amanda_lately,0.0,0.0,0.0,0.0,0,0,0,0.0,0.0,0.0,0,2,2,1,1,0.003,986,75128,0,0,0.0,0.0,2026-04-11,2026-10-09,2026-04-11 全周期,5.0,amanda_lately,2
amandastanton689,0.0,0.0,0.0,0.0,0,0,0,0.0,0.0,0.0,0,0,0,1,0,0.0,1,0,0,0,0.0,0.0,2026-04-11,2026-10-09,2026-04-11 全周期,5.0,amandastanton689,0
amandasworldentertains,0.0,0.0,0.0,0.0,0,0,0,0.0,0.0,0.0,0,1,1,1,1,0.0,5,9776,0,0,0.0,0.0,2026-04-11,2026-10-09,2026-04-11 全周期,5.0,amandasworldentertains,1
amber.1990,0.0,0.0,0.0,0.0,0,0,0,0.0,0.0,0.0,0,1,0,1,1,0.0,1,102,0,0,0.0,0.0,2026-04-11,2026-10-09,2026-04-11 全周期,5.0,amber.1990,1
amber_homedecor_dogs,0.0,0.0,0.0,0.0,0,0,0,0.0,0.0,0.0,0,0,0,0,0,0.0,6,15426,0,0,0.0,0.0,2026-04-11,2026-10-09,2026-04-11 全周期,0.0,amber_homedecor_dogs,0
ambercalhoun33,0.0,0.0,0.0,0.0,0,0,0,0.0,0.0,0.0,0,0,0,0,0,0.0,1,623,0,0,0.0,0.0,2026-04-11,2026-10-09,2026-04-11 全周期,0.0,ambercalhoun33,0
amberdaugherty396,0.0,0.0,0.0,0.0,0,0,0,0.0,0.0,0.0,0,1,1,1,1,0.0,29,107075,0,0,0.0,0.0,2026-04-11,2026-10-09,2026-04-11 全周期,5.0,amberdaugherty396,1
amberequinetherapist,44.97,0.0,44.97,0.0,3,3,0,14.99,0.0,0.0,0,8,7,1,1,0.0106,2446,7975,3,0,6.75,0.0,2026-04-11,2026-10-09,2026-04-11 全周期,5.0,amberequinetherapist,8
amberkelleyaden,0.0,0.0,0.0,0.0,0,0,0,0.0,0.0,0.0,0,0,0,0,0,0.0,4,2574,0,0,0.0,0.0,2026-04-11,2026-10-09,2026-04-11 全周期,0.0,amberkelleyaden,0
ambersndtopaz,0.0,0.0,0.0,0.0,0,0,0,0.0,0.0,0.0,0,1,0,1,1,0.0,18,10,0,0,0.0,0.0,2026-04-11,2026-10-09,2026-04-11 全周期,5.0,ambersndtopaz,1
ami.recommends,0.0,0.0,0.0,0.0,0,0,0,0.0,0.0,0.0,0,0,0,0,0,0.0,1,0,0,0,0.0,0.0,2026-04-11,2026-10-09,2026-04-11 全周期,0.0,ami.recommends,0
aminoureen,0.0,0.0,0.0,0.0,0,0,0,0.0,0.0,0.0,0,0,0,0,0,0.0,0,231410,0,0,0.0,0.0,2026-04-11,2026-10-09,2026-04-11 全周期,0.0,aminoureen,0
amocatbullies,0.0,0.0,0.0,0.0,0,0,0,0.0,0.0,0.0,0,1,1,1,1,0.0,46,45,0,0,0.0,0.0,2026-04-11,2026-10-09,2026-04-11 全周期,5.0,amocatbullies,1
amy.vlog777,0.0,0.0,0.0,0.0,0,0,0,0.0,0.0,0.0,0,1,0,0,1,0.005,397,372,0,0,0.0,0.0,2026-04-11,2026-10-09,2026-04-11 全周期,0.0,amy.vlog777,1
amy_bledsoe1,0.0,0.0,0.0,0.0,0,0,0,0.0,0.0,0.0,0,0,0,0,0,0.0,101,38229,0,0,0.0,0.0,2026-04-11,2026-10-09,2026-04-11 全周期,0.0,amy_bledsoe1,0
amy_g777,0.0,0.0,0.0,0.0,0,0,0,0.0,0.0,0.0,0,2,2,1,1,0.0091,882,813,0,0,0.0,0.0,2026-04-11,2026-10-09,2026-04-11 全周期,5.0,amy_g777,2
amyjohighfield,0.0,0.0,0.0,0.0,0,0,0,0.0,0.0,0.0,0,0,0,0,0,0.0,1,48,0,0,0.0,0.0,2026-04-11,2026-10-09,2026-04-11 全周期,0.0,amyjohighfield,0
amysbalancedwellness,0.0,0.0,0.0,0.0,0,0,0,0.0,0.0,0.0,0,1,2,1,1,0.0034000000000000002,298,3337,0,0,0.0,0.0,2026-04-11,2026-10-09,2026-04-11 全周期,5.0,amysbalancedwellness,1
amyxclusive77,0.0,0.0,0.0,0.0,0,0,0,0.0,0.0,0.0,0,0,0,1,0,0.0,0,0,0,0,0.0,0.0,2026-04-11,2026-10-09,2026-04-11 全周期,5.0,amyxclusive77,0
anamariaclick,0.0,0.0,0.0,0.0,0,0,0,0.0,0.0,0.0,0,4,2,1,1,0.020099999999999996,1589,945945,0,0,0.0,0.0,2026-04-11,2026-10-09,2026-04-11 全周期,5.0,anamariaclick,4
anaselic01,0.0,0.0,0.0,0.0,0,0,0,0.0,0.0,0.0,0,1,1,1,1,0.0077,648,643,0,0,0.0,0.0,2026-04-11,2026-10-09,2026-04-11 全周期,5.0,anaselic01,1
andersonsfinds,0.0,0.0,0.0,0.0,0,0,0,0.0,0.0,0.0,0,0,0,0,0,0.0,1,139784,0,0,0.0,0.0,2026-04-11,2026-10-09,2026-04-11 全周期,0.0,andersonsfinds,0
andreaalucena,0.0,0.0,0.0,0.0,0,0,0,0.0,0.0,0.0,0,0,0,0,0,0.0,1,1,0,0,0.0,0.0,2026-04-11,2026-10-09,2026-04-11 全周期,0.0,andreaalucena,0
andromeda.riddle,0.0,0.0,0.0,0.0,0,0,0,0.0,0.0,0.0,0,0,0,1,0,0.0,0,0,0,0,0.0,0.0,2026-04-11,2026-10-09,2026-04-11 全周期,5.0,andromeda.riddle,0
angel_odette86,0.0,0.0,0.0,0.0,0,0,0,0.0,0.0,0.0,1,0,1,1,1,0.0,26,0,0,0,0.0,0.0,2026-04-11,2026-10-09,2026-04-11 全周期,5.0,angel_odette86,1
angelicavelazquez978,0.0,0.0,0.0,0.0,0,0,0,0.0,0.0,0.0,0,0,0,0,0,0.0,0,0,0,0,0.0,0.0,2026-04-11,2026-10-09,2026-04-11 全周期,0.0,angelicavelazquez978,0
angelsmp84,0.0,0.0,0.0,0.0,0,0,0,0.0,0.0,0.0,0,0,0,0,0,0.0,5,3924,0,0,0.0,0.0,2026-04-11,2026-10-09,2026-04-11 全周期,0.0,angelsmp84,0
angiefindshop,0.0,0.0,0.0,0.0,0,0,0,0.0,0.0,0.0,0,0,0,0,0,0.0,0,0,0,0,0.0,0.0,2026-04-11,2026-10-09,2026-04-11 全周期,0.0,angiefindshop,0
angiemarieandcody,0.0,0.0,0.0,0.0,0,0,0,0.0,0.0,0.0,0,0,0,1,0,0.0,0,0,0,0,0.0,0.0,2026-04-11,2026-10-09,2026-04-11 全周期,5.0,angiemarieandcody,0
angiemariereynolds,0.0,0.0,0.0,0.0,0,0,0,0.0,0.0,0.0,0,1,1,1,1,0.024399999999999998,82,32639,0,0,0.0,0.0,2026-04-11,2026-10-09,2026-04-11 全周期,5.0,angiemariereynolds,1
anjel.webster,0.0,0.0,0.0,0.0,0,0,0,0.0,0.0,0.0,0,0,0,0,0,0.0,0,0,0,0,0.0,0.0,2026-04-11,2026-10-09,2026-04-11 全周期,0.0,anjel.webster,0
annakemka,0.0,0.0,0.0,0.0,0,0,0,0.0,0.0,0.0,0,0,0,0,0,0.0,0,14,0,0,0.0,0.0,2026-04-11,2026-10-09,2026-04-11 全周期,0.0,annakemka,0
annanallick,0.0,0.0,0.0,0.0,0,0,0,0.0,0.0,0.0,0,0,0,0,0,0.0,5,46496,0,0,0.0,0.0,2026-04-11,2026-10-09,2026-04-11 全周期,0.0,annanallick,0
annie_87r,0.0,0.0,0.0,0.0,0,0,0,0.0,0.0,0.0,0,0,0,0,0,0.0,26,0,0,0,0.0,0.0,2026-04-11,2026-10-09,2026-04-11 全周期,0.0,annie_87r,0
antssshop,0.0,0.0,0.0,0.0,0,0,0,0.0,0.0,0.0,0,0,0,0,0,0.0,8,39218,0,0,0.0,0.0,2026-04-11,2026-10-09,2026-04-11 全周期,0.0,antssshop,0
apocketfulloffur,0.0,0.0,0.0,0.0,0,0,0,0.0,0.0,0.0,0,1,0,0,1,0.0,20,20186,0,0,0.0,0.0,2026-04-11,2026-10-09,2026-04-11 全周期,0.0,apocketfulloffur,1
aprilkayecoaltrai,0.0,0.0,0.0,0.0,0,0,0,0.0,0.0,0.0,0,0,0,0,0,0.0,1,47500,0,0,0.0,0.0,2026-04-11,2026-10-09,2026-04-11 全周期,0.0,aprilkayecoaltrai,0
arabellasourglow,0.0,0.0,0.0,0.0,0,0,0,0.0,0.0,0.0,0,1,1,1,1,0.0068000000000000005,736,687,0,0,0.0,0.0,2026-04-11,2026-10-09,2026-04-11 全周期,5.0,arabellasourglow,1
araina_danielle,0.0,0.0,0.0,0.0,0,0,0,0.0,0.0,0.0,0,1,2,1,1,0.0124,323,286,0,0,0.0,0.0,2026-04-11,2026-10-09,2026-04-11 全周期,5.0,araina_danielle,1
arbytheminidoxie,0.0,0.0,0.0,0.0,0,0,0,0.0,0.0,0.0,0,1,1,1,1,0.01,100,158,0,0,0.0,0.0,2026-04-11,2026-10-09,2026-04-11 全周期,5.0,arbytheminidoxie,1
archerygirl60x,0.0,0.0,0.0,0.0,0,0,0,0.0,0.0,0.0,0,0,0,0,0,0.0,0,4188,0,0,0.0,0.0,2026-04-11,2026-10-09,2026-04-11 全周期,0.0,archerygirl60x,0
arena_haven,0.0,0.0,0.0,0.0,0,0,0,0.0,0.0,0.0,0,1,0,2,1,0.0435,23,25,0,0,0.0,0.0,2026-04-11,2026-10-09,2026-04-11 全周期,10.0,arena_haven,1
arie_.love,0.0,0.0,0.0,0.0,0,0,0,0.0,0.0,0.0,2,1,1,1,1,0.015700000000000002,383,293,0,0,0.0,0.0,2026-04-11,2026-10-09,2026-04-11 全周期,5.0,arie_.love,3
arielthecarolinagirl,0.0,0.0,0.0,0.0,0,0,0,0.0,0.0,0.0,0,0,0,0,0,0.0,0,0,0,0,0.0,0.0,2026-04-11,2026-10-09,2026-04-11 全周期,0.0,arielthecarolinagirl,0
arielys_and,0.0,0.0,0.0,0.0,0,0,0,0.0,0.0,0.0,0,0,0,0,0,0.11960000000000001,184,1906707,0,0,0.0,0.0,2026-04-11,2026-10-09,2026-04-11 全周期,0.0,arielys_and,0
arkansas_miniblue,0.0,0.0,0.0,0.0,0,0,0,0.0,0.0,0.0,0,0,0,1,0,0.0,0,0,0,0,0.0,0.0,2026-04-11,2026-10-09,2026-04-11 全周期,5.0,arkansas_miniblue,0
armitips,0.0,0.0,0.0,0.0,0,0,0,0.0,0.0,0.0,0,3,0,0,1,0.0038,798,17276,0,0,0.0,0.0,2026-04-11,2026-10-09,2026-04-11 全周期,0.0,armitips,3
ashberrypie,0.0,0.0,0.0,0.0,0,0,0,0.0,0.0,0.0,0,0,0,1,0,0.0,4,0,0,0,0.0,0.0,2026-04-11,2026-10-09,2026-04-11 全周期,5.0,ashberrypie,0
ashleehafer,0.0,0.0,0.0,0.0,0,0,0,0.0,0.0,0.0,0,0,0,0,0,0.0,3,0,0,0,0.0,0.0,2026-04-11,2026-10-09,2026-04-11 全周期,0.0,ashleehafer,0
ashley.johddles,0.0,0.0,0.0,0.0,0,0,0,0.0,0.0,0.0,0,1,2,1,1,0.0,116,112,0,0,0.0,0.0,2026-04-11,2026-10-09,2026-04-11 全周期,5.0,ashley.johddles,1
ashley_linn,0.0,0.0,0.0,0.0,0,0,0,0.0,0.0,0.0,0,1,1,1,1,0.0074,136,7677,0,0,0.0,0.0,2026-04-11,2026-10-09,2026-04-11 全周期,5.0,ashley_linn,1
ashleykfinds,0.0,0.0,0.0,0.0,0,0,0,0.0,0.0,0.0,0,0,0,1,0,0.0,0,0,0,0,0.0,0.0,2026-04-11,2026-10-09,2026-04-11 全周期,5.0,ashleykfinds,0
ashleylewis259,0.0,0.0,0.0,0.0,0,0,0,0.0,0.0,0.0,0,0,0,1,0,0.0,0,0,0,0,0.0,0.0,2026-04-11,2026-10-09,2026-04-11 全周期,5.0,ashleylewis259,0
ashleythesahmof6,0.0,0.0,0.0,0.0,0,0,0,0.0,0.0,0.0,0,1,1,1,1,0.0143,70,69,0,0,0.0,0.0,2026-04-11,2026-10-09,2026-04-11 全周期,5.0,ashleythesahmof6,1
ashlienicholewhat1,0.0,0.0,0.0,0.0,0,0,0,0.0,0.0,0.0,0,0,0,0,0,0.0,2,4512,0,0,0.0,0.0,2026-04-11,2026-10-09,2026-04-11 全周期,0.0,ashlienicholewhat1,0
ashtondeals,0.0,0.0,0.0,0.0,0,0,0,0.0,0.0,0.0,0,0,0,0,0,0.0,9,103938,0,0,0.0,0.0,2026-04-11,2026-10-09,2026-04-11 全周期,0.0,ashtondeals,0
ashybermudez,0.0,0.0,0.0,0.0,0,0,0,0.0,0.0,0.0,0,1,1,1,1,0.0564,2768,1121872,0,0,0.0,0.0,2026-04-11,2026-10-09,2026-04-11 全周期,5.0,ashybermudez,1
asmeeta1111,0.0,0.0,0.0,0.0,0,0,0,0.0,0.0,0.0,0,0,0,0,0,0.0,0,0,0,0,0.0,0.0,2026-04-11,2026-10-09,2026-04-11 全周期,0.0,asmeeta1111,0
aspoonfullofsugar77,0.0,0.0,0.0,0.0,0,0,0,0.0,0.0,0.0,0,0,0,0,0,0.0,4,41605,0,0,0.0,0.0,2026-04-11,2026-10-09,2026-04-11 全周期,0.0,aspoonfullofsugar77,0
astoldbyanna_,0.0,0.0,0.0,0.0,0,0,0,0.0,0.0,0.0,0,0,0,0,0,0.0,3,0,0,0,0.0,0.0,2026-04-11,2026-10-09,2026-04-11 全周期,0.0,astoldbyanna_,0
atlpupaupair,0.0,0.0,0.0,0.0,0,0,0,0.0,0.0,0.0,0,1,1,1,1,0.0,11,11,0,0,0.0,0.0,2026-04-11,2026-10-09,2026-04-11 全周期,5.0,atlpupaupair,1
atomic_ave,0.0,0.0,0.0,0.0,0,0,0,0.0,0.0,0.0,1,0,0,0,1,0.0,63,78261,0,0,0.0,0.0,2026-04-11,2026-10-09,2026-04-11 全周期,0.0,atomic_ave,1
auntbetty.finds,0.0,0.0,0.0,0.0,0,0,0,0.0,0.0,0.0,0,1,1,1,1,0.0051,392,3928031,0,0,0.0,0.0,2026-04-11,2026-10-09,2026-04-11 全周期,5.0,auntbetty.finds,1
aurora.naos,0.0,0.0,0.0,0.0,0,0,0,0.0,0.0,0.0,0,0,0,0,0,0.0,28,267398,0,0,0.0,0.0,2026-04-11,2026-10-09,2026-04-11 全周期,0.0,aurora.naos,0
austingoaliemom,0.0,0.0,0.0,0.0,0,0,0,0.0,0.0,0.0,0,0,0,0,0,0.0,2,1524,0,0,0.0,0.0,2026-04-11,2026-10-09,2026-04-11 全周期,0.0,austingoaliemom,0
autohub247,0.0,0.0,0.0,0.0,0,0,0,0.0,0.0,0.0,0,1,1,1,1,0.028300000000000002,1130,860975,0,0,0.0,0.0,2026-04-11,2026-10-09,2026-04-11 全周期,5.0,autohub247,1
autumn_kittyy,0.0,0.0,0.0,0.0,0,0,0,0.0,0.0,0.0,0,0,0,0,0,0.0,2,1355,0,0,0.0,0.0,2026-04-11,2026-10-09,2026-04-11 全周期,0.0,autumn_kittyy,0
autumn_r_barber,0.0,0.0,0.0,0.0,0,0,0,0.0,0.0,0.0,0,1,1,1,1,0.0,92,3323,0,0,0.0,0.0,2026-04-11,2026-10-09,2026-04-11 全周期,5.0,autumn_r_barber,1
b.fox508,0.0,0.0,0.0,0.0,0,0,0,0.0,0.0,0.0,0,1,1,1,1,0.0,43,65902,0,0,0.0,0.0,2026-04-11,2026-10-09,2026-04-11 全周期,5.0,b.fox508,1
b1ll.sells,0.0,0.0,0.0,0.0,0,0,0,0.0,0.0,0.0,0,0,0,1,0,0.0,0,0,0,0,0.0,0.0,2026-04-11,2026-10-09,2026-04-11 全周期,5.0,b1ll.sells,0
b33xg33,0.0,0.0,0.0,0.0,0,0,0,0.0,0.0,0.0,0,1,1,1,1,0.019299999999999998,415,384,0,0,0.0,0.0,2026-04-11,2026-10-09,2026-04-11 全周期,5.0,b33xg33,1
baaego,0.0,0.0,0.0,0.0,0,0,0,0.0,0.0,0.0,0,1,1,1,1,0.0,78,233100,0,0,0.0,0.0,2026-04-11,2026-10-09,2026-04-11 全周期,5.0,baaego,1
babiigurl707,0.0,0.0,0.0,0.0,0,0,0,0.0,0.0,0.0,0,0,0,0,0,0.0,2,0,0,0,0.0,0.0,2026-04-11,2026-10-09,2026-04-11 全周期,0.0,babiigurl707,0
badmammajamma1tena,0.0,0.0,0.0,0.0,0,0,0,0.0,0.0,0.0,0,0,0,0,0,0.4,5,28988,0,0,0.0,0.0,2026-04-11,2026-10-09,2026-04-11 全周期,0.0,badmammajamma1tena,0
bal.labb,0.0,0.0,0.0,0.0,0,0,0,0.0,0.0,0.0,0,0,0,0,0,0.0,1,9390,0,0,0.0,0.0,2026-04-11,2026-10-09,2026-04-11 全周期,0.0,bal.labb,0
balancedlifewithcourt,0.0,0.0,0.0,0.0,0,0,0,0.0,0.0,0.0,0,0,0,0,0,0.0,19,1220,0,0,0.0,0.0,2026-04-11,2026-10-09,2026-04-11 全周期,0.0,balancedlifewithcourt,0
baloo_the_aussie,0.0,0.0,0.0,0.0,0,0,0,0.0,0.0,0.0,0,0,0,0,0,1.0,2,0,0,0,0.0,0.0,2026-04-11,2026-10-09,2026-04-11 全周期,0.0,baloo_the_aussie,0
bandannaatl,0.0,0.0,0.0,0.0,0,0,0,0.0,0.0,0.0,0,0,0,0,0,0.0,12,88659,0,0,0.0,0.0,2026-04-11,2026-10-09,2026-04-11 全周期,0.0,bandannaatl,0
barbara.cano4,0.0,0.0,0.0,0.0,0,0,0,0.0,0.0,0.0,0,0,0,0,0,0.0,4,0,0,0,0.0,0.0,2026-04-11,2026-10-09,2026-04-11 全周期,0.0,barbara.cano4,0
barbybee15,0.0,0.0,0.0,0.0,0,0,0,0.0,0.0,0.0,0,0,0,1,0,0.0,0,0,0,0,0.0,0.0,2026-04-11,2026-10-09,2026-04-11 全周期,5.0,barbybee15,0
baybeauty79,0.0,0.0,0.0,0.0,0,0,0,0.0,0.0,0.0,0,0,0,0,0,0.0,3,0,0,0,0.0,0.0,2026-04-11,2026-10-09,2026-04-11 全周期,0.0,baybeauty79,0
bbeautiful1111,0.0,0.0,0.0,0.0,0,0,0,0.0,0.0,0.0,0,1,1,1,1,0.0202,99,89,0,0,0.0,0.0,2026-04-11,2026-10-09,2026-04-11 全周期,5.0,bbeautiful1111,1
bbmeowbiome,0.0,0.0,0.0,0.0,0,0,0,0.0,0.0,0.0,0,0,0,1,0,0.0,0,0,0,0,0.0,0.0,2026-04-11,2026-10-09,2026-04-11 全周期,5.0,bbmeowbiome,0
bbspoods,0.0,0.0,0.0,0.0,0,0,0,0.0,0.0,0.0,0,1,1,1,1,0.0108,93,5967,0,0,0.0,0.0,2026-04-11,2026-10-09,2026-04-11 全周期,5.0,bbspoods,1
bbymeliii,0.0,0.0,0.0,0.0,0,0,0,0.0,0.0,0.0,0,0,0,0,0,0.0,1,0,0,0,0.0,0.0,2026-04-11,2026-10-09,2026-04-11 全周期,0.0,bbymeliii,0
bcamp022,0.0,0.0,0.0,0.0,0,0,0,0.0,0.0,0.0,0,0,0,0,0,0.0,0,2183,0,0,0.0,0.0,2026-04-11,2026-10-09,2026-04-11 全周期,0.0,bcamp022,0
bchickenpicklepickleb,0.0,0.0,0.0,0.0,0,0,0,0.0,0.0,0.0,0,2,0,1,1,0.0095,633,603,0,0,0.0,0.0,2026-04-11,2026-10-09,2026-04-11 全周期,5.0,bchickenpicklepickleb,2
beachbumlife3,0.0,0.0,0.0,0.0,0,0,0,0.0,0.0,0.0,0,0,0,0,0,0.0,6,31573,0,0,0.0,0.0,2026-04-11,2026-10-09,2026-04-11 全周期,0.0,beachbumlife3,0
beanthegoodboy,0.0,0.0,0.0,0.0,0,0,0,0.0,0.0,0.0,0,0,0,0,0,0.0,2,14,0,0,0.0,0.0,2026-04-11,2026-10-09,2026-04-11 全周期,0.0,beanthegoodboy,0
beardedpunk87,0.0,0.0,0.0,0.0,0,0,0,0.0,0.0,0.0,0,1,1,1,1,0.0,328,119351,0,0,0.0,0.0,2026-04-11,2026-10-09,2026-04-11 全周期,5.0,beardedpunk87,1
beautybabe_blossom,0.0,0.0,0.0,0.0,0,0,0,0.0,0.0,0.0,0,3,1,1,1,0.0101,791,69782,0,0,0.0,0.0,2026-04-11,2026-10-09,2026-04-11 全周期,5.0,beautybabe_blossom,3
beautycaffeine,0.0,0.0,0.0,0.0,0,0,0,0.0,0.0,0.0,0,0,0,0,0,0.0,1,0,0,0,0.0,0.0,2026-04-11,2026-10-09,2026-04-11 全周期,0.0,beautycaffeine,0
bebesitalecii,0.0,0.0,0.0,0.0,0,0,0,0.0,0.0,0.0,0,0,0,0,0,0.0,1,19098,0,0,0.0,0.0,2026-04-11,2026-10-09,2026-04-11 全周期,0.0,bebesitalecii,0
bec4u2nv,0.0,0.0,0.0,0.0,0,0,0,0.0,0.0,0.0,0,1,1,1,1,0.0032,1265,24498,0,0,0.0,0.0,2026-04-11,2026-10-09,2026-04-11 全周期,5.0,bec4u2nv,1
beca0205,0.0,0.0,0.0,0.0,0,0,0,0.0,0.0,0.0,0,0,0,0,0,0.0,8,7799,0,0,0.0,0.0,2026-04-11,2026-10-09,2026-04-11 全周期,0.0,beca0205,0
beccanikki,0.0,0.0,0.0,0.0,0,0,0,0.0,0.0,0.0,0,0,0,1,0,0.0,0,0,0,0,0.0,0.0,2026-04-11,2026-10-09,2026-04-11 全周期,5.0,beccanikki,0
beckytrendingfinds,0.0,0.0,0.0,0.0,0,0,0,0.0,0.0,0.0,0,0,0,0,0,0.0,5,73652,0,0,0.0,0.0,2026-04-11,2026-10-09,2026-04-11 全周期,0.0,beckytrendingfinds,0
beemae22,0.0,0.0,0.0,0.0,0,0,0,0.0,0.0,0.0,0,1,1,1,1,0.087,69,54141,0,0,0.0,0.0,2026-04-11,2026-10-09,2026-04-11 全周期,5.0,beemae22,1
belspinkcloset,0.0,0.0,0.0,0.0,0,0,0,0.0,0.0,0.0,0,0,0,0,0,0.0,0,0,0,0,0.0,0.0,2026-04-11,2026-10-09,2026-04-11 全周期,0.0,belspinkcloset,0
bengal_chaos,0.0,0.0,0.0,0.0,0,0,0,0.0,0.0,0.0,0,0,0,0,0,0.0,14,800,0,0,0.0,0.0,2026-04-11,2026-10-09,2026-04-11 全周期,0.0,bengal_chaos,0
benjaminandwally,0.0,0.0,0.0,0.0,0,0,0,0.0,0.0,0.0,0,1,1,1,1,0.0027,367,333,0,0,0.0,0.0,2026-04-11,2026-10-09,2026-04-11 全周期,5.0,benjaminandwally,1
benjidavis222222,0.0,0.0,0.0,0.0,0,0,0,0.0,0.0,0.0,0,2,2,1,1,0.028999999999999998,138,121,0,0,0.0,0.0,2026-04-11,2026-10-09,2026-04-11 全周期,5.0,benjidavis222222,2
bestestshopfinds,0.0,0.0,0.0,0.0,0,0,0,0.0,0.0,0.0,0,1,1,1,1,0.0,14,14,0,0,0.0,0.0,2026-04-11,2026-10-09,2026-04-11 全周期,5.0,bestestshopfinds,1
bestlifeinthemaking,0.0,0.0,0.0,0.0,0,0,0,0.0,0.0,0.0,1,0,1,1,1,0.0,1,649,0,0,0.0,0.0,2026-04-11,2026-10-09,2026-04-11 全周期,5.0,bestlifeinthemaking,1
beth.the.chef,0.0,0.0,0.0,0.0,0,0,0,0.0,0.0,0.0,0,0,0,0,0,0.0,3,2772,0,0,0.0,0.0,2026-04-11,2026-10-09,2026-04-11 全周期,0.0,beth.the.chef,0
bethiebee,0.0,0.0,0.0,0.0,0,0,0,0.0,0.0,0.0,0,0,0,0,1,0.0,3,1152,0,0,0.0,0.0,2026-04-11,2026-10-09,2026-04-11 全周期,0.0,bethiebee,0
bfoster36,0.0,0.0,0.0,0.0,0,0,0,0.0,0.0,0.0,0,0,0,0,0,0.0,1,0,0,0,0.0,0.0,2026-04-11,2026-10-09,2026-04-11 全周期,0.0,bfoster36,0
biendeboca,0.0,0.0,0.0,0.0,0,0,0,0.0,0.0,0.0,0,0,0,0,0,0.0,1,1194,0,0,0.0,0.0,2026-04-11,2026-10-09,2026-04-11 全周期,0.0,biendeboca,0
big_red_does_it,0.0,0.0,0.0,0.0,0,0,0,0.0,0.0,0.0,0,0,0,0,0,0.0,2,2,0,0,0.0,0.0,2026-04-11,2026-10-09,2026-04-11 全周期,0.0,big_red_does_it,0
bigereviews,0.0,0.0,0.0,0.0,0,0,0,0.0,0.0,0.0,0,1,1,1,1,0.0034000000000000002,291,289,0,0,0.0,0.0,2026-04-11,2026-10-09,2026-04-11 全周期,5.0,bigereviews,1
billswafford4,0.0,0.0,0.0,0.0,0,0,0,0.0,0.0,0.0,0,1,1,1,1,0.004699999999999999,641,42122,0,0,0.0,0.0,2026-04-11,2026-10-09,2026-04-11 全周期,5.0,billswafford4,1
bird04147amz,0.0,0.0,0.0,0.0,0,0,0,0.0,0.0,0.0,0,1,1,1,1,0.0086,116,218550,0,0,0.0,0.0,2026-04-11,2026-10-09,2026-04-11 全周期,5.0,bird04147amz,1
bjmorris23,0.0,0.0,0.0,0.0,0,0,0,0.0,0.0,0.0,0,0,0,0,0,0.0,2,0,0,0,0.0,0.0,2026-04-11,2026-10-09,2026-04-11 全周期,0.0,bjmorris23,0
bl4ckouter,0.0,0.0,0.0,0.0,0,0,0,0.0,0.0,0.0,0,0,0,0,0,0.0,0,833,0,0,0.0,0.0,2026-04-11,2026-10-09,2026-04-11 全周期,0.0,bl4ckouter,0
blackcatsfamilia,0.0,0.0,0.0,0.0,0,0,0,0.0,0.0,0.0,0,0,0,0,0,0.0,0,0,0,0,0.0,0.0,2026-04-11,2026-10-09,2026-04-11 全周期,0.0,blackcatsfamilia,0
blessedgirl6017,0.0,0.0,0.0,0.0,0,0,0,0.0,0.0,0.0,0,1,1,1,1,0.0,33,5300,0,0,0.0,0.0,2026-04-11,2026-10-09,2026-04-11 全周期,5.0,blessedgirl6017,1
blondegourmand,0.0,0.0,0.0,0.0,0,0,0,0.0,0.0,0.0,0,0,0,1,0,0.0,0,0,0,0,0.0,0.0,2026-04-11,2026-10-09,2026-04-11 全周期,5.0,blondegourmand,0
bludollbaby,0.0,0.0,0.0,0.0,0,0,0,0.0,0.0,0.0,1,0,1,1,1,0.11109999999999999,9,0,0,0,0.0,0.0,2026-04-11,2026-10-09,2026-04-11 全周期,5.0,bludollbaby,1
bmg0227,0.0,0.0,0.0,0.0,0,0,0,0.0,0.0,0.0,0,1,1,1,1,0.018799999999999997,373,347,0,0,0.0,0.0,2026-04-11,2026-10-09,2026-04-11 全周期,5.0,bmg0227,1
bnuttbutter,0.0,0.0,0.0,0.0,0,0,0,0.0,0.0,0.0,0,0,0,0,0,0.0,7,7562,0,0,0.0,0.0,2026-04-11,2026-10-09,2026-04-11 全周期,0.0,bnuttbutter,0
boat.living,0.0,0.0,0.0,0.0,0,0,0,0.0,0.0,0.0,0,0,0,0,0,0.0,1,732,0,0,0.0,0.0,2026-04-11,2026-10-09,2026-04-11 全周期,0.0,boat.living,0
bobbied49,0.0,0.0,0.0,0.0,0,0,0,0.0,0.0,0.0,1,0,1,1,1,0.0265,491,0,0,0,0.0,0.0,2026-04-11,2026-10-09,2026-04-11 全周期,5.0,bobbied49,1
boggs1972,0.0,0.0,0.0,0.0,0,0,0,0.0,0.0,0.0,0,0,0,0,0,0.0,0,0,0,0,0.0,0.0,2026-04-11,2026-10-09,2026-04-11 全周期,0.0,boggs1972,0
bonemeeal,0.0,0.0,0.0,0.0,0,0,0,0.0,0.0,0.0,0,1,0,1,1,0.0070999999999999995,567,486060,0,0,0.0,0.0,2026-04-11,2026-10-09,2026-04-11 全周期,5.0,bonemeeal,1
bougie_be,0.0,0.0,0.0,0.0,0,0,0,0.0,0.0,0.0,0,0,0,0,0,0.0,4,0,0,0,0.0,0.0,2026-04-11,2026-10-09,2026-04-11 全周期,0.0,bougie_be,0
boutyone,0.0,0.0,0.0,0.0,0,0,0,0.0,0.0,0.0,0,0,0,0,0,0.0,4,0,0,0,0.0,0.0,2026-04-11,2026-10-09,2026-04-11 全周期,0.0,boutyone,0
brandiputmeon,0.0,0.0,0.0,0.0,0,0,0,0.0,0.0,0.0,0,2,0,1,1,0.0263,800,943887,0,0,0.0,0.0,2026-04-11,2026-10-09,2026-04-11 全周期,5.0,brandiputmeon,2
brandonnfinds,0.0,0.0,0.0,0.0,0,0,0,0.0,0.0,0.0,0,1,0,1,1,0.0049,412,85937,0,0,0.0,0.0,2026-04-11,2026-10-09,2026-04-11 全周期,5.0,brandonnfinds,1
brandybare735,0.0,0.0,0.0,0.0,0,0,0,0.0,0.0,0.0,0,0,0,0,0,0.0,0,2024,0,0,0.0,0.0,2026-04-11,2026-10-09,2026-04-11 全周期,0.0,brandybare735,0
brayandlexi,0.0,0.0,0.0,0.0,0,0,0,0.0,0.0,0.0,1,0,1,1,1,0.0,1,69840,0,0,0.0,0.0,2026-04-11,2026-10-09,2026-04-11 全周期,5.0,brayandlexi,1
breechristini,0.0,0.0,0.0,0.0,0,0,0,0.0,0.0,0.0,0,0,0,0,0,0.0,4,0,0,0,0.0,0.0,2026-04-11,2026-10-09,2026-04-11 全周期,0.0,breechristini,0
brendakpattonwb,0.0,0.0,0.0,0.0,0,0,0,0.0,0.0,0.0,0,1,1,1,1,0.0147,887,830,0,0,0.0,0.0,2026-04-11,2026-10-09,2026-04-11 全周期,5.0,brendakpattonwb,1
brendasfavfinds,0.0,0.0,0.0,0.0,0,0,0,0.0,0.0,0.0,0,1,1,1,1,0.0111,90,3691,0,0,0.0,0.0,2026-04-11,2026-10-09,2026-04-11 全周期,5.0,brendasfavfinds,1
bri81634,0.0,0.0,0.0,0.0,0,0,0,0.0,0.0,0.0,0,0,0,1,0,0.0,5,0,0,0,0.0,0.0,2026-04-11,2026-10-09,2026-04-11 全周期,5.0,bri81634,0
bridget_529,0.0,0.0,0.0,0.0,0,0,0,0.0,0.0,0.0,0,1,1,1,1,0.013600000000000001,661,190602,0,0,0.0,0.0,2026-04-11,2026-10-09,2026-04-11 全周期,5.0,bridget_529,1
briskfinds,0.0,0.0,0.0,0.0,0,0,0,0.0,0.0,0.0,0,0,0,0,0,0.0,0,0,0,0,0.0,0.0,2026-04-11,2026-10-09,2026-04-11 全周期,0.0,briskfinds,0
brithompson_,0.0,0.0,0.0,0.0,0,0,0,0.0,0.0,0.0,0,0,0,0,0,0.0,3,13549,0,0,0.0,0.0,2026-04-11,2026-10-09,2026-04-11 全周期,0.0,brithompson_,0
britneysbamababies,0.0,0.0,0.0,0.0,0,0,0,0.0,0.0,0.0,0,0,0,0,0,0.0,1,0,0,0,0.0,0.0,2026-04-11,2026-10-09,2026-04-11 全周期,0.0,britneysbamababies,0
brittany.baker__,0.0,0.0,0.0,0.0,0,0,0,0.0,0.0,0.0,0,1,1,1,1,0.0292,960,433051,0,0,0.0,0.0,2026-04-11,2026-10-09,2026-04-11 全周期,5.0,brittany.baker__,1
brittanycorbin5,0.0,0.0,0.0,0.0,0,0,0,0.0,0.0,0.0,0,1,1,1,1,0.0,306,2377,0,0,0.0,0.0,2026-04-11,2026-10-09,2026-04-11 全周期,5.0,brittanycorbin5,1
brittaz1123,0.0,0.0,0.0,0.0,0,0,0,0.0,0.0,0.0,0,0,0,0,0,1.0,1,10854,0,0,0.0,0.0,2026-04-11,2026-10-09,2026-04-11 全周期,0.0,brittaz1123,0
brittdawg__,0.0,0.0,0.0,0.0,0,0,0,0.0,0.0,0.0,0,0,0,0,0,0.0,4,0,0,0,0.0,0.0,2026-04-11,2026-10-09,2026-04-11 全周期,0.0,brittdawg__,0
brittdawn,0.0,0.0,0.0,0.0,0,0,0,0.0,0.0,0.0,0,0,0,0,0,0.0,0,45824,0,0,0.0,0.0,2026-04-11,2026-10-09,2026-04-11 全周期,0.0,brittdawn,0
brittmama1,0.0,0.0,0.0,0.0,0,0,0,0.0,0.0,0.0,0,1,1,1,1,0.0,59,3006,0,0,0.0,0.0,2026-04-11,2026-10-09,2026-04-11 全周期,5.0,brittmama1,1
brittmama43,0.0,0.0,0.0,0.0,0,0,0,0.0,0.0,0.0,0,1,0,0,1,0.3,10,24252,0,0,0.0,0.0,2026-04-11,2026-10-09,2026-04-11 全周期,0.0,brittmama43,1
brittney.babii,0.0,0.0,0.0,0.0,0,0,0,0.0,0.0,0.0,0,0,0,0,0,0.0,7,0,0,0,0.0,0.0,2026-04-11,2026-10-09,2026-04-11 全周期,0.0,brittney.babii,0
brittneyhale20,0.0,0.0,0.0,0.0,0,0,0,0.0,0.0,0.0,0,0,0,0,0,0.0,2,0,0,0,0.0,0.0,2026-04-11,2026-10-09,2026-04-11 全周期,0.0,brittneyhale20,0
brittneynicoleugc93,0.0,0.0,0.0,0.0,0,0,0,0.0,0.0,0.0,0,0,0,0,0,0.0,0,0,0,0,0.0,0.0,2026-04-11,2026-10-09,2026-04-11 全周期,0.0,brittneynicoleugc93,0
brookeeh00,0.0,0.0,0.0,0.0,0,0,0,0.0,0.0,0.0,0,1,1,1,1,0.023799999999999998,42,3919,0,0,0.0,0.0,2026-04-11,2026-10-09,2026-04-11 全周期,5.0,brookeeh00,1
brp2019,0.0,0.0,0.0,90.99,0,0,1,0.0,0.0,0.0,0,0,0,0,0,0.0106,188,472794,0,0,0.0,0.0,2026-04-11,2026-10-09,2026-04-11 全周期,0.0,brp2019,0
bruceandtucker,0.0,0.0,0.0,0.0,0,0,0,0.0,0.0,0.0,1,0,0,0,1,0.0526,19,178234,0,0,0.0,0.0,2026-04-11,2026-10-09,2026-04-11 全周期,0.0,bruceandtucker,1
brucehustles,17.99,0.0,17.99,0.0,1,1,0,17.99,0.0,0.0417,0,7,3,2,3,0.0481,499,45581,1,1,2.7,0.0,2026-04-11,2026-10-09,2026-04-11 全周期,10.0,brucehustles,7
brunoandotie,0.0,0.0,0.0,0.0,0,0,0,0.0,0.0,0.0,0,0,0,0,0,0.0252,119,6494155,0,0,0.0,0.0,2026-04-11,2026-10-09,2026-04-11 全周期,0.0,brunoandotie,0
bryanybelen,0.0,0.0,0.0,0.0,0,0,0,0.0,0.0,0.0,0,0,0,1,0,0.0,0,0,0,0,0.0,0.0,2026-04-11,2026-10-09,2026-04-11 全周期,5.0,bryanybelen,0
buddiandlayla,0.0,0.0,0.0,0.0,0,0,0,0.0,0.0,0.0,0,1,1,1,1,0.009399999999999999,319,299,0,0,0.0,0.0,2026-04-11,2026-10-09,2026-04-11 全周期,5.0,buddiandlayla,1
busybossmama6399,0.0,0.0,0.0,0.0,0,0,0,0.0,0.0,0.0,0,0,0,0,0,0.0,4,98555,0,0,0.0,0.0,2026-04-11,2026-10-09,2026-04-11 全周期,0.0,busybossmama6399,0
busymombiohacks,0.0,0.0,0.0,0.0,0,0,0,0.0,0.0,0.0,0,1,1,1,1,0.0069,144,17283,0,0,0.0,0.0,2026-04-11,2026-10-09,2026-04-11 全周期,5.0,busymombiohacks,1
buttercreamconfetticake,0.0,0.0,0.0,0.0,0,0,0,0.0,0.0,0.0,0,0,0,0,0,0.0,0,0,0,0,0.0,0.0,2026-04-11,2026-10-09,2026-04-11 全周期,0.0,buttercreamconfetticake,0
butterflycreativehaven,0.0,0.0,0.0,0.0,0,0,0,0.0,0.0,0.0,0,0,0,0,0,0.0,3,1549,0,0,0.0,0.0,2026-04-11,2026-10-09,2026-04-11 全周期,0.0,butterflycreativehaven,0
buyitfromseven,0.0,0.0,0.0,0.0,0,0,0,0.0,0.0,0.0,0,0,0,0,0,0.0,10,13315,0,0,0.0,0.0,2026-04-11,2026-10-09,2026-04-11 全周期,0.0,buyitfromseven,0
bykimmie2,0.0,0.0,0.0,0.0,0,0,0,0.0,0.0,0.0,0,0,0,0,0,0.0,1,1,0,0,0.0,0.0,2026-04-11,2026-10-09,2026-04-11 全周期,0.0,bykimmie2,0
byvivi95,0.0,0.0,0.0,0.0,0,0,0,0.0,0.0,0.0,0,0,0,0,0,0.0,1,2396,0,0,0.0,0.0,2026-04-11,2026-10-09,2026-04-11 全周期,0.0,byvivi95,0
cainspicks,0.0,0.0,0.0,0.0,0,0,0,0.0,0.0,0.0,0,0,0,0,0,0.0,1,4788,0,0,0.0,0.0,2026-04-11,2026-10-09,2026-04-11 全周期,0.0,cainspicks,0
cait_johnson94,0.0,0.0,0.0,0.0,0,0,0,0.0,0.0,0.0,0,0,0,0,0,0.0,6,63530,0,0,0.0,0.0,2026-04-11,2026-10-09,2026-04-11 全周期,0.0,cait_johnson94,0
cajunfreediver7,0.0,0.0,0.0,0.0,0,0,0,0.0,0.0,0.0,0,0,0,0,0,0.0,7,10188,0,0,0.0,0.0,2026-04-11,2026-10-09,2026-04-11 全周期,0.0,cajunfreediver7,0
cali_born72,0.0,0.0,0.0,0.0,0,0,0,0.0,0.0,0.0,0,0,0,0,0,0.0,4,0,0,0,0.0,0.0,2026-04-11,2026-10-09,2026-04-11 全周期,0.0,cali_born72,0
caligurl1973,0.0,0.0,0.0,0.0,0,0,0,0.0,0.0,0.0,0,0,0,0,0,0.0,2,112,0,0,0.0,0.0,2026-04-11,2026-10-09,2026-04-11 全周期,0.0,caligurl1973,0
calvinoliverjames,0.0,0.0,0.0,0.0,0,0,0,0.0,0.0,0.0,0,0,0,0,0,0.0,0,96,0,0,0.0,0.0,2026-04-11,2026-10-09,2026-04-11 全周期,0.0,calvinoliverjames,0
camielovedson,0.0,0.0,0.0,0.0,0,0,0,0.0,0.0,0.0,0,0,0,0,0,0.0,71,43837,0,0,0.0,0.0,2026-04-11,2026-10-09,2026-04-11 全周期,0.0,camielovedson,0
camyclarkk,0.0,0.0,0.0,0.0,0,0,0,0.0,0.0,0.0,0,0,0,1,0,0.0,0,0,0,0,0.0,0.0,2026-04-11,2026-10-09,2026-04-11 全周期,5.0,camyclarkk,0
candaceslife,0.0,0.0,0.0,0.0,0,0,0,0.0,0.0,0.0,0,1,1,1,1,0.0,179,19633,0,0,0.0,0.0,2026-04-11,2026-10-09,2026-04-11 全周期,5.0,candaceslife,1
candimora9,0.0,0.0,0.0,0.0,0,0,0,0.0,0.0,0.0,0,0,0,0,0,0.0,0,0,0,0,0.0,0.0,2026-04-11,2026-10-09,2026-04-11 全周期,0.0,candimora9,0
candyb0291,0.0,0.0,0.0,0.0,0,0,0,0.0,0.0,0.0,1,1,1,1,1,0.0091,219,204,0,0,0.0,0.0,2026-04-11,2026-10-09,2026-04-11 全周期,5.0,candyb0291,2
cannamamataytay42o,0.0,0.0,0.0,0.0,0,0,0,0.0,0.0,0.0,0,0,0,1,0,0.0,0,0,0,0,0.0,0.0,2026-04-11,2026-10-09,2026-04-11 全周期,5.0,cannamamataytay42o,0
capicog,0.0,0.0,0.0,0.0,0,0,0,0.0,0.0,0.0,0,1,1,1,1,0.0625,32,17733,0,0,0.0,0.0,2026-04-11,2026-10-09,2026-04-11 全周期,5.0,capicog,1
captainsellsalot,0.0,0.0,0.0,0.0,0,0,0,0.0,0.0,0.0,0,0,0,0,0,0.0,2,17768,0,0,0.0,0.0,2026-04-11,2026-10-09,2026-04-11 全周期,0.0,captainsellsalot,0
caraissoclassy,0.0,0.0,0.0,0.0,0,0,0,0.0,0.0,0.0,0,0,0,0,0,0.0,2,3012,0,0,0.0,0.0,2026-04-11,2026-10-09,2026-04-11 全周期,0.0,caraissoclassy,0
carnesihawalker11,0.0,0.0,0.0,0.0,0,0,0,0.0,0.0,0.0,0,0,0,0,0,0.0,1,12395,0,0,0.0,0.0,2026-04-11,2026-10-09,2026-04-11 全周期,0.0,carnesihawalker11,0
caroleisabel,0.0,0.0,0.0,0.0,0,0,0,0.0,0.0,0.0,0,0,0,0,0,0.0,2,157,0,0,0.0,0.0,2026-04-11,2026-10-09,2026-04-11 全周期,0.0,caroleisabel,0
carolinachiick,0.0,0.0,0.0,0.0,0,0,0,0.0,0.0,0.0,0,0,0,0,0,0.0,1,1,0,0,0.0,0.0,2026-04-11,2026-10-09,2026-04-11 全周期,0.0,carolinachiick,0
carolinarodriguez184,0.0,0.0,0.0,0.0,0,0,0,0.0,0.0,0.0,0,0,0,0,0,0.0,2,1173,0,0,0.0,0.0,2026-04-11,2026-10-09,2026-04-11 全周期,0.0,carolinarodriguez184,0
carpe_diem_29,0.0,0.0,0.0,0.0,0,0,0,0.0,0.0,0.0,0,0,0,0,0,0.0,10,807,0,0,0.0,0.0,2026-04-11,2026-10-09,2026-04-11 全周期,0.0,carpe_diem_29,0
carterboi15,0.0,0.0,0.0,0.0,0,0,0,0.0,0.0,0.0,0,0,0,0,0,0.0,1,0,0,0,0.0,0.0,2026-04-11,2026-10-09,2026-04-11 全周期,0.0,carterboi15,0
cashandnalah,0.0,0.0,0.0,0.0,0,0,0,0.0,0.0,0.0,0,0,0,0,0,0.0,1,43,0,0,0.0,0.0,2026-04-11,2026-10-09,2026-04-11 全周期,0.0,cashandnalah,0
cashforcars401,0.0,0.0,0.0,0.0,0,0,0,0.0,0.0,0.0,0,1,1,1,1,0.011000000000000001,454,430,0,0,0.0,0.0,2026-04-11,2026-10-09,2026-04-11 全周期,5.0,cashforcars401,1
cashville_1975,135.99,0.0,135.99,242.98000000000002,1,1,1,135.99,0.0,0.0,0,0,0,0,0,0.0902,15285,13792639,1,0,20.4,0.0,2026-04-11,2026-10-09,2026-04-11 全周期,0.0,cashville_1975,0
cassiemademebuyit,0.0,0.0,0.0,0.0,0,0,0,0.0,0.0,0.0,0,0,0,2,0,0.0,0,0,0,0,0.0,0.0,2026-04-11,2026-10-09,2026-04-11 全周期,10.0,cassiemademebuyit,0
cecnorma,0.0,0.0,0.0,0.0,0,0,0,0.0,0.0,0.0,0,0,1,2,1,0.005699999999999999,703,357736,0,0,0.0,0.0,2026-04-11,2026-10-09,2026-04-11 全周期,10.0,cecnorma,0
chantal.creates2,0.0,0.0,0.0,0.0,0,0,0,0.0,0.0,0.0,0,2,1,1,1,0.004,494,477,0,0,0.0,0.0,2026-04-11,2026-10-09,2026-04-11 全周期,5.0,chantal.creates2,2
char19671,0.0,0.0,0.0,0.0,0,0,0,0.0,0.0,0.0,0,0,0,0,0,0.0,1,0,0,0,0.0,0.0,2026-04-11,2026-10-09,2026-04-11 全周期,0.0,char19671,0
charisa_sweetheart,0.0,0.0,0.0,0.0,0,0,0,0.0,0.0,0.0,0,0,0,0,0,0.0,1,0,0,0,0.0,0.0,2026-04-11,2026-10-09,2026-04-11 全周期,0.0,charisa_sweetheart,0
charitysahm4,0.0,0.0,0.0,0.0,0,0,0,0.0,0.0,0.0,0,0,0,0,0,0.0,6,3150,0,0,0.0,0.0,2026-04-11,2026-10-09,2026-04-11 全周期,0.0,charitysahm4,0
charley_girl0,0.0,0.0,0.0,0.0,0,0,0,0.0,0.0,0.0,0,0,0,0,0,0.5,2,1859,0,0,0.0,0.0,2026-04-11,2026-10-09,2026-04-11 全周期,0.0,charley_girl0,0
charlie202306,0.0,0.0,0.0,0.0,0,0,0,0.0,0.0,0.0,0,1,2,1,1,0.011000000000000001,362,46765,0,0,0.0,0.0,2026-04-11,2026-10-09,2026-04-11 全周期,5.0,charlie202306,1
charlie_and_tink,0.0,0.0,0.0,0.0,0,0,0,0.0,0.0,0.0,0,1,0,1,1,0.0028000000000000004,358,321,0,0,0.0,0.0,2026-04-11,2026-10-09,2026-04-11 全周期,5.0,charlie_and_tink,1
charliebrownthedoxie,0.0,0.0,0.0,0.0,0,0,0,0.0,0.0,0.0,0,0,0,0,0,0.0,0,0,0,0,0.0,0.0,2026-04-11,2026-10-09,2026-04-11 全周期,0.0,charliebrownthedoxie,0
charliecheesesteak,0.0,0.0,0.0,0.0,0,0,0,0.0,0.0,0.0,1,0,1,1,1,0.0068000000000000005,443,0,0,0,0.0,0.0,2026-04-11,2026-10-09,2026-04-11 全周期,5.0,charliecheesesteak,1
charliegoldstar,0.0,0.0,0.0,0.0,0,0,0,0.0,0.0,0.0,0,0,0,0,0,0.0,6,0,0,0,0.0,0.0,2026-04-11,2026-10-09,2026-04-11 全周期,0.0,charliegoldstar,0
cheetoandpickle,0.0,0.0,0.0,0.0,0,0,0,0.0,0.0,0.0,0,0,0,0,0,0.0,0,0,0,0,0.0,0.0,2026-04-11,2026-10-09,2026-04-11 全周期,0.0,cheetoandpickle,0
chels_denise,0.0,0.0,0.0,0.0,0,0,0,0.0,0.0,0.0,0,2,1,1,1,0.0084,474,16472,0,0,0.0,0.0,2026-04-11,2026-10-09,2026-04-11 全周期,5.0,chels_denise,2
chelsea_devinn_,0.0,0.0,0.0,0.0,0,0,0,0.0,0.0,0.0,0,0,0,1,0,0.0,10,0,0,0,0.0,0.0,2026-04-11,2026-10-09,2026-04-11 全周期,5.0,chelsea_devinn_,0
chelseagilman5,0.0,0.0,0.0,0.0,0,0,0,0.0,0.0,0.0,0,5,2,1,1,0.016,2434,55773,0,0,0.0,0.0,2026-04-11,2026-10-09,2026-04-11 全周期,5.0,chelseagilman5,5
chelsearhane,0.0,0.0,0.0,0.0,0,0,0,0.0,0.0,0.0,0,2,2,1,1,0.0169,59,7811,0,0,0.0,0.0,2026-04-11,2026-10-09,2026-04-11 全周期,5.0,chelsearhane,2
chennypie_tahoelife22,0.0,0.0,0.0,0.0,0,0,0,0.0,0.0,0.0,0,1,0,0,1,0.020099999999999996,299,320,0,0,0.0,0.0,2026-04-11,2026-10-09,2026-04-11 全周期,0.0,chennypie_tahoelife22,1
cherylesmith88,0.0,0.0,0.0,0.0,0,0,0,0.0,0.0,0.0,0,0,0,1,0,0.0,2,0,0,0,0.0,0.0,2026-04-11,2026-10-09,2026-04-11 全周期,5.0,cherylesmith88,0
cherylhuntsberry,0.0,0.0,0.0,0.0,0,0,0,0.0,0.0,0.0,0,0,0,1,0,0.0,0,0,0,0,0.0,0.0,2026-04-11,2026-10-09,2026-04-11 全周期,5.0,cherylhuntsberry,0
chewedandreviewed,0.0,0.0,0.0,0.0,0,0,0,0.0,0.0,0.0,0,1,0,0,1,0.0,51,2544,0,0,0.0,0.0,2026-04-11,2026-10-09,2026-04-11 全周期,0.0,chewedandreviewed,1
chewwiebumm,0.0,0.0,0.0,0.0,0,0,0,0.0,0.0,0.0,1,0,1,2,1,0.0,12,0,0,0,0.0,0.0,2026-04-11,2026-10-09,2026-04-11 全周期,10.0,chewwiebumm,1
chickenlips88,0.0,0.0,0.0,0.0,0,0,0,0.0,0.0,0.0,0,1,1,1,1,0.0111,180,7698,0,0,0.0,0.0,2026-04-11,2026-10-09,2026-04-11 全周期,5.0,chickenlips88,1
choochtheguido,0.0,0.0,0.0,0.0,0,0,0,0.0,0.0,0.0,2,1,5,2,1,0.0236,381,8202,0,0,0.0,0.0,2026-04-11,2026-10-09,2026-04-11 全周期,10.0,choochtheguido,3
chosenalex,0.0,0.0,0.0,0.0,0,0,0,0.0,0.0,0.0,0,0,0,0,0,0.16670000000000001,36,12474,0,0,0.0,0.0,2026-04-11,2026-10-09,2026-04-11 全周期,0.0,chosenalex,0
christesmiles,0.0,0.0,0.0,0.0,0,0,0,0.0,0.0,0.0,0,0,0,1,0,0.0,1,0,0,0,0.0,0.0,2026-04-11,2026-10-09,2026-04-11 全周期,5.0,christesmiles,0
christieirizarry10,0.0,0.0,0.0,0.0,0,0,0,0.0,0.0,0.0,0,0,0,1,0,0.0,8,0,0,0,0.0,0.0,2026-04-11,2026-10-09,2026-04-11 全周期,5.0,christieirizarry10,0
christine.dawn,0.0,0.0,0.0,0.0,0,0,0,0.0,0.0,0.0,0,0,0,0,0,0.0,8,54,0,0,0.0,0.0,2026-04-11,2026-10-09,2026-04-11 全周期,0.0,christine.dawn,0
christinepage3575,0.0,0.0,0.0,0.0,0,0,0,0.0,0.0,0.0,0,1,1,1,1,0.0154,454,61862,0,0,0.0,0.0,2026-04-11,2026-10-09,2026-04-11 全周期,5.0,christinepage3575,1
christopher_finds,0.0,0.0,0.0,0.0,0,0,0,0.0,0.0,0.0,0,0,0,0,0,0.0,7,144416,0,0,0.0,0.0,2026-04-11,2026-10-09,2026-04-11 全周期,0.0,christopher_finds,0
christyb770,0.0,0.0,0.0,0.0,0,0,0,0.0,0.0,0.0,0,0,0,0,0,0.0,1,2348,0,0,0.0,0.0,2026-04-11,2026-10-09,2026-04-11 全周期,0.0,christyb770,0
chronically_karissa,0.0,0.0,0.0,0.0,0,0,0,0.0,0.0,0.0,0,0,0,1,0,0.0,0,2764,0,0,0.0,0.0,2026-04-11,2026-10-09,2026-04-11 全周期,5.0,chronically_karissa,0
chuco_rick,0.0,0.0,0.0,0.0,0,0,0,0.0,0.0,0.0,0,0,0,0,0,0.0,17,217577,0,0,0.0,0.0,2026-04-11,2026-10-09,2026-04-11 全周期,0.0,chuco_rick,0
clark.cottage.farm,0.0,0.0,0.0,0.0,0,0,0,0.0,0.0,0.0,5,3,3,1,1,0.0059,509,453,0,0,0.0,0.0,2026-04-11,2026-10-09,2026-04-11 全周期,5.0,clark.cottage.farm,8
class_e_diva,0.0,0.0,0.0,0.0,0,0,0,0.0,0.0,0.0,3,1,0,0,1,0.019,158,3960,0,0,0.0,0.0,2026-04-11,2026-10-09,2026-04-11 全周期,0.0,class_e_diva,4
classyepic,0.0,0.0,0.0,0.0,0,0,0,0.0,0.0,0.0,0,0,0,0,0,0.0,1,0,0,0,0.0,0.0,2026-04-11,2026-10-09,2026-04-11 全周期,0.0,classyepic,0
clawclaw26,0.0,0.0,0.0,0.0,0,0,0,0.0,0.0,0.0,0,1,1,1,1,0.0,11,120,0,0,0.0,0.0,2026-04-11,2026-10-09,2026-04-11 全周期,5.0,clawclaw26,1
cleaningmamabee,0.0,0.0,0.0,0.0,0,0,0,0.0,0.0,0.0,0,0,0,0,0,0.0,7,6452,0,0,0.0,0.0,2026-04-11,2026-10-09,2026-04-11 全周期,0.0,cleaningmamabee,0
cloud125p,0.0,0.0,0.0,0.0,0,0,0,0.0,0.0,0.0,0,0,0,1,0,0.0,0,0,0,0,0.0,0.0,2026-04-11,2026-10-09,2026-04-11 全周期,5.0,cloud125p,0
cloverlane1111,0.0,0.0,0.0,0.0,0,0,0,0.0,0.0,0.0,0,0,0,1,0,0.0,3,0,0,0,0.0,0.0,2026-04-11,2026-10-09,2026-04-11 全周期,5.0,cloverlane1111,0
cloversanddandelions,0.0,0.0,0.0,0.0,0,0,0,0.0,0.0,0.0,0,0,0,0,0,0.0,3,3358,0,0,0.0,0.0,2026-04-11,2026-10-09,2026-04-11 全周期,0.0,cloversanddandelions,0
cocoacrystall,0.0,0.0,0.0,0.0,0,0,0,0.0,0.0,0.0,0,0,0,0,0,0.0,1,119,0,0,0.0,0.0,2026-04-11,2026-10-09,2026-04-11 全周期,0.0,cocoacrystall,0
cocopococopo,0.0,0.0,0.0,0.0,0,0,0,0.0,0.0,0.0,0,0,0,0,0,0.0,1,46213,0,0,0.0,0.0,2026-04-11,2026-10-09,2026-04-11 全周期,0.0,cocopococopo,0
codykurtz22,0.0,0.0,0.0,0.0,0,0,0,0.0,0.0,0.0,0,0,0,1,0,0.0,0,0,0,0,0.0,0.0,2026-04-11,2026-10-09,2026-04-11 全周期,5.0,codykurtz22,0
codynmae,0.0,0.0,0.0,0.0,0,0,0,0.0,0.0,0.0,1,0,1,1,1,0.0351,57,0,0,0,0.0,0.0,2026-04-11,2026-10-09,2026-04-11 全周期,5.0,codynmae,1
colleenglowwithme,0.0,0.0,0.0,0.0,0,0,0,0.0,0.0,0.0,0,1,0,1,1,0.006999999999999999,142,131,0,0,0.0,0.0,2026-04-11,2026-10-09,2026-04-11 全周期,5.0,colleenglowwithme,1
coltomn,0.0,0.0,0.0,0.0,0,0,0,0.0,0.0,0.0,0,0,0,0,0,0.1429,7,1052727,0,0,0.0,0.0,2026-04-11,2026-10-09,2026-04-11 全周期,0.0,coltomn,0
condomofcoke,0.0,0.0,0.0,0.0,0,0,0,0.0,0.0,0.0,0,0,0,0,0,0.0,2,16231,0,0,0.0,0.0,2026-04-11,2026-10-09,2026-04-11 全周期,0.0,condomofcoke,0
conway_kkidd,0.0,0.0,0.0,0.0,0,0,0,0.0,0.0,0.0,0,0,0,0,0,0.0,3,0,0,0,0.0,0.0,2026-04-11,2026-10-09,2026-04-11 全周期,0.0,conway_kkidd,0
cookenwhoopen,0.0,0.0,0.0,0.0,0,0,0,0.0,0.0,0.0,2,1,3,1,1,0.004699999999999999,422,298,0,0,0.0,0.0,2026-04-11,2026-10-09,2026-04-11 全周期,5.0,cookenwhoopen,3
cookie_brookie03,0.0,0.0,0.0,0.0,0,0,0,0.0,0.0,0.0,0,1,0,1,1,0.0125,319,295,0,0,0.0,0.0,2026-04-11,2026-10-09,2026-04-11 全周期,5.0,cookie_brookie03,1
corgi_conor,0.0,0.0,0.0,0.0,0,0,0,0.0,0.0,0.0,0,0,0,0,0,0.0,3,421,0,0,0.0,0.0,2026-04-11,2026-10-09,2026-04-11 全周期,0.0,corgi_conor,0
corinaannetta,0.0,0.0,0.0,0.0,0,0,0,0.0,0.0,0.0,0,0,0,0,0,0.0,1,34013,0,0,0.0,0.0,2026-04-11,2026-10-09,2026-04-11 全周期,0.0,corinaannetta,0
corinaellison1,0.0,0.0,0.0,0.0,0,0,0,0.0,0.0,0.0,0,1,1,1,1,0.0074,270,252,0,0,0.0,0.0,2026-04-11,2026-10-09,2026-04-11 全周期,5.0,corinaellison1,1
corries.collection,135.99,0.0,135.99,0.0,1,1,0,135.99,0.0,0.16670000000000001,0,1,0,0,1,0.0088,682,30820,1,0,8.16,0.0,2026-04-11,2026-10-09,2026-04-11 全周期,0.0,corries.collection,1
cortcorttrine,0.0,0.0,0.0,0.0,0,0,0,0.0,0.0,0.0,6,0,5,1,1,0.0,11,0,0,0,0.0,0.0,2026-04-11,2026-10-09,2026-04-11 全周期,5.0,cortcorttrine,6
cortlynburl,0.0,0.0,0.0,0.0,0,0,0,0.0,0.0,0.0,0,1,1,1,1,0.0033,305,292,0,0,0.0,0.0,2026-04-11,2026-10-09,2026-04-11 全周期,5.0,cortlynburl,1
cosmicbengals_n_leopards,0.0,0.0,0.0,0.0,0,0,0,0.0,0.0,0.0,0,0,0,0,0,0.0,2,769,0,0,0.0,0.0,2026-04-11,2026-10-09,2026-04-11 全周期,0.0,cosmicbengals_n_leopards,0
courtneypearl_,0.0,0.0,0.0,0.0,0,0,0,0.0,0.0,0.0,0,0,0,0,0,0.0,4,15500,0,0,0.0,0.0,2026-04-11,2026-10-09,2026-04-11 全周期,0.0,courtneypearl_,0
cozyandblueliving,0.0,0.0,0.0,0.0,0,0,0,0.0,0.0,0.0,0,1,1,1,1,0.0149,336,14941,0,0,0.0,0.0,2026-04-11,2026-10-09,2026-04-11 全周期,5.0,cozyandblueliving,1
cozysmartbetsy,0.0,0.0,0.0,0.0,0,0,0,0.0,0.0,0.0,1,0,0,0,1,0.0,13,2545,0,0,0.0,0.0,2026-04-11,2026-10-09,2026-04-11 全周期,0.0,cozysmartbetsy,1
craftylorispearls,0.0,0.0,0.0,0.0,0,0,0,0.0,0.0,0.0,0,1,1,1,1,0.023700000000000002,1307,70626,0,0,0.0,0.0,2026-04-11,2026-10-09,2026-04-11 全周期,5.0,craftylorispearls,1
crazycarolina35,0.0,0.0,0.0,0.0,0,0,0,0.0,0.0,0.0,0,0,0,0,0,0.0,38,203710,0,0,0.0,0.0,2026-04-11,2026-10-09,2026-04-11 全周期,0.0,crazycarolina35,0
crazydoglady_kristi,0.0,0.0,0.0,0.0,0,0,0,0.0,0.0,0.0,5,3,3,1,1,0.0102,683,39944,0,0,0.0,0.0,2026-04-11,2026-10-09,2026-04-11 全周期,5.0,crazydoglady_kristi,8
crazymummum2nd,0.0,0.0,0.0,0.0,0,0,0,0.0,0.0,0.0,0,0,0,0,0,0.0,0,0,0,0,0.0,0.0,2026-04-11,2026-10-09,2026-04-11 全周期,0.0,crazymummum2nd,0
cre8tivemt,0.0,0.0,0.0,0.0,0,0,0,0.0,0.0,0.0,0,0,0,0,0,0.0,0,0,0,0,0.0,0.0,2026-04-11,2026-10-09,2026-04-11 全周期,0.0,cre8tivemt,0
createwithruthless,0.0,0.0,0.0,0.0,0,0,0,0.0,0.0,0.0,1,0,1,1,1,0.0,8,0,0,0,0.0,0.0,2026-04-11,2026-10-09,2026-04-11 全周期,5.0,createwithruthless,1
creatorlinkz,271.98,0.0,271.98,0.0,2,2,0,135.99,0.0,0.0,0,1,1,1,1,0.0079,1011,67493,2,0,16.32,0.0,2026-04-11,2026-10-09,2026-04-11 全周期,5.0,creatorlinkz,1
crimsonfaeafterdark,0.0,0.0,0.0,0.0,0,0,0,0.0,0.0,0.0,0,0,0,0,0,0.0,0,6,0,0,0.0,0.0,2026-04-11,2026-10-09,2026-04-11 全周期,0.0,crimsonfaeafterdark,0
cruisincatlady,0.0,0.0,0.0,0.0,0,0,0,0.0,0.0,0.0,0,0,0,0,0,0.0,0,0,0,0,0.0,0.0,2026-04-11,2026-10-09,2026-04-11 全周期,0.0,cruisincatlady,0
crybabyluv,0.0,0.0,0.0,0.0,0,0,0,0.0,0.0,0.0,0,1,1,1,1,0.0,91,3140,0,0,0.0,0.0,2026-04-11,2026-10-09,2026-04-11 全周期,5.0,crybabyluv,1
crystal.lee.tremb,0.0,0.0,0.0,0.0,0,0,0,0.0,0.0,0.0,0,1,1,1,1,0.024399999999999998,41,3541,0,0,0.0,0.0,2026-04-11,2026-10-09,2026-04-11 全周期,5.0,crystal.lee.tremb,1
crystal.monique21,0.0,0.0,0.0,0.0,0,0,0,0.0,0.0,0.0,0,1,1,1,1,0.0167,2030,1973,0,0,0.0,0.0,2026-04-11,2026-10-09,2026-04-11 全周期,5.0,crystal.monique21,1
crystalvinnyblues,0.0,0.0,0.0,0.0,0,0,0,0.0,0.0,0.0,0,0,0,1,0,0.0,3,0,0,0,0.0,0.0,2026-04-11,2026-10-09,2026-04-11 全周期,5.0,crystalvinnyblues,0
ctmaples,0.0,0.0,0.0,0.0,0,0,0,0.0,0.0,0.0,0,1,1,1,1,0.0045000000000000005,441,68817,0,0,0.0,0.0,2026-04-11,2026-10-09,2026-04-11 全周期,5.0,ctmaples,1
curiousmind_10,0.0,0.0,0.0,0.0,0,0,0,0.0,0.0,0.0,0,1,0,1,1,0.0,58,64,0,0,0.0,0.0,2026-04-11,2026-10-09,2026-04-11 全周期,5.0,curiousmind_10,1
curlysfabulousfinds,0.0,0.0,0.0,0.0,0,0,0,0.0,0.0,0.0,0,0,0,0,0,0.0,4,26543,0,0,0.0,0.0,2026-04-11,2026-10-09,2026-04-11 全周期,0.0,curlysfabulousfinds,0
cutecancerbaby,0.0,0.0,0.0,0.0,0,0,0,0.0,0.0,0.0,0,0,0,0,0,0.0,1,0,0,0,0.0,0.0,2026-04-11,2026-10-09,2026-04-11 全周期,0.0,cutecancerbaby,0
cutestpompuppy,0.0,0.0,0.0,0.0,0,0,0,0.0,0.0,0.0,0,0,0,1,0,0.0,1,0,0,0,0.0,0.0,2026-04-11,2026-10-09,2026-04-11 全周期,5.0,cutestpompuppy,0
cyancircus,0.0,0.0,0.0,0.0,0,0,0,0.0,0.0,0.0,0,1,1,1,1,0.0,210,191,0,0,0.0,0.0,2026-04-11,2026-10-09,2026-04-11 全周期,5.0,cyancircus,1
cynsfavesandfinds,0.0,0.0,0.0,0.0,0,0,0,0.0,0.0,0.0,2,0,2,1,1,0.0,15,0,0,0,0.0,0.0,2026-04-11,2026-10-09,2026-04-11 全周期,5.0,cynsfavesandfinds,2
czstayfresh,0.0,0.0,0.0,0.0,0,0,0,0.0,0.0,0.0,0,0,0,0,0,0.0,0,2836,0,0,0.0,0.0,2026-04-11,2026-10-09,2026-04-11 全周期,0.0,czstayfresh,0
d_w_20,0.0,0.0,0.0,0.0,0,0,0,0.0,0.0,0.0,3,0,1,1,1,0.0361,83,0,0,0,0.0,0.0,2026-04-11,2026-10-09,2026-04-11 全周期,5.0,d_w_20,3
daddeals517,0.0,0.0,0.0,0.0,0,0,0,0.0,0.0,0.0,0,0,0,0,0,0.0,3,166837,0,0,0.0,0.0,2026-04-11,2026-10-09,2026-04-11 全周期,0.0,daddeals517,0
dadshopgarcia,0.0,0.0,0.0,0.0,0,0,0,0.0,0.0,0.0,0,0,0,0,0,0.0,4,10197,0,0,0.0,0.0,2026-04-11,2026-10-09,2026-04-11 全周期,0.0,dadshopgarcia,0
dadssparetime,0.0,0.0,0.0,0.0,0,0,0,0.0,0.0,0.0,1,0,1,1,1,0.0,40,0,0,0,0.0,0.0,2026-04-11,2026-10-09,2026-04-11 全周期,5.0,dadssparetime,1
daily.deals.official,0.0,0.0,0.0,127.99,0,0,1,0.0,0.0,0.0,0,0,0,0,0,0.0319,1569,8129247,0,0,0.0,0.0,2026-04-11,2026-10-09,2026-04-11 全周期,0.0,daily.deals.official,0
dailywith_rose3,0.0,0.0,0.0,0.0,0,0,0,0.0,0.0,0.0,0,0,0,0,0,0.0,0,0,0,0,0.0,0.0,2026-04-11,2026-10-09,2026-04-11 全周期,0.0,dailywith_rose3,0
dailywithciara,0.0,0.0,0.0,0.0,0,0,0,0.0,0.0,0.0,0,0,0,0,0,0.0,1,3038,0,0,0.0,0.0,2026-04-11,2026-10-09,2026-04-11 全周期,0.0,dailywithciara,0
daisy.may.price,0.0,0.0,0.0,0.0,0,0,0,0.0,0.0,0.0,0,1,1,1,1,0.0203,295,11648,0,0,0.0,0.0,2026-04-11,2026-10-09,2026-04-11 全周期,5.0,daisy.may.price,1
dalmi13,0.0,0.0,0.0,0.0,0,0,0,0.0,0.0,0.0,0,0,0,0,0,0.0,18,87640,0,0,0.0,0.0,2026-04-11,2026-10-09,2026-04-11 全周期,0.0,dalmi13,0
danacorrine17,0.0,0.0,0.0,0.0,0,0,0,0.0,0.0,0.0,0,0,0,1,0,0.0,0,0,0,0,0.0,0.0,2026-04-11,2026-10-09,2026-04-11 全周期,5.0,danacorrine17,0
danad5956,0.0,0.0,0.0,0.0,0,0,0,0.0,0.0,0.0,0,1,1,1,1,0.0032,316,9443,0,0,0.0,0.0,2026-04-11,2026-10-09,2026-04-11 全周期,5.0,danad5956,1
danaysardinas,0.0,0.0,0.0,0.0,0,0,0,0.0,0.0,0.0,2,1,2,1,1,0.0155,516,716,0,0,0.0,0.0,2026-04-11,2026-10-09,2026-04-11 全周期,5.0,danaysardinas,3
danessashusband,0.0,0.0,0.0,0.0,0,0,0,0.0,0.0,0.0,0,0,0,0,0,0.022799999999999997,395,283693,0,0,0.0,0.0,2026-04-11,2026-10-09,2026-04-11 全周期,0.0,danessashusband,0
danielle_flory,0.0,0.0,0.0,0.0,0,0,0,0.0,0.0,0.0,0,1,1,1,1,0.0151,331,314,0,0,0.0,0.0,2026-04-11,2026-10-09,2026-04-11 全周期,5.0,danielle_flory,1
danielle_g44,0.0,0.0,0.0,0.0,0,0,0,0.0,0.0,0.0,1,0,1,1,1,0.0,26,0,0,0,0.0,0.0,2026-04-11,2026-10-09,2026-04-11 全周期,5.0,danielle_g44,1
danielles.teachin,0.0,0.0,0.0,0.0,0,0,0,0.0,0.0,0.0,0,1,1,1,1,0.0,33,996,0,0,0.0,0.0,2026-04-11,2026-10-09,2026-04-11 全周期,5.0,danielles.teachin,1
danii_vicious,0.0,0.0,0.0,0.0,0,0,0,0.0,0.0,0.0,0,0,0,0,0,0.0,2,234,0,0,0.0,0.0,2026-04-11,2026-10-09,2026-04-11 全周期,0.0,danii_vicious,0
danisielove,0.0,0.0,0.0,0.0,0,0,0,0.0,0.0,0.0,1,0,1,3,1,0.0,4,0,0,0,0.0,0.0,2026-04-11,2026-10-09,2026-04-11 全周期,15.0,danisielove,1
daniyudecustomcakes,0.0,0.0,0.0,0.0,0,0,0,0.0,0.0,0.0,0,0,0,0,0,0.0,0,1789,0,0,0.0,0.0,2026-04-11,2026-10-09,2026-04-11 全周期,0.0,daniyudecustomcakes,0
dannadeals,0.0,0.0,0.0,0.0,0,0,0,0.0,0.0,0.0,51,0,10,1,1,0.018000000000000002,779,420028,0,0,0.0,0.0,2026-04-11,2026-10-09,2026-04-11 全周期,5.0,dannadeals,51
danny.vazquez_,0.0,0.0,0.0,0.0,0,0,0,0.0,0.0,0.0,0,1,1,1,1,0.0,26,25,0,0,0.0,0.0,2026-04-11,2026-10-09,2026-04-11 全周期,5.0,danny.vazquez_,1
darciky5,0.0,0.0,0.0,0.0,0,0,0,0.0,0.0,0.0,3,0,2,1,1,0.0076,132,97623,0,0,0.0,0.0,2026-04-11,2026-10-09,2026-04-11 全周期,5.0,darciky5,3
darla.doodle.racin,0.0,0.0,0.0,0.0,0,0,0,0.0,0.0,0.0,2,1,3,2,1,0.037000000000000005,81,5998,0,0,0.0,0.0,2026-04-11,2026-10-09,2026-04-11 全周期,10.0,darla.doodle.racin,3
darlenesouthernsass,0.0,0.0,0.0,0.0,0,0,0,0.0,0.0,0.0,0,0,0,1,0,0.0,2,0,0,0,0.0,0.0,2026-04-11,2026-10-09,2026-04-11 全周期,5.0,darlenesouthernsass,0
dasweetesttee2,0.0,0.0,0.0,0.0,0,0,0,0.0,0.0,0.0,0,0,0,0,0,1.0,1,4421,0,0,0.0,0.0,2026-04-11,2026-10-09,2026-04-11 全周期,0.0,dasweetesttee2,0
daughter_of_therockafire,0.0,0.0,0.0,0.0,0,0,0,0.0,0.0,0.0,0,0,0,0,0,0.0,3,0,0,0,0.0,0.0,2026-04-11,2026-10-09,2026-04-11 全周期,0.0,daughter_of_therockafire,0
daveauxruth,0.0,0.0,0.0,0.0,0,0,0,0.0,0.0,0.0,0,0,0,0,0,0.0,41,50979,0,0,0.0,0.0,2026-04-11,2026-10-09,2026-04-11 全周期,0.0,daveauxruth,0
dawnthemom2014,0.0,0.0,0.0,0.0,0,0,0,0.0,0.0,0.0,0,0,0,0,0,0.0,2,8683,0,0,0.0,0.0,2026-04-11,2026-10-09,2026-04-11 全周期,0.0,dawnthemom2014,0
dax.and.dallas,0.0,0.0,0.0,0.0,0,0,0,0.0,0.0,0.0,0,0,0,0,0,0.2,5,2795,0,0,0.0,0.0,2026-04-11,2026-10-09,2026-04-11 全周期,0.0,dax.and.dallas,0
dayanadiazcooper,0.0,0.0,0.0,0.0,0,0,0,0.0,0.0,0.0,0,0,0,0,0,0.0,0,0,0,0,0.0,0.0,2026-04-11,2026-10-09,2026-04-11 全周期,0.0,dayanadiazcooper,0
dayi_oficiall01,0.0,0.0,0.0,0.0,0,0,0,0.0,0.0,0.0,0,0,0,1,0,0.0,0,0,0,0,0.0,0.0,2026-04-11,2026-10-09,2026-04-11 全周期,5.0,dayi_oficiall01,0
dayidcuba,0.0,0.0,0.0,0.0,0,0,0,0.0,0.0,0.0,0,0,0,0,0,0.0,2,13552,0,0,0.0,0.0,2026-04-11,2026-10-09,2026-04-11 全周期,0.0,dayidcuba,0
daymesee1111,0.0,0.0,0.0,0.0,0,0,0,0.0,0.0,0.0,0,0,0,1,0,0.0,2,0,0,0,0.0,0.0,2026-04-11,2026-10-09,2026-04-11 全周期,5.0,daymesee1111,0
dbarzz12,0.0,0.0,0.0,0.0,0,0,0,0.0,0.0,0.0,0,0,0,0,0,0.0,5,101326,0,0,0.0,0.0,2026-04-11,2026-10-09,2026-04-11 全周期,0.0,dbarzz12,0
deannagarcia28,0.0,0.0,0.0,0.0,0,0,0,0.0,0.0,0.0,0,0,0,0,0,0.0,1,1684,0,0,0.0,0.0,2026-04-11,2026-10-09,2026-04-11 全周期,0.0,deannagarcia28,0
debwads,0.0,0.0,0.0,0.0,0,0,0,0.0,0.0,0.0,0,0,1,0,0,0.6,5,7300,0,0,0.0,0.0,2026-04-11,2026-10-09,2026-04-11 全周期,0.0,debwads,0
decadentdoxiesofk,0.0,0.0,0.0,0.0,0,0,0,0.0,0.0,0.0,0,0,0,0,0,0.0,4,4528,0,0,0.0,0.0,2026-04-11,2026-10-09,2026-04-11 全周期,0.0,decadentdoxiesofk,0
deesmith015,0.0,0.0,0.0,0.0,0,0,0,0.0,0.0,0.0,0,0,0,0,0,0.0,2,0,0,0,0.0,0.0,2026-04-11,2026-10-09,2026-04-11 全周期,0.0,deesmith015,0
definitelyjustkevin,0.0,0.0,0.0,0.0,0,0,0,0.0,0.0,0.0,0,0,0,0,0,0.0,2,83726,0,0,0.0,0.0,2026-04-11,2026-10-09,2026-04-11 全周期,0.0,definitelyjustkevin,0
defntparis,0.0,0.0,0.0,0.0,0,0,0,0.0,0.0,0.0,0,1,1,1,1,0.0,15,22065,0,0,0.0,0.0,2026-04-11,2026-10-09,2026-04-11 全周期,5.0,defntparis,1
dekyp,0.0,0.0,0.0,0.0,0,0,0,0.0,0.0,0.0,1,1,2,1,1,0.0141,142,60,0,0,0.0,0.0,2026-04-11,2026-10-09,2026-04-11 全周期,5.0,dekyp,2
delmyb.3,0.0,0.0,0.0,0.0,0,0,0,0.0,0.0,0.0,0,2,2,1,1,0.015600000000000001,256,54576,0,0,0.0,0.0,2026-04-11,2026-10-09,2026-04-11 全周期,5.0,delmyb.3,2
deni.zoff,0.0,0.0,0.0,0.0,0,0,0,0.0,0.0,0.0,0,0,0,1,0,0.0,0,0,0,0,0.0,0.0,2026-04-11,2026-10-09,2026-04-11 全周期,5.0,deni.zoff,0
denise_hall,0.0,0.0,0.0,0.0,0,0,0,0.0,0.0,0.0,0,2,2,1,1,0.005699999999999999,1218,173590,0,0,0.0,0.0,2026-04-11,2026-10-09,2026-04-11 全周期,5.0,denise_hall,2
destinyslattery,0.0,0.0,0.0,0.0,0,0,0,0.0,0.0,0.0,0,2,1,1,1,0.0084,2151,2023,0,0,0.0,0.0,2026-04-11,2026-10-09,2026-04-11 全周期,5.0,destinyslattery,2
dex31380,0.0,0.0,0.0,0.0,0,0,0,0.0,0.0,0.0,0,0,0,1,0,0.0,12,36227,0,0,0.0,0.0,2026-04-11,2026-10-09,2026-04-11 全周期,5.0,dex31380,0
deyaniracavazos13,0.0,0.0,0.0,0.0,0,0,0,0.0,0.0,0.0,0,1,1,1,1,0.0,138,122,0,0,0.0,0.0,2026-04-11,2026-10-09,2026-04-11 全周期,5.0,deyaniracavazos13,1
diamonddmonaee4,0.0,0.0,0.0,0.0,0,0,0,0.0,0.0,0.0,0,0,0,0,0,0.0,2,11141,0,0,0.0,0.0,2026-04-11,2026-10-09,2026-04-11 全周期,0.0,diamonddmonaee4,0
diamondptnggirl,0.0,0.0,0.0,0.0,0,0,0,0.0,0.0,0.0,1,0,1,1,1,0.060599999999999994,33,9430,0,0,0.0,0.0,2026-04-11,2026-10-09,2026-04-11 全周期,5.0,diamondptnggirl,1
diana_croft0,0.0,0.0,0.0,0.0,0,0,0,0.0,0.0,0.0,0,0,0,0,0,0.0,1,0,0,0,0.0,0.0,2026-04-11,2026-10-09,2026-04-11 全周期,0.0,diana_croft0,0
didasdeals,0.0,0.0,0.0,0.0,0,0,0,0.0,0.0,0.0,0,3,3,1,1,0.023399999999999997,171,63230,0,0,0.0,0.0,2026-04-11,2026-10-09,2026-04-11 全周期,5.0,didasdeals,3
digitaljinxy,0.0,0.0,0.0,0.0,0,0,0,0.0,0.0,0.0,0,0,0,0,0,0.0,2,379837,0,0,0.0,0.0,2026-04-11,2026-10-09,2026-04-11 全周期,0.0,digitaljinxy,0
dinejen5,0.0,0.0,0.0,0.0,0,0,0,0.0,0.0,0.0,0,0,0,0,0,0.0,1,0,0,0,0.0,0.0,2026-04-11,2026-10-09,2026-04-11 全周期,0.0,dinejen5,0
distinktfinds,0.0,0.0,0.0,0.0,0,0,0,0.0,0.0,0.0,1,0,1,1,1,0.0,11,2823,0,0,0.0,0.0,2026-04-11,2026-10-09,2026-04-11 全周期,5.0,distinktfinds,1
dogmom.75.rn,0.0,0.0,0.0,0.0,0,0,0,0.0,0.0,0.0,0,0,0,0,0,0.0,11,3047,0,0,0.0,0.0,2026-04-11,2026-10-09,2026-04-11 全周期,0.0,dogmom.75.rn,0
dogmomchronicles76,0.0,0.0,0.0,0.0,0,0,0,0.0,0.0,0.0,0,2,2,2,1,0.0016,1213,24205,0,0,0.0,0.0,2026-04-11,2026-10-09,2026-04-11 全周期,10.0,dogmomchronicles76,2
dogmomma636,0.0,0.0,0.0,0.0,0,0,0,0.0,0.0,0.0,0,1,1,1,1,0.0,45,43,0,0,0.0,0.0,2026-04-11,2026-10-09,2026-04-11 全周期,5.0,dogmomma636,1
dogmomseattle,0.0,0.0,0.0,0.0,0,0,0,0.0,0.0,0.0,0,0,0,0,0,0.0,1,0,0,0,0.0,0.0,2026-04-11,2026-10-09,2026-04-11 全周期,0.0,dogmomseattle,0
domidoodle.archie,0.0,0.0,0.0,0.0,0,0,0,0.0,0.0,0.0,0,2,2,1,1,0.0337,89,48,0,0,0.0,0.0,2026-04-11,2026-10-09,2026-04-11 全周期,5.0,domidoodle.archie,2
dominique.standif,0.0,0.0,0.0,0.0,0,0,0,0.0,0.0,0.0,0,0,0,0,0,0.0,1,6582,0,0,0.0,0.0,2026-04-11,2026-10-09,2026-04-11 全周期,0.0,dominique.standif,0
donottellmyhusband,0.0,0.0,0.0,0.0,0,0,0,0.0,0.0,0.0,1,0,0,0,1,0.0,4,2141,0,0,0.0,0.0,2026-04-11,2026-10-09,2026-04-11 全周期,0.0,donottellmyhusband,1
dontaskus007,0.0,0.0,0.0,0.0,0,0,0,0.0,0.0,0.0,0,1,0,1,1,0.0,158,153,0,0,0.0,0.0,2026-04-11,2026-10-09,2026-04-11 全周期,5.0,dontaskus007,1
doseofdakota,0.0,0.0,0.0,0.0,0,0,0,0.0,0.0,0.0,0,0,0,0,0,0.0,7,14665,0,0,0.0,0.0,2026-04-11,2026-10-09,2026-04-11 全周期,0.0,doseofdakota,0
dottieminervampls,14.99,0.0,14.99,0.0,1,1,0,14.99,0.0,0.0,0,3,0,0,1,0.0,2437,82683,1,0,2.25,0.0,2026-04-11,2026-10-09,2026-04-11 全周期,0.0,dottieminervampls,3
draxandcompany,0.0,0.0,0.0,0.0,0,0,0,0.0,0.0,0.0,0,1,0,0,1,0.0127,393,374,0,0,0.0,0.0,2026-04-11,2026-10-09,2026-04-11 全周期,0.0,draxandcompany,1
dreamingwanderlust,0.0,0.0,0.0,0.0,0,0,0,0.0,0.0,0.0,0,1,0,0,1,0.037000000000000005,135,116,0,0,0.0,0.0,2026-04-11,2026-10-09,2026-04-11 全周期,0.0,dreamingwanderlust,1
drtt.lifestyle,0.0,0.0,0.0,0.0,0,0,0,0.0,0.0,0.0,0,1,1,1,1,0.0052,383,98908,0,0,0.0,0.0,2026-04-11,2026-10-09,2026-04-11 全周期,5.0,drtt.lifestyle,1
dshelties,0.0,0.0,0.0,0.0,0,0,0,0.0,0.0,0.0,0,0,0,0,0,0.0,7,6496,0,0,0.0,0.0,2026-04-11,2026-10-09,2026-04-11 全周期,0.0,dshelties,0
dthomas6654,0.0,0.0,0.0,0.0,0,0,0,0.0,0.0,0.0,0,0,0,1,0,0.0,0,0,0,0,0.0,0.0,2026-04-11,2026-10-09,2026-04-11 全周期,5.0,dthomas6654,0
ducksgirl91,0.0,0.0,0.0,0.0,0,0,0,0.0,0.0,0.0,0,1,0,1,1,0.0,312,285,0,0,0.0,0.0,2026-04-11,2026-10-09,2026-04-11 全周期,5.0,ducksgirl91,1
dumaspartyof9,0.0,0.0,0.0,0.0,0,0,0,0.0,0.0,0.0,0,0,0,0,0,0.0,1,0,0,0,0.0,0.0,2026-04-11,2026-10-09,2026-04-11 全周期,0.0,dumaspartyof9,0
e.latelyy,0.0,0.0,0.0,0.0,0,0,0,0.0,0.0,0.0,0,0,0,0,0,0.0,3,1410,0,0,0.0,0.0,2026-04-11,2026-10-09,2026-04-11 全周期,0.0,e.latelyy,0
eastcoastmaidenlife,0.0,0.0,0.0,0.0,0,0,0,0.0,0.0,0.0,0,0,0,0,0,0.0,0,0,0,0,0.0,0.0,2026-04-11,2026-10-09,2026-04-11 全周期,0.0,eastcoastmaidenlife,0
eatwiththewebsters,0.0,0.0,0.0,0.0,0,0,0,0.0,0.0,0.0,0,0,0,1,0,0.0,0,0,0,0,0.0,0.0,2026-04-11,2026-10-09,2026-04-11 全周期,5.0,eatwiththewebsters,0
eddie_maximus,0.0,0.0,0.0,0.0,0,0,0,0.0,0.0,0.0,0,0,0,0,0,0.0,94,77876,0,0,0.0,0.0,2026-04-11,2026-10-09,2026-04-11 全周期,0.0,eddie_maximus,0
edgarluna85,0.0,0.0,0.0,0.0,0,0,0,0.0,0.0,0.0,0,0,0,0,0,0.0,2,26076,0,0,0.0,0.0,2026-04-11,2026-10-09,2026-04-11 全周期,0.0,edgarluna85,0
edithluvbeauty,0.0,0.0,0.0,0.0,0,0,0,0.0,0.0,0.0,0,0,0,0,0,0.0,7,209427,0,0,0.0,0.0,2026-04-11,2026-10-09,2026-04-11 全周期,0.0,edithluvbeauty,0
eduardoandrestobon,0.0,0.0,0.0,0.0,0,0,0,0.0,0.0,0.0,1,0,1,2,1,0.0,14,0,0,0,0.0,0.0,2026-04-11,2026-10-09,2026-04-11 全周期,10.0,eduardoandrestobon,1
edvivesshop,0.0,0.0,0.0,0.0,0,0,0,0.0,0.0,0.0,0,5,3,1,1,0.018500000000000003,1674,1615,0,0,0.0,0.0,2026-04-11,2026-10-09,2026-04-11 全周期,5.0,edvivesshop,5
eenerz,0.0,0.0,0.0,0.0,0,0,0,0.0,0.0,0.0,0,0,0,1,0,0.0,0,0,0,0,0.0,0.0,2026-04-11,2026-10-09,2026-04-11 全周期,5.0,eenerz,0
eeyorethegreatpyr,0.0,0.0,0.0,0.0,0,0,0,0.0,0.0,0.0,0,0,0,2,0,0.0,0,0,0,0,0.0,0.0,2026-04-11,2026-10-09,2026-04-11 全周期,10.0,eeyorethegreatpyr,0
el.michoacanoofficial,0.0,0.0,0.0,0.0,0,0,0,0.0,0.0,0.0,0,0,0,0,0,0.0,0,0,0,0,0.0,0.0,2026-04-11,2026-10-09,2026-04-11 全周期,0.0,el.michoacanoofficial,0
elena_lopez95,0.0,0.0,0.0,0.0,0,0,0,0.0,0.0,0.0,0,0,0,0,0,0.0,3,4245,0,0,0.0,0.0,2026-04-11,2026-10-09,2026-04-11 全周期,0.0,elena_lopez95,0
elenitaysus5perrijos,0.0,0.0,0.0,0.0,0,0,0,0.0,0.0,0.0,3,0,0,0,1,0.0313,32,47981,0,0,0.0,0.0,2026-04-11,2026-10-09,2026-04-11 全周期,0.0,elenitaysus5perrijos,3
elizabet.hernande3,0.0,0.0,0.0,0.0,0,0,0,0.0,0.0,0.0,0,0,0,0,0,0.0,0,0,0,0,0.0,0.0,2026-04-11,2026-10-09,2026-04-11 全周期,0.0,elizabet.hernande3,0
elizabethdrewnows4,0.0,0.0,0.0,0.0,0,0,0,0.0,0.0,0.0,0,0,0,0,0,0.0,2,0,0,0,0.0,0.0,2026-04-11,2026-10-09,2026-04-11 全周期,0.0,elizabethdrewnows4,0
elizatalakic,0.0,0.0,0.0,0.0,0,0,0,0.0,0.0,0.0,0,0,0,0,0,0.0,11,763,0,0,0.0,0.0,2026-04-11,2026-10-09,2026-04-11 全周期,0.0,elizatalakic,0
ellalaurenbella,0.0,0.0,0.0,0.0,0,0,0,0.0,0.0,0.0,0,0,0,0,0,0.0,4,2217,0,0,0.0,0.0,2026-04-11,2026-10-09,2026-04-11 全周期,0.0,ellalaurenbella,0
ellascoolfinds2026,0.0,0.0,0.0,0.0,0,0,0,0.0,0.0,0.0,0,0,0,2,0,0.0,0,0,0,0,0.0,0.0,2026-04-11,2026-10-09,2026-04-11 全周期,10.0,ellascoolfinds2026,0
ellievettechie,0.0,0.0,0.0,0.0,0,0,0,0.0,0.0,0.0,0,1,1,1,1,0.011899999999999999,335,313,0,0,0.0,0.0,2026-04-11,2026-10-09,2026-04-11 全周期,5.0,ellievettechie,1
elmoandluna,0.0,0.0,0.0,0.0,0,0,0,0.0,0.0,0.0,0,0,0,1,0,0.0,1,0,0,0,0.0,0.0,2026-04-11,2026-10-09,2026-04-11 全周期,5.0,elmoandluna,0
elprimo911,0.0,0.0,0.0,0.0,0,0,0,0.0,0.0,0.0,0,0,0,0,0,0.0,9,29393,0,0,0.0,0.0,2026-04-11,2026-10-09,2026-04-11 全周期,0.0,elprimo911,0
elvasco2027,0.0,0.0,0.0,0.0,0,0,0,0.0,0.0,0.0,0,0,0,0,0,0.0,6,808980,0,0,0.0,0.0,2026-04-11,2026-10-09,2026-04-11 全周期,0.0,elvasco2027,0
elygalvao12,0.0,0.0,0.0,0.0,0,0,0,0.0,0.0,0.0,0,1,0,1,1,0.0,400,357,0,0,0.0,0.0,2026-04-11,2026-10-09,2026-04-11 全周期,5.0,elygalvao12,1
emeraldtreasuresinc,0.0,0.0,0.0,0.0,0,0,0,0.0,0.0,0.0,0,2,1,1,1,0.012199999999999999,411,2308,0,0,0.0,0.0,2026-04-11,2026-10-09,2026-04-11 全周期,5.0,emeraldtreasuresinc,2
emiah.f,0.0,0.0,0.0,0.0,0,0,0,0.0,0.0,0.0,0,0,0,0,0,0.0,3,189794,0,0,0.0,0.0,2026-04-11,2026-10-09,2026-04-11 全周期,0.0,emiah.f,0
emilouwho7,0.0,0.0,0.0,0.0,0,0,0,0.0,0.0,0.0,0,0,0,0,0,0.0,0,0,0,0,0.0,0.0,2026-04-11,2026-10-09,2026-04-11 全周期,0.0,emilouwho7,0
emitinoko,0.0,0.0,0.0,0.0,0,0,0,0.0,0.0,0.0,0,0,0,0,0,0.0,3,0,0,0,0.0,0.0,2026-04-11,2026-10-09,2026-04-11 全周期,0.0,emitinoko,0
emmy_kissinger,0.0,0.0,0.0,0.0,0,0,0,0.0,0.0,0.0,0,1,1,1,1,0.005600000000000001,359,350,0,0,0.0,0.0,2026-04-11,2026-10-09,2026-04-11 全周期,5.0,emmy_kissinger,1
enchanted_cottage,0.0,0.0,0.0,0.0,0,0,0,0.0,0.0,0.0,0,1,1,1,1,0.01,100,53950,0,0,0.0,0.0,2026-04-11,2026-10-09,2026-04-11 全周期,5.0,enchanted_cottage,1
erica4345,0.0,0.0,0.0,0.0,0,0,0,0.0,0.0,0.0,0,1,1,1,1,0.0,40,49440,0,0,0.0,0.0,2026-04-11,2026-10-09,2026-04-11 全周期,5.0,erica4345,1
ericasdailydeals,0.0,0.0,0.0,0.0,0,0,0,0.0,0.0,0.0,0,0,0,0,0,0.0,1,3151,0,0,0.0,0.0,2026-04-11,2026-10-09,2026-04-11 全周期,0.0,ericasdailydeals,0
erika.withak,0.0,0.0,0.0,0.0,0,0,0,0.0,0.0,0.0,0,0,0,0,0,0.0,18,142225,0,0,0.0,0.0,2026-04-11,2026-10-09,2026-04-11 全周期,0.0,erika.withak,0
erikale075,0.0,0.0,0.0,0.0,0,0,0,0.0,0.0,0.0,0,0,0,0,0,0.0,0,0,0,0,0.0,0.0,2026-04-11,2026-10-09,2026-04-11 全周期,0.0,erikale075,0
erikazetino24,0.0,0.0,0.0,0.0,0,0,0,0.0,0.0,0.0,0,0,0,0,0,0.0,2,0,0,0,0.0,0.0,2026-04-11,2026-10-09,2026-04-11 全周期,0.0,erikazetino24,0
erin.beautyinreal_life,0.0,0.0,0.0,0.0,0,0,0,0.0,0.0,0.0,0,0,0,1,0,0.0,0,0,0,0,0.0,0.0,2026-04-11,2026-10-09,2026-04-11 全周期,5.0,erin.beautyinreal_life,0
erin_g712,0.0,0.0,0.0,0.0,0,0,0,0.0,0.0,0.0,0,1,1,1,1,0.0,319,26708,0,0,0.0,0.0,2026-04-11,2026-10-09,2026-04-11 全周期,5.0,erin_g712,1
eseiferheld,0.0,0.0,0.0,0.0,0,0,0,0.0,0.0,0.0,0,0,0,0,0,0.0,3,2064,0,0,0.0,0.0,2026-04-11,2026-10-09,2026-04-11 全周期,0.0,eseiferheld,0
esimp17,0.0,0.0,0.0,0.0,0,0,0,0.0,0.0,0.0,0,1,1,1,1,0.016399999999999998,304,20023,0,0,0.0,0.0,2026-04-11,2026-10-09,2026-04-11 全周期,5.0,esimp17,1
esmeraldas504,0.0,0.0,0.0,0.0,0,0,0,0.0,0.0,0.0,0,0,0,0,0,0.0,1,1206,0,0,0.0,0.0,2026-04-11,2026-10-09,2026-04-11 全周期,0.0,esmeraldas504,0
estate.seller.kik,0.0,0.0,0.0,0.0,0,0,0,0.0,0.0,0.0,0,1,1,1,1,0.0189,264,444567,0,0,0.0,0.0,2026-04-11,2026-10-09,2026-04-11 全周期,5.0,estate.seller.kik,1
estilobyyrosa,0.0,0.0,0.0,0.0,0,0,0,0.0,0.0,0.0,0,1,1,1,1,0.0183,273,255,0,0,0.0,0.0,2026-04-11,2026-10-09,2026-04-11 全周期,5.0,estilobyyrosa,1
estrenn17,0.0,0.0,0.0,0.0,0,0,0,0.0,0.0,0.0,0,0,0,0,0,0.0,4,0,0,0,0.0,0.0,2026-04-11,2026-10-09,2026-04-11 全周期,0.0,estrenn17,0
evelyncardona80,0.0,0.0,0.0,0.0,0,0,0,0.0,0.0,0.0,0,0,0,1,0,0.0,0,0,0,0,0.0,0.0,2026-04-11,2026-10-09,2026-04-11 全周期,5.0,evelyncardona80,0
explorenaturewithchris,0.0,0.0,0.0,0.0,0,0,0,0.0,0.0,0.0,0,0,0,1,0,0.0,0,0,0,0,0.0,0.0,2026-04-11,2026-10-09,2026-04-11 全周期,5.0,explorenaturewithchris,0
exploretoown,0.0,0.0,0.0,0.0,0,0,0,0.0,0.0,0.0,0,0,0,0,0,0.0,1,5175,0,0,0.0,0.0,2026-04-11,2026-10-09,2026-04-11 全周期,0.0,exploretoown,0
ez_buys,0.0,0.0,0.0,0.0,0,0,0,0.0,0.0,0.0,0,0,0,0,0,0.0,6,2099410,0,0,0.0,0.0,2026-04-11,2026-10-09,2026-04-11 全周期,0.0,ez_buys,0
f.e.r.n.a.n.d.a_sr,0.0,0.0,0.0,0.0,0,0,0,0.0,0.0,0.0,0,0,0,0,0,0.0,45,672586,0,0,0.0,0.0,2026-04-11,2026-10-09,2026-04-11 全周期,0.0,f.e.r.n.a.n.d.a_sr,0
f100feller,0.0,0.0,0.0,0.0,0,0,0,0.0,0.0,0.0,0,0,0,0,0,0.0,3,19184,0,0,0.0,0.0,2026-04-11,2026-10-09,2026-04-11 全周期,0.0,f100feller,0
fabdboutique,0.0,0.0,0.0,0.0,0,0,0,0.0,0.0,0.0,2,0,0,0,1,0.0,47,20740,0,0,0.0,0.0,2026-04-11,2026-10-09,2026-04-11 全周期,0.0,fabdboutique,2
fabulouslizco,0.0,0.0,0.0,0.0,0,0,0,0.0,0.0,0.0,0,0,0,0,0,0.0,0,0,0,0,0.0,0.0,2026-04-11,2026-10-09,2026-04-11 全周期,0.0,fabulouslizco,0
fairygardenmom3,0.0,0.0,0.0,0.0,0,0,0,0.0,0.0,0.0,0,1,0,1,1,0.0233,43,38,0,0,0.0,0.0,2026-04-11,2026-10-09,2026-04-11 全周期,5.0,fairygardenmom3,1
faith.robertsonnn,0.0,0.0,0.0,0.0,0,0,0,0.0,0.0,0.0,0,0,0,0,0,0.0,2,28655,0,0,0.0,0.0,2026-04-11,2026-10-09,2026-04-11 全周期,0.0,faith.robertsonnn,0
fancy_fac3,0.0,0.0,0.0,0.0,0,0,0,0.0,0.0,0.0,0,0,0,1,0,0.0,0,0,0,0,0.0,0.0,2026-04-11,2026-10-09,2026-04-11 全周期,5.0,fancy_fac3,0
farmersarahm,0.0,0.0,0.0,0.0,0,0,0,0.0,0.0,0.0,0,0,0,0,0,0.0,5,59112,0,0,0.0,0.0,2026-04-11,2026-10-09,2026-04-11 全周期,0.0,farmersarahm,0
fatimavillalta5,0.0,0.0,0.0,0.0,0,0,0,0.0,0.0,0.0,0,0,0,0,0,0.0,3,0,0,0,0.0,0.0,2026-04-11,2026-10-09,2026-04-11 全周期,0.0,fatimavillalta5,0
favgirljenny,0.0,0.0,0.0,0.0,0,0,0,0.0,0.0,0.0,0,0,0,0,0,0.07690000000000001,26,202596,0,0,0.0,0.0,2026-04-11,2026-10-09,2026-04-11 全周期,0.0,favgirljenny,0
felipetorres.18,0.0,0.0,0.0,0.0,0,0,0,0.0,0.0,0.0,0,2,2,2,2,0.0125,638,607,0,0,0.0,0.0,2026-04-11,2026-10-09,2026-04-11 全周期,10.0,felipetorres.18,2
femsluvvkayy,0.0,0.0,0.0,0.0,0,0,0,0.0,0.0,0.0,0,0,0,0,0,0.0,1,12634,0,0,0.0,0.0,2026-04-11,2026-10-09,2026-04-11 全周期,0.0,femsluvvkayy,0
feniabloom,0.0,0.0,0.0,0.0,0,0,0,0.0,0.0,0.0,0,0,0,0,0,0.0,1,212,0,0,0.0,0.0,2026-04-11,2026-10-09,2026-04-11 全周期,0.0,feniabloom,0
fermin_promo,0.0,0.0,0.0,0.0,0,0,0,0.0,0.0,0.0,0,0,0,0,0,0.0,1,229317,0,0,0.0,0.0,2026-04-11,2026-10-09,2026-04-11 全周期,0.0,fermin_promo,0
fernalopez9004,0.0,0.0,0.0,0.0,0,0,0,0.0,0.0,0.0,0,0,0,0,0,0.05,20,2635853,0,0,0.0,0.0,2026-04-11,2026-10-09,2026-04-11 全周期,0.0,fernalopez9004,0
fernando.jose.nol5,0.0,0.0,0.0,0.0,0,0,0,0.0,0.0,0.0,0,0,0,1,0,0.0,0,0,0,0,0.0,0.0,2026-04-11,2026-10-09,2026-04-11 全周期,5.0,fernando.jose.nol5,0
fif.sahm,0.0,0.0,0.0,0.0,0,0,0,0.0,0.0,0.0,0,0,0,0,0,0.0,1,4815,0,0,0.0,0.0,2026-04-11,2026-10-09,2026-04-11 全周期,0.0,fif.sahm,0
filamentandforge3d,0.0,0.0,0.0,0.0,0,0,0,0.0,0.0,0.0,0,0,0,0,0,0.0,1,0,0,0,0.0,0.0,2026-04-11,2026-10-09,2026-04-11 全周期,0.0,filamentandforge3d,0
filmsboss,0.0,0.0,0.0,0.0,0,0,0,0.0,0.0,0.0,0,1,0,1,1,0.0235,85,75,0,0,0.0,0.0,2026-04-11,2026-10-09,2026-04-11 全周期,5.0,filmsboss,1
findingmyfaithdaily,0.0,0.0,0.0,0.0,0,0,0,0.0,0.0,0.0,0,0,0,0,0,0.0,1,3872,0,0,0.0,0.0,2026-04-11,2026-10-09,2026-04-11 全周期,0.0,findingmyfaithdaily,0
findsbycody,0.0,0.0,0.0,0.0,0,0,0,0.0,0.0,0.0,0,1,1,1,1,0.0,48,137275,0,0,0.0,0.0,2026-04-11,2026-10-09,2026-04-11 全周期,5.0,findsbycody,1
finleytalksaboutit,0.0,0.0,0.0,0.0,0,0,0,0.0,0.0,0.0,0,0,0,0,0,0.0,0,0,0,0,0.0,0.0,2026-04-11,2026-10-09,2026-04-11 全周期,0.0,finleytalksaboutit,0
fish_bish,0.0,0.0,0.0,0.0,0,0,0,0.0,0.0,0.0,0,1,1,1,1,0.010700000000000001,280,64375,0,0,0.0,0.0,2026-04-11,2026-10-09,2026-04-11 全周期,5.0,fish_bish,1
fitwellover40,0.0,0.0,0.0,0.0,0,0,0,0.0,0.0,0.0,0,0,0,0,0,0.069,29,17331,0,0,0.0,0.0,2026-04-11,2026-10-09,2026-04-11 全周期,0.0,fitwellover40,0
fixyourimages,0.0,0.0,0.0,0.0,0,0,0,0.0,0.0,0.0,0,1,1,1,1,0.0102,488,4968,0,0,0.0,0.0,2026-04-11,2026-10-09,2026-04-11 全周期,5.0,fixyourimages,1
fizzinwithfootz,0.0,0.0,0.0,0.0,0,0,0,0.0,0.0,0.0,0,0,0,0,0,0.0,3,361,0,0,0.0,0.0,2026-04-11,2026-10-09,2026-04-11 全周期,0.0,fizzinwithfootz,0
fluff_force,0.0,0.0,0.0,0.0,0,0,0,0.0,0.0,0.0,0,0,0,0,0,0.0,1,28928,0,0,0.0,0.0,2026-04-11,2026-10-09,2026-04-11 全周期,0.0,fluff_force,0
followfrankiethebugg,0.0,0.0,0.0,0.0,0,0,0,0.0,0.0,0.0,0,1,0,1,1,0.018500000000000003,54,51,0,0,0.0,0.0,2026-04-11,2026-10-09,2026-04-11 全周期,5.0,followfrankiethebugg,1
foxtailwags,0.0,0.0,0.0,0.0,0,0,0,0.0,0.0,0.0,0,0,0,0,0,0.0,3,1075,0,0,0.0,0.0,2026-04-11,2026-10-09,2026-04-11 全周期,0.0,foxtailwags,0
frances.adonus,0.0,0.0,0.0,0.0,0,0,0,0.0,0.0,0.0,0,0,0,0,0,0.0,1,0,0,0,0.0,0.0,2026-04-11,2026-10-09,2026-04-11 全周期,0.0,frances.adonus,0
francescaheals,0.0,0.0,0.0,0.0,0,0,0,0.0,0.0,0.0,0,0,0,1,0,0.0667,30,4709,0,0,0.0,0.0,2026-04-11,2026-10-09,2026-04-11 全周期,5.0,francescaheals,0
francisandjean,0.0,0.0,0.0,0.0,0,0,0,0.0,0.0,0.0,1,1,1,1,1,0.0212,3630,3364,0,0,0.0,0.0,2026-04-11,2026-10-09,2026-04-11 全周期,5.0,francisandjean,2
francomelendez1738,0.0,0.0,0.0,0.0,0,0,0,0.0,0.0,0.0,0,0,0,1,0,0.0,4,272411,0,0,0.0,0.0,2026-04-11,2026-10-09,2026-04-11 全周期,5.0,francomelendez1738,0
frankie_the_chihuahua,0.0,0.0,0.0,0.0,0,0,0,0.0,0.0,0.0,0,0,0,1,0,0.0,0,0,0,0,0.0,0.0,2026-04-11,2026-10-09,2026-04-11 全周期,5.0,frankie_the_chihuahua,0
franklinvance2,0.0,0.0,0.0,0.0,0,0,0,0.0,0.0,0.0,0,0,0,0,0,0.0,1,592,0,0,0.0,0.0,2026-04-11,2026-10-09,2026-04-11 全周期,0.0,franklinvance2,0
gabby_bord,0.0,0.0,0.0,0.0,0,0,0,0.0,0.0,0.0,0,0,0,0,0,0.0,36,17322,0,0,0.0,0.0,2026-04-11,2026-10-09,2026-04-11 全周期,0.0,gabby_bord,0
gabyslife,0.0,0.0,0.0,0.0,0,0,0,0.0,0.0,0.0,0,0,0,0,0,0.0,0,0,0,0,0.0,0.0,2026-04-11,2026-10-09,2026-04-11 全周期,0.0,gabyslife,0
gambleadventures,0.0,0.0,0.0,0.0,0,0,0,0.0,0.0,0.0,0,0,0,0,0,0.0,1,56,0,0,0.0,0.0,2026-04-11,2026-10-09,2026-04-11 全周期,0.0,gambleadventures,0
garciaventuras32,0.0,0.0,0.0,0.0,0,0,0,0.0,0.0,0.0,0,0,0,0,0,0.0,4,141163,0,0,0.0,0.0,2026-04-11,2026-10-09,2026-04-11 全周期,0.0,garciaventuras32,0
gardeningandplantlover,0.0,0.0,0.0,0.0,0,0,0,0.0,0.0,0.0,0,1,1,2,1,0.0184,272,297,0,0,0.0,0.0,2026-04-11,2026-10-09,2026-04-11 全周期,10.0,gardeningandplantlover,1
gardeningwithmichelle,0.0,0.0,0.0,0.0,0,0,0,0.0,0.0,0.0,0,0,0,0,0,0.0,3,4635,0,0,0.0,0.0,2026-04-11,2026-10-09,2026-04-11 全周期,0.0,gardeningwithmichelle,0
garrardfamily,0.0,0.0,0.0,0.0,0,0,0,0.0,0.0,0.0,0,0,0,0,0,0.0,3,0,0,0,0.0,0.0,2026-04-11,2026-10-09,2026-04-11 全周期,0.0,garrardfamily,0
garutshopingusa,0.0,0.0,0.0,0.0,0,0,0,0.0,0.0,0.0,0,0,0,1,0,0.0,0,0,0,0,0.0,0.0,2026-04-11,2026-10-09,2026-04-11 全周期,5.0,garutshopingusa,0
gator_winnie,0.0,0.0,0.0,0.0,0,0,0,0.0,0.0,0.0,0,0,0,1,0,0.0,0,23332,0,0,0.0,0.0,2026-04-11,2026-10-09,2026-04-11 全周期,5.0,gator_winnie,0
gazzanogetaways,0.0,0.0,0.0,0.0,0,0,0,0.0,0.0,0.0,0,1,1,1,1,0.0,119,110,0,0,0.0,0.0,2026-04-11,2026-10-09,2026-04-11 全周期,5.0,gazzanogetaways,1
geegeeisthebest,0.0,0.0,0.0,0.0,0,0,0,0.0,0.0,0.0,0,1,1,1,1,0.0143,279,263,0,0,0.0,0.0,2026-04-11,2026-10-09,2026-04-11 全周期,5.0,geegeeisthebest,1
gem120787,0.0,0.0,0.0,0.0,0,0,0,0.0,0.0,0.0,0,2,1,2,1,0.122,41,38,0,0,0.0,0.0,2026-04-11,2026-10-09,2026-04-11 全周期,10.0,gem120787,2
gena_mariee,0.0,0.0,0.0,0.0,0,0,0,0.0,0.0,0.0,0,1,1,1,1,0.0043,2569,34256,0,0,0.0,0.0,2026-04-11,2026-10-09,2026-04-11 全周期,5.0,gena_mariee,1
ggeddiee,0.0,0.0,0.0,0.0,0,0,0,0.0,0.0,0.0,0,0,0,0,0,0.0,3,11,0,0,0.0,0.0,2026-04-11,2026-10-09,2026-04-11 全周期,0.0,ggeddiee,0
ghost_labrador,0.0,0.0,0.0,54.99,0,0,1,0.0,0.0,0.0,0,0,0,0,0,0.0611,131,1322783,0,0,0.0,0.0,2026-04-11,2026-10-09,2026-04-11 全周期,0.0,ghost_labrador,0
ghostlybutbeautiful,0.0,0.0,0.0,0.0,0,0,0,0.0,0.0,0.0,0,0,0,1,0,0.0,0,0,0,0,0.0,0.0,2026-04-11,2026-10-09,2026-04-11 全周期,5.0,ghostlybutbeautiful,0
gigi_babs,0.0,0.0,0.0,0.0,0,0,0,0.0,0.0,0.0,0,0,0,0,0,0.0,0,0,0,0,0.0,0.0,2026-04-11,2026-10-09,2026-04-11 全周期,0.0,gigi_babs,0
gigiarv30,0.0,0.0,0.0,0.0,0,0,0,0.0,0.0,0.0,0,1,1,1,1,0.0123,243,221,0,0,0.0,0.0,2026-04-11,2026-10-09,2026-04-11 全周期,5.0,gigiarv30,1
gilbertobeltran53,0.0,0.0,0.0,0.0,0,0,0,0.0,0.0,0.0,0,0,0,0,0,0.0,2,1,0,0,0.0,0.0,2026-04-11,2026-10-09,2026-04-11 全周期,0.0,gilbertobeltran53,0
ginafaucetta,0.0,0.0,0.0,0.0,0,0,0,0.0,0.0,0.0,0,0,0,0,0,0.0,4,0,0,0,0.0,0.0,2026-04-11,2026-10-09,2026-04-11 全周期,0.0,ginafaucetta,0
ginammomof5,0.0,0.0,0.0,0.0,0,0,0,0.0,0.0,0.0,0,0,0,0,0,0.0,2,5928,0,0,0.0,0.0,2026-04-11,2026-10-09,2026-04-11 全周期,0.0,ginammomof5,0
gingergonewild1,0.0,0.0,0.0,0.0,0,0,0,0.0,0.0,0.0,0,0,0,0,0,0.0,2,2,0,0,0.0,0.0,2026-04-11,2026-10-09,2026-04-11 全周期,0.0,gingergonewild1,0
ginmatt27,0.0,0.0,0.0,0.0,0,0,0,0.0,0.0,0.0,0,0,0,0,0,0.0,0,0,0,0,0.0,0.0,2026-04-11,2026-10-09,2026-04-11 全周期,0.0,ginmatt27,0
gissylive,0.0,0.0,0.0,0.0,0,0,0,0.0,0.0,0.0,0,0,0,0,0,0.0,0,0,0,0,0.0,0.0,2026-04-11,2026-10-09,2026-04-11 全周期,0.0,gissylive,0
glammer_girl05,0.0,0.0,0.0,0.0,0,0,0,0.0,0.0,0.0,0,3,3,2,2,0.0064,469,458,0,0,0.0,0.0,2026-04-11,2026-10-09,2026-04-11 全周期,10.0,glammer_girl05,3
glampingthrulife,0.0,0.0,0.0,0.0,0,0,0,0.0,0.0,0.0,1,0,0,0,1,0.0,1,0,0,0,0.0,0.0,2026-04-11,2026-10-09,2026-04-11 全周期,0.0,glampingthrulife,1
glamwithtamd,0.0,0.0,0.0,0.0,0,0,0,0.0,0.0,0.0,0,0,0,0,0,0.0,2,0,0,0,0.0,0.0,2026-04-11,2026-10-09,2026-04-11 全周期,0.0,glamwithtamd,0
glitznglam.chardye,0.0,0.0,0.0,0.0,0,0,0,0.0,0.0,0.0,0,0,0,0,0,0.0,2,0,0,0,0.0,0.0,2026-04-11,2026-10-09,2026-04-11 全周期,0.0,glitznglam.chardye,0
glowandtellwithalexis,0.0,0.0,0.0,0.0,0,0,0,0.0,0.0,0.0,0,0,0,1,0,0.0,0,0,0,0,0.0,0.0,2026-04-11,2026-10-09,2026-04-11 全周期,5.0,glowandtellwithalexis,0
goaskdeb,0.0,0.0,0.0,0.0,0,0,0,0.0,0.0,0.0,0,0,0,0,0,0.0,0,0,0,0,0.0,0.0,2026-04-11,2026-10-09,2026-04-11 全周期,0.0,goaskdeb,0
goddess_dsm,0.0,0.0,0.0,0.0,0,0,0,0.0,0.0,0.0,0,1,0,1,1,0.0045000000000000005,223,200,0,0,0.0,0.0,2026-04-11,2026-10-09,2026-04-11 全周期,5.0,goddess_dsm,1
golden_girl_georgia,0.0,0.0,0.0,0.0,0,0,0,0.0,0.0,0.0,0,0,0,0,0,0.0,11,1716,0,0,0.0,0.0,2026-04-11,2026-10-09,2026-04-11 全周期,0.0,golden_girl_georgia,0
goldensniffs,0.0,0.0,0.0,0.0,0,0,0,0.0,0.0,0.0,0,0,0,0,0,0.0,2,885,0,0,0.0,0.0,2026-04-11,2026-10-09,2026-04-11 全周期,0.0,goldensniffs,0
gracehuff2,0.0,0.0,0.0,0.0,0,0,0,0.0,0.0,0.0,0,0,0,0,0,0.0,1,0,0,0,0.0,0.0,2026-04-11,2026-10-09,2026-04-11 全周期,0.0,gracehuff2,0
grandlifeofkashandfinn,14.99,0.0,0.0,0.0,1,1,0,14.99,14.99,0.0294,0,3,1,1,1,0.0043,7922,115581,1,0,2.25,0.0,2026-04-11,2026-10-09,2026-04-11 全周期,5.0,grandlifeofkashandfinn,3
granmeli,0.0,0.0,0.0,0.0,0,0,0,0.0,0.0,0.0,1,1,2,2,2,0.0098,508,4761,0,0,0.0,0.0,2026-04-11,2026-10-09,2026-04-11 全周期,10.0,granmeli,2
grantsterlingfinds,0.0,0.0,0.0,0.0,0,0,0,0.0,0.0,0.0,1,0,1,1,1,0.0,7,50538,0,0,0.0,0.0,2026-04-11,2026-10-09,2026-04-11 全周期,5.0,grantsterlingfinds,1
gratefullifediary,0.0,0.0,0.0,0.0,0,0,0,0.0,0.0,0.0,0,0,0,0,0,0.0,14,760530,0,0,0.0,0.0,2026-04-11,2026-10-09,2026-04-11 全周期,0.0,gratefullifediary,0
greenwood_live,0.0,0.0,0.0,0.0,0,0,0,0.0,0.0,0.0,0,0,0,0,0,0.0,59,417,0,0,0.0,0.0,2026-04-11,2026-10-09,2026-04-11 全周期,0.0,greenwood_live,0
gregmorris84,0.0,0.0,0.0,0.0,0,0,0,0.0,0.0,0.0,0,0,0,0,0,0.175,40,153621,0,0,0.0,0.0,2026-04-11,2026-10-09,2026-04-11 全周期,0.0,gregmorris84,0
grizz1314,0.0,0.0,0.0,0.0,0,0,0,0.0,0.0,0.0,0,0,0,0,0,0.0,1,0,0,0,0.0,0.0,2026-04-11,2026-10-09,2026-04-11 全周期,0.0,grizz1314,0
grownupdish,0.0,0.0,0.0,0.0,0,0,0,0.0,0.0,0.0,0,1,1,1,1,0.0029,344,29815,0,0,0.0,0.0,2026-04-11,2026-10-09,2026-04-11 全周期,5.0,grownupdish,1
grxow,0.0,0.0,0.0,0.0,0,0,0,0.0,0.0,0.0,0,0,0,0,0,0.0,13,142148,0,0,0.0,0.0,2026-04-11,2026-10-09,2026-04-11 全周期,0.0,grxow,0
gubby4u,0.0,0.0,0.0,0.0,0,0,0,0.0,0.0,0.0,0,1,1,1,1,0.015700000000000002,1397,65492,0,0,0.0,0.0,2026-04-11,2026-10-09,2026-04-11 全周期,5.0,gubby4u,1
gwenxxe,0.0,0.0,0.0,0.0,0,0,0,0.0,0.0,0.0,0,0,0,0,0,0.0,1,0,0,0,0.0,0.0,2026-04-11,2026-10-09,2026-04-11 全周期,0.0,gwenxxe,0
gypsi0011,0.0,0.0,0.0,0.0,0,0,0,0.0,0.0,0.0,0,1,1,1,1,0.0,23,13,0,0,0.0,0.0,2026-04-11,2026-10-09,2026-04-11 全周期,5.0,gypsi0011,1
h3ath3r80,0.0,0.0,0.0,0.0,0,0,0,0.0,0.0,0.0,0,1,1,1,1,0.0455,44,174687,0,0,0.0,0.0,2026-04-11,2026-10-09,2026-04-11 全周期,5.0,h3ath3r80,1
h_bustillo,0.0,0.0,0.0,0.0,0,0,0,0.0,0.0,0.0,0,0,0,0,0,0.5,2,2,0,0,0.0,0.0,2026-04-11,2026-10-09,2026-04-11 全周期,0.0,h_bustillo,0
hahahhailey,0.0,0.0,0.0,0.0,0,0,0,0.0,0.0,0.0,0,0,0,0,0,0.0,8,443,0,0,0.0,0.0,2026-04-11,2026-10-09,2026-04-11 全周期,0.0,hahahhailey,0
hailee.country,0.0,0.0,0.0,0.0,0,0,0,0.0,0.0,0.0,0,1,1,1,1,0.0027,375,3281,0,0,0.0,0.0,2026-04-11,2026-10-09,2026-04-11 全周期,5.0,hailee.country,1
hairstylistabbie,0.0,0.0,0.0,0.0,0,0,0,0.0,0.0,0.0,0,0,0,0,0,0.0,1,249,0,0,0.0,0.0,2026-04-11,2026-10-09,2026-04-11 全周期,0.0,hairstylistabbie,0
halogxmes,0.0,0.0,0.0,0.0,0,0,0,0.0,0.0,0.0,0,0,0,0,0,0.0,3,1062,0,0,0.0,0.0,2026-04-11,2026-10-09,2026-04-11 全周期,0.0,halogxmes,0
handycapped_golf,0.0,0.0,0.0,0.0,0,0,0,0.0,0.0,0.0,0,0,0,0,0,0.0,3,32680,0,0,0.0,0.0,2026-04-11,2026-10-09,2026-04-11 全周期,0.0,handycapped_golf,0
hank_bo_show,0.0,0.0,0.0,0.0,0,0,0,0.0,0.0,0.0,0,0,0,0,0,0.0,2,21,0,0,0.0,0.0,2026-04-11,2026-10-09,2026-04-11 全周期,0.0,hank_bo_show,0
hannahcorgii,0.0,0.0,0.0,0.0,0,0,0,0.0,0.0,0.0,0,1,1,1,1,0.0,239,2735,0,0,0.0,0.0,2026-04-11,2026-10-09,2026-04-11 全周期,5.0,hannahcorgii,1
hant2016,0.0,0.0,0.0,0.0,0,0,0,0.0,0.0,0.0,0,0,0,0,0,0.0,3,3417,0,0,0.0,0.0,2026-04-11,2026-10-09,2026-04-11 全周期,0.0,hant2016,0
happydaddogboss,0.0,0.0,0.0,0.0,0,0,0,0.0,0.0,0.0,0,0,0,0,0,0.0,6,144212,0,0,0.0,0.0,2026-04-11,2026-10-09,2026-04-11 全周期,0.0,happydaddogboss,0
happylilhippiee,0.0,0.0,0.0,0.0,0,0,0,0.0,0.0,0.0,0,0,0,0,0,0.0,0,0,0,0,0.0,0.0,2026-04-11,2026-10-09,2026-04-11 全周期,0.0,happylilhippiee,0
happypuppymia,0.0,0.0,0.0,0.0,0,0,0,0.0,0.0,0.0,0,1,1,1,1,0.0103,681,2914,0,0,0.0,0.0,2026-04-11,2026-10-09,2026-04-11 全周期,5.0,happypuppymia,1
happywolf__,0.0,0.0,0.0,0.0,0,0,0,0.0,0.0,0.0,0,0,0,0,0,0.0,29,235,0,0,0.0,0.0,2026-04-11,2026-10-09,2026-04-11 全周期,0.0,happywolf__,0
hard2fathom,0.0,0.0,0.0,0.0,0,0,0,0.0,0.0,0.0,0,0,0,0,0,0.0,6,101431,0,0,0.0,0.0,2026-04-11,2026-10-09,2026-04-11 全周期,0.0,hard2fathom,0
harleygirl2,0.0,0.0,0.0,0.0,0,0,0,0.0,0.0,0.0,0,2,1,1,1,0.024700000000000003,485,19092,0,0,0.0,0.0,2026-04-11,2026-10-09,2026-04-11 全周期,5.0,harleygirl2,2
hccats,0.0,0.0,0.0,0.0,0,0,0,0.0,0.0,0.0,0,0,0,0,0,0.0,0,0,0,0,0.0,0.0,2026-04-11,2026-10-09,2026-04-11 全周期,0.0,hccats,0
hdesselle,0.0,0.0,0.0,0.0,0,0,0,0.0,0.0,0.0,0,1,0,1,1,0.0033,302,283,0,0,0.0,0.0,2026-04-11,2026-10-09,2026-04-11 全周期,5.0,hdesselle,1
healingkelsi,0.0,0.0,0.0,0.0,0,0,0,0.0,0.0,0.0,0,0,0,0,0,0.0,2,0,0,0,0.0,0.0,2026-04-11,2026-10-09,2026-04-11 全周期,0.0,healingkelsi,0
healthjourneyteam,0.0,0.0,0.0,0.0,0,0,0,0.0,0.0,0.0,0,3,2,1,1,0.0025,787,8819,0,0,0.0,0.0,2026-04-11,2026-10-09,2026-04-11 全周期,5.0,healthjourneyteam,3
healthsearcher,0.0,0.0,0.0,0.0,0,0,0,0.0,0.0,0.0,0,1,0,1,1,0.0141,283,285,0,0,0.0,0.0,2026-04-11,2026-10-09,2026-04-11 全周期,5.0,healthsearcher,1
heated.trucks,0.0,0.0,0.0,0.0,0,0,0,0.0,0.0,0.0,0,0,0,0,0,0.0,40,1291324,0,0,0.0,0.0,2026-04-11,2026-10-09,2026-04-11 全周期,0.0,heated.trucks,0
heather_has_goals,0.0,0.0,0.0,0.0,0,0,0,0.0,0.0,0.0,0,0,0,0,0,0.0,1,1917,0,0,0.0,0.0,2026-04-11,2026-10-09,2026-04-11 全周期,0.0,heather_has_goals,0
heatheraeger,0.0,0.0,0.0,0.0,0,0,0,0.0,0.0,0.0,1,0,0,1,1,0.0377,53,68413,0,0,0.0,0.0,2026-04-11,2026-10-09,2026-04-11 全周期,5.0,heatheraeger,1
heheautumn,0.0,0.0,0.0,0.0,0,0,0,0.0,0.0,0.0,0,0,0,0,0,0.0,2,1103,0,0,0.0,0.0,2026-04-11,2026-10-09,2026-04-11 全周期,0.0,heheautumn,0
helenecrumley,0.0,0.0,0.0,0.0,0,0,0,0.0,0.0,0.0,0,0,0,0,0,0.0,9,3285,0,0,0.0,0.0,2026-04-11,2026-10-09,2026-04-11 全周期,0.0,helenecrumley,0
hemapathak91,0.0,0.0,0.0,0.0,0,0,0,0.0,0.0,0.0,0,0,0,1,0,0.0345,29,0,0,0,0.0,0.0,2026-04-11,2026-10-09,2026-04-11 全周期,5.0,hemapathak91,0
hey.its.dianaaa,0.0,0.0,0.0,0.0,0,0,0,0.0,0.0,0.0,0,0,0,0,0,0.0,0,0,0,0,0.0,0.0,2026-04-11,2026-10-09,2026-04-11 全周期,0.0,hey.its.dianaaa,0
heyits_yoazin,0.0,0.0,0.0,0.0,0,0,0,0.0,0.0,0.0,0,0,0,0,0,0.0,1,86811,0,0,0.0,0.0,2026-04-11,2026-10-09,2026-04-11 全周期,0.0,heyits_yoazin,0
heyitslauralee,0.0,0.0,0.0,0.0,0,0,0,0.0,0.0,0.0,0,0,0,1,0,0.0,0,0,0,0,0.0,0.0,2026-04-11,2026-10-09,2026-04-11 全周期,5.0,heyitslauralee,0
heyrizelle,0.0,0.0,0.0,0.0,0,0,0,0.0,0.0,0.0,0,1,1,1,1,0.0,46,213626,0,0,0.0,0.0,2026-04-11,2026-10-09,2026-04-11 全周期,5.0,heyrizelle,1
hi.imles,0.0,0.0,0.0,0.0,0,0,0,0.0,0.0,0.0,0,1,0,0,1,0.0077,391,2067,0,0,0.0,0.0,2026-04-11,2026-10-09,2026-04-11 全周期,0.0,hi.imles,1
hi_its_meredith,0.0,0.0,0.0,0.0,0,0,0,0.0,0.0,0.0,0,0,0,0,0,0.0,3,216,0,0,0.0,0.0,2026-04-11,2026-10-09,2026-04-11 全周期,0.0,hi_its_meredith,0
higgybear20,0.0,0.0,0.0,0.0,0,0,0,0.0,0.0,0.0,0,0,0,0,0,0.0,0,0,0,0,0.0,0.0,2026-04-11,2026-10-09,2026-04-11 全周期,0.0,higgybear20,0
hippiedogmomjewelry,0.0,0.0,0.0,0.0,0,0,0,0.0,0.0,0.0,0,0,0,0,0,0.0,1,72,0,0,0.0,0.0,2026-04-11,2026-10-09,2026-04-11 全周期,0.0,hippiedogmomjewelry,0
hollieathome,0.0,0.0,0.0,0.0,0,0,0,0.0,0.0,0.0,0,0,0,0,0,0.0,1,23984,0,0,0.0,0.0,2026-04-11,2026-10-09,2026-04-11 全周期,0.0,hollieathome,0
holly.lady.bug.an,0.0,0.0,0.0,0.0,0,0,0,0.0,0.0,0.0,0,0,0,0,0,0.0,2,1411,0,0,0.0,0.0,2026-04-11,2026-10-09,2026-04-11 全周期,0.0,holly.lady.bug.an,0
hollyween1973,12.99,0.0,12.99,0.0,1,1,0,12.99,0.0,0.16670000000000001,0,2,2,1,1,0.013500000000000002,444,411,1,1,1.95,0.0,2026-04-11,2026-10-09,2026-04-11 全周期,5.0,hollyween1973,2
homeplugnate,0.0,0.0,0.0,0.0,0,0,0,0.0,0.0,0.0,1,0,1,1,1,0.0,12,0,0,0,0.0,0.0,2026-04-11,2026-10-09,2026-04-11 全周期,5.0,homeplugnate,1
honestlyisaac,0.0,0.0,0.0,0.0,0,0,0,0.0,0.0,0.0,0,0,0,0,0,0.0,1,0,0,0,0.0,0.0,2026-04-11,2026-10-09,2026-04-11 全周期,0.0,honestlyisaac,0
honeynrn,0.0,0.0,0.0,0.0,0,0,0,0.0,0.0,0.0,0,0,0,0,0,0.0,3,1034,0,0,0.0,0.0,2026-04-11,2026-10-09,2026-04-11 全周期,0.0,honeynrn,0
hoodiesandhandbags,0.0,0.0,0.0,0.0,0,0,0,0.0,0.0,0.0,0,0,0,0,0,0.0,4,0,0,0,0.0,0.0,2026-04-11,2026-10-09,2026-04-11 全周期,0.0,hoodiesandhandbags,0
hootshack,0.0,0.0,0.0,0.0,0,0,0,0.0,0.0,0.0,0,1,1,1,1,0.0,118,261886,0,0,0.0,0.0,2026-04-11,2026-10-09,2026-04-11 全周期,5.0,hootshack,1
hopee1281,0.0,0.0,0.0,0.0,0,0,0,0.0,0.0,0.0,0,2,2,2,2,0.0040999999999999995,492,472,0,0,0.0,0.0,2026-04-11,2026-10-09,2026-04-11 全周期,10.0,hopee1281,2
hopeinthefrontrow,0.0,0.0,0.0,0.0,0,0,0,0.0,0.0,0.0,0,0,0,1,0,0.0,2,1215,0,0,0.0,0.0,2026-04-11,2026-10-09,2026-04-11 全周期,5.0,hopeinthefrontrow,0
hotmessmamacreator,0.0,0.0,0.0,0.0,0,0,0,0.0,0.0,0.0,0,0,0,0,0,0.0,5,328106,0,0,0.0,0.0,2026-04-11,2026-10-09,2026-04-11 全周期,0.0,hotmessmamacreator,0
hotsaucedapug,0.0,0.0,0.0,0.0,0,0,0,0.0,0.0,0.0,0,0,0,1,0,0.0,5,457,0,0,0.0,0.0,2026-04-11,2026-10-09,2026-04-11 全周期,5.0,hotsaucedapug,0
houscandy1,0.0,0.0,0.0,0.0,0,0,0,0.0,0.0,0.0,0,0,0,0,0,0.0,6,37730,0,0,0.0,0.0,2026-04-11,2026-10-09,2026-04-11 全周期,0.0,houscandy1,0
house_of_tiffany,0.0,0.0,0.0,0.0,0,0,0,0.0,0.0,0.0,0,0,0,0,0,0.0,3,8181,0,0,0.0,0.0,2026-04-11,2026-10-09,2026-04-11 全周期,0.0,house_of_tiffany,0
house_of_tiffany_lives,0.0,0.0,0.0,0.0,0,0,0,0.0,0.0,0.0,0,1,1,1,1,0.0,79,22639,0,0,0.0,0.0,2026-04-11,2026-10-09,2026-04-11 全周期,5.0,house_of_tiffany_lives,1
hustlewithxavier,0.0,0.0,0.0,0.0,0,0,0,0.0,0.0,0.0,0,0,0,0,0,0.0,4,1743,0,0,0.0,0.0,2026-04-11,2026-10-09,2026-04-11 全周期,0.0,hustlewithxavier,0
hybrid_bully,0.0,0.0,0.0,0.0,0,0,0,0.0,0.0,0.0,0,2,1,1,1,0.0051,788,634557,0,0,0.0,0.0,2026-04-11,2026-10-09,2026-04-11 全周期,5.0,hybrid_bully,2
iamchristydilg,0.0,0.0,0.0,0.0,0,0,0,0.0,0.0,0.0,0,0,0,0,0,0.0,3,6393,0,0,0.0,0.0,2026-04-11,2026-10-09,2026-04-11 全周期,0.0,iamchristydilg,0
iamkathrinepierce,0.0,0.0,0.0,0.0,0,0,0,0.0,0.0,0.0,0,1,1,1,1,0.0096,313,15289,0,0,0.0,0.0,2026-04-11,2026-10-09,2026-04-11 全周期,5.0,iamkathrinepierce,1
ida_entiktokshop,0.0,0.0,0.0,0.0,0,0,0,0.0,0.0,0.0,0,0,0,1,0,0.0,1,0,0,0,0.0,0.0,2026-04-11,2026-10-09,2026-04-11 全周期,5.0,ida_entiktokshop,0
idahochase,0.0,0.0,0.0,0.0,0,0,0,0.0,0.0,0.0,0,1,1,1,1,0.0,41,85288,0,0,0.0,0.0,2026-04-11,2026-10-09,2026-04-11 全周期,5.0,idahochase,1
idaniatiktokshop,0.0,0.0,0.0,0.0,0,0,0,0.0,0.0,0.0,0,0,0,0,0,0.0,3,134,0,0,0.0,0.0,2026-04-11,2026-10-09,2026-04-11 全周期,0.0,idaniatiktokshop,0
ilikepapper,0.0,0.0,0.0,0.0,0,0,0,0.0,0.0,0.0,0,1,1,1,1,0.0315,381,79236,0,0,0.0,0.0,2026-04-11,2026-10-09,2026-04-11 全周期,5.0,ilikepapper,1
imafoister,0.0,0.0,0.0,0.0,0,0,0,0.0,0.0,0.0,0,0,0,0,0,0.0,4,2,0,0,0.0,0.0,2026-04-11,2026-10-09,2026-04-11 全周期,0.0,imafoister,0
imjustherrrrrr,0.0,0.0,0.0,0.0,0,0,0,0.0,0.0,0.0,0,2,2,1,1,0.0025,397,362,0,0,0.0,0.0,2026-04-11,2026-10-09,2026-04-11 全周期,5.0,imjustherrrrrr,2
imkarachanel,0.0,0.0,0.0,0.0,0,0,0,0.0,0.0,0.0,0,0,0,1,0,0.1429,7,0,0,0,0.0,0.0,2026-04-11,2026-10-09,2026-04-11 全周期,5.0,imkarachanel,0
in_laylas_mind,0.0,0.0,0.0,0.0,0,0,0,0.0,0.0,0.0,0,0,0,0,0,0.0,0,0,0,0,0.0,0.0,2026-04-11,2026-10-09,2026-04-11 全周期,0.0,in_laylas_mind,0
inadyywetrust_,0.0,0.0,0.0,0.0,0,0,0,0.0,0.0,0.0,0,1,1,1,1,0.0125,240,358214,0,0,0.0,0.0,2026-04-11,2026-10-09,2026-04-11 全周期,5.0,inadyywetrust_,1
indyys.page,0.0,0.0,0.0,0.0,0,0,0,0.0,0.0,0.0,0,0,0,0,0,0.0,3,34315,0,0,0.0,0.0,2026-04-11,2026-10-09,2026-04-11 全周期,0.0,indyys.page,0
ines25___,0.0,0.0,0.0,0.0,0,0,0,0.0,0.0,0.0,0,0,0,0,0,0.0,2,1703,0,0,0.0,0.0,2026-04-11,2026-10-09,2026-04-11 全周期,0.0,ines25___,0
infinite_nostalgia,0.0,0.0,0.0,0.0,0,0,0,0.0,0.0,0.0,0,0,0,0,0,0.0417,24,561836,0,0,0.0,0.0,2026-04-11,2026-10-09,2026-04-11 全周期,0.0,infinite_nostalgia,0
ingridsandovalg,0.0,0.0,0.0,0.0,0,0,0,0.0,0.0,0.0,0,0,0,1,0,0.0,11,0,0,0,0.0,0.0,2026-04-11,2026-10-09,2026-04-11 全周期,5.0,ingridsandovalg,0
intolerant_furball,0.0,0.0,0.0,0.0,0,0,0,0.0,0.0,0.0,0,0,0,1,0,0.09519999999999999,21,0,0,0,0.0,0.0,2026-04-11,2026-10-09,2026-04-11 全周期,5.0,intolerant_furball,0
iramommyy,0.0,0.0,0.0,0.0,0,0,0,0.0,0.0,0.0,0,1,1,1,1,0.0196,51,82211,0,0,0.0,0.0,2026-04-11,2026-10-09,2026-04-11 全周期,5.0,iramommyy,1
isaacshop12,0.0,0.0,0.0,0.0,0,0,0,0.0,0.0,0.0,0,0,0,0,0,0.0625,16,243747,0,0,0.0,0.0,2026-04-11,2026-10-09,2026-04-11 全周期,0.0,isaacshop12,0
ismary_8,0.0,0.0,0.0,0.0,0,0,0,0.0,0.0,0.0,20,2,9,2,1,0.0348,1005,311,0,0,0.0,0.0,2026-04-11,2026-10-09,2026-04-11 全周期,10.0,ismary_8,22
issalittlechaos,0.0,0.0,0.0,0.0,0,0,0,0.0,0.0,0.0,0,1,1,1,1,0.006,166,154,0,0,0.0,0.0,2026-04-11,2026-10-09,2026-04-11 全周期,5.0,issalittlechaos,1
isthisthingonofficial,0.0,0.0,0.0,0.0,0,0,0,0.0,0.0,0.0,1,0,1,1,1,0.0,13,2392,0,0,0.0,0.0,2026-04-11,2026-10-09,2026-04-11 全周期,5.0,isthisthingonofficial,1
italiano_1016,0.0,0.0,0.0,0.0,0,0,0,0.0,0.0,0.0,0,1,1,1,1,0.009300000000000001,1392,1349,0,0,0.0,0.0,2026-04-11,2026-10-09,2026-04-11 全周期,5.0,italiano_1016,1
itriedit4_you,0.0,0.0,0.0,0.0,0,0,0,0.0,0.0,0.0,0,1,1,1,1,0.0,167,156,0,0,0.0,0.0,2026-04-11,2026-10-09,2026-04-11 全周期,5.0,itriedit4_you,1
its.andera2,0.0,0.0,0.0,0.0,0,0,0,0.0,0.0,0.0,0,0,0,0,0,0.0,2,848,0,0,0.0,0.0,2026-04-11,2026-10-09,2026-04-11 全周期,0.0,its.andera2,0
itsambaslife,0.0,0.0,0.0,0.0,0,0,0,0.0,0.0,0.0,0,0,0,0,0,0.0,2,115311,0,0,0.0,0.0,2026-04-11,2026-10-09,2026-04-11 全周期,0.0,itsambaslife,0
itscoramademedia,0.0,0.0,0.0,0.0,0,0,0,0.0,0.0,0.0,0,0,0,0,0,0.0,4,8698,0,0,0.0,0.0,2026-04-11,2026-10-09,2026-04-11 全周期,0.0,itscoramademedia,0
itshillarycatherine,0.0,0.0,0.0,0.0,0,0,0,0.0,0.0,0.0,0,0,0,1,0,0.0,0,0,0,0,0.0,0.0,2026-04-11,2026-10-09,2026-04-11 全周期,5.0,itshillarycatherine,0
itsjessicajane,0.0,0.0,0.0,0.0,0,0,0,0.0,0.0,0.0,0,1,1,1,1,0.0064,621,14321,0,0,0.0,0.0,2026-04-11,2026-10-09,2026-04-11 全周期,5.0,itsjessicajane,1
itsjordanrae,0.0,0.0,0.0,0.0,0,0,0,0.0,0.0,0.0,0,0,0,2,0,0.0,0,0,0,0,0.0,0.0,2026-04-11,2026-10-09,2026-04-11 全周期,10.0,itsjordanrae,0
itsjustanotherangie,0.0,0.0,0.0,0.0,0,0,0,0.0,0.0,0.0,0,0,0,0,0,0.0,2,9347,0,0,0.0,0.0,2026-04-11,2026-10-09,2026-04-11 全周期,0.0,itsjustanotherangie,0
itskikibabez,0.0,0.0,0.0,0.0,0,0,0,0.0,0.0,0.0,0,1,0,0,1,0.0207,580,1310745,0,0,0.0,0.0,2026-04-11,2026-10-09,2026-04-11 全周期,0.0,itskikibabez,1
itskristincamacho,0.0,0.0,0.0,0.0,0,0,0,0.0,0.0,0.0,0,1,1,1,1,0.0625,32,1052881,0,0,0.0,0.0,2026-04-11,2026-10-09,2026-04-11 全周期,5.0,itskristincamacho,1
itsmadisonbutnotbeer,0.0,0.0,0.0,0.0,0,0,0,0.0,0.0,0.0,0,0,0,0,0,0.0,1,0,0,0,0.0,0.0,2026-04-11,2026-10-09,2026-04-11 全周期,0.0,itsmadisonbutnotbeer,0
itssjay_co,0.0,0.0,0.0,0.0,0,0,0,0.0,0.0,0.0,0,0,0,0,0,0.0,16,476696,0,0,0.0,0.0,2026-04-11,2026-10-09,2026-04-11 全周期,0.0,itssjay_co,0
itsterriiii,0.0,0.0,0.0,0.0,0,0,0,0.0,0.0,0.0,0,0,0,1,0,0.0,0,0,0,0,0.0,0.0,2026-04-11,2026-10-09,2026-04-11 全周期,5.0,itsterriiii,0
itstiffslife,0.0,0.0,0.0,0.0,0,0,0,0.0,0.0,0.0,0,0,0,0,0,0.0,24,1148207,0,0,0.0,0.0,2026-04-11,2026-10-09,2026-04-11 全周期,0.0,itstiffslife,0
ivanthedoberman,0.0,0.0,0.0,0.0,0,0,0,0.0,0.0,0.0,0,4,2,1,1,0.0072,1380,8846,0,0,0.0,0.0,2026-04-11,2026-10-09,2026-04-11 全周期,5.0,ivanthedoberman,4
ivofinds,0.0,0.0,0.0,0.0,0,0,0,0.0,0.0,0.0,0,0,0,0,0,0.0833,12,21426,0,0,0.0,0.0,2026-04-11,2026-10-09,2026-04-11 全周期,0.0,ivofinds,0
ivy.beeadventures,0.0,0.0,0.0,0.0,0,0,0,0.0,0.0,0.0,0,0,0,0,0,0.0,1,130,0,0,0.0,0.0,2026-04-11,2026-10-09,2026-04-11 全周期,0.0,ivy.beeadventures,0
izlandgirlie,0.0,0.0,0.0,0.0,0,0,0,0.0,0.0,0.0,0,1,2,1,1,0.0455,22,20355,0,0,0.0,0.0,2026-04-11,2026-10-09,2026-04-11 全周期,5.0,izlandgirlie,1
j_ramos2007,0.0,0.0,0.0,0.0,0,0,0,0.0,0.0,0.0,0,0,0,0,0,0.0,0,0,0,0,0.0,0.0,2026-04-11,2026-10-09,2026-04-11 全周期,0.0,j_ramos2007,0
jackiegissela,0.0,0.0,0.0,0.0,0,0,0,0.0,0.0,0.0,0,0,0,0,0,0.0,1,740,0,0,0.0,0.0,2026-04-11,2026-10-09,2026-04-11 全周期,0.0,jackiegissela,0
jackiejo71,0.0,0.0,0.0,0.0,0,0,0,0.0,0.0,0.0,0,0,0,0,0,0.0,7,2791,0,0,0.0,0.0,2026-04-11,2026-10-09,2026-04-11 全周期,0.0,jackiejo71,0
jackieriv.97,0.0,0.0,0.0,0.0,0,0,0,0.0,0.0,0.0,0,0,0,0,0,0.0,1,17483,0,0,0.0,0.0,2026-04-11,2026-10-09,2026-04-11 全周期,0.0,jackieriv.97,0
jacquelinefarris,0.0,0.0,0.0,0.0,0,0,0,0.0,0.0,0.0,0,1,1,1,1,0.0043,465,33369,0,0,0.0,0.0,2026-04-11,2026-10-09,2026-04-11 全周期,5.0,jacquelinefarris,1
jacquelinemichellem,0.0,0.0,0.0,0.0,0,0,0,0.0,0.0,0.0,0,1,1,1,1,0.0149,269,247,0,0,0.0,0.0,2026-04-11,2026-10-09,2026-04-11 全周期,5.0,jacquelinemichellem,1
jadesgems_,0.0,0.0,0.0,0.0,0,0,0,0.0,0.0,0.0,0,0,0,0,0,0.0,0,0,0,0,0.0,0.0,2026-04-11,2026-10-09,2026-04-11 全周期,0.0,jadesgems_,0
jae_exotic_channel,0.0,0.0,0.0,0.0,0,0,0,0.0,0.0,0.0,0,0,0,0,0,0.0,1,2,0,0,0.0,0.0,2026-04-11,2026-10-09,2026-04-11 全周期,0.0,jae_exotic_channel,0
jaedawaydaaaaa,0.0,0.0,0.0,0.0,0,0,0,0.0,0.0,0.0,0,0,0,0,0,0.0,2,0,0,0,0.0,0.0,2026-04-11,2026-10-09,2026-04-11 全周期,0.0,jaedawaydaaaaa,0
jake_cupz,0.0,0.0,0.0,0.0,0,0,0,0.0,0.0,0.0,0,0,0,0,0,0.0,2,49397,0,0,0.0,0.0,2026-04-11,2026-10-09,2026-04-11 全周期,0.0,jake_cupz,0
jake_theviking,0.0,0.0,0.0,0.0,0,0,0,0.0,0.0,0.0,0,0,0,0,0,0.0,8,12248,0,0,0.0,0.0,2026-04-11,2026-10-09,2026-04-11 全周期,0.0,jake_theviking,0
jamie.showcase,0.0,0.0,0.0,0.0,0,0,0,0.0,0.0,0.0,0,1,0,0,1,0.0,130,33691,0,0,0.0,0.0,2026-04-11,2026-10-09,2026-04-11 全周期,0.0,jamie.showcase,1
jamielynn8551,0.0,0.0,0.0,0.0,0,0,0,0.0,0.0,0.0,0,0,0,0,0,0.15380000000000002,13,1599,0,0,0.0,0.0,2026-04-11,2026-10-09,2026-04-11 全周期,0.0,jamielynn8551,0
jana.buys.bama,0.0,0.0,0.0,0.0,0,0,0,0.0,0.0,0.0,0,1,1,1,1,0.0184,326,18188,0,0,0.0,0.0,2026-04-11,2026-10-09,2026-04-11 全周期,5.0,jana.buys.bama,1
janessgg,0.0,0.0,0.0,0.0,0,0,0,0.0,0.0,0.0,0,0,0,0,0,0.0161,62,1002930,0,0,0.0,0.0,2026-04-11,2026-10-09,2026-04-11 全周期,0.0,janessgg,0
janetrook713,0.0,0.0,0.0,0.0,0,0,0,0.0,0.0,0.0,0,3,1,1,1,0.011899999999999999,421,411,0,0,0.0,0.0,2026-04-11,2026-10-09,2026-04-11 全周期,5.0,janetrook713,3
janicook28,0.0,0.0,0.0,0.0,0,0,0,0.0,0.0,0.0,1,1,2,1,1,0.0024,829,411,0,0,0.0,0.0,2026-04-11,2026-10-09,2026-04-11 全周期,5.0,janicook28,2
janiry33,0.0,0.0,0.0,0.0,0,0,0,0.0,0.0,0.0,0,1,1,1,1,0.0588,34,34,0,0,0.0,0.0,2026-04-11,2026-10-09,2026-04-11 全周期,5.0,janiry33,1
jarfullofpickles,0.0,0.0,0.0,0.0,0,0,0,0.0,0.0,0.0,0,1,1,1,1,0.030899999999999997,324,297,0,0,0.0,0.0,2026-04-11,2026-10-09,2026-04-11 全周期,5.0,jarfullofpickles,1
jas76903us,0.0,0.0,0.0,0.0,0,0,0,0.0,0.0,0.0,0,1,1,1,1,0.021099999999999997,95,19039,0,0,0.0,0.0,2026-04-11,2026-10-09,2026-04-11 全周期,5.0,jas76903us,1
jasmina__marie,135.99,0.0,135.99,0.0,1,1,0,135.99,0.0,0.0,0,1,0,1,1,0.006,4299,73946,1,1,10.2,0.0,2026-04-11,2026-10-09,2026-04-11 全周期,5.0,jasmina__marie,1
jaterao92,0.0,0.0,0.0,0.0,0,0,0,0.0,0.0,0.0,0,0,0,0,0,0.0,17,1005880,0,0,0.0,0.0,2026-04-11,2026-10-09,2026-04-11 全周期,0.0,jaterao92,0
jaxandnova,0.0,0.0,0.0,0.0,0,0,0,0.0,0.0,0.0,0,0,0,1,0,0.0,0,0,0,0,0.0,0.0,2026-04-11,2026-10-09,2026-04-11 全周期,5.0,jaxandnova,0
jaybronious,0.0,0.0,0.0,0.0,0,0,0,0.0,0.0,0.0,0,0,0,0,0,0.0,9,13789,0,0,0.0,0.0,2026-04-11,2026-10-09,2026-04-11 全周期,0.0,jaybronious,0
jazfitness0,0.0,0.0,0.0,0.0,0,0,0,0.0,0.0,0.0,0,2,1,1,1,0.005,402,403,0,0,0.0,0.0,2026-04-11,2026-10-09,2026-04-11 全周期,5.0,jazfitness0,2
jbear4455,0.0,0.0,0.0,0.0,0,0,0,0.0,0.0,0.0,0,0,0,1,0,0.0,0,0,0,0,0.0,0.0,2026-04-11,2026-10-09,2026-04-11 全周期,5.0,jbear4455,0
jeanneteresa,0.0,0.0,0.0,0.0,0,0,0,0.0,0.0,0.0,1,1,1,1,1,0.0521,96,65,0,0,0.0,0.0,2026-04-11,2026-10-09,2026-04-11 全周期,5.0,jeanneteresa,2
jediandwitch,0.0,0.0,0.0,0.0,0,0,0,0.0,0.0,0.0,0,1,1,1,1,0.0,119,40637,0,0,0.0,0.0,2026-04-11,2026-10-09,2026-04-11 全周期,5.0,jediandwitch,1
jedibamf,0.0,0.0,0.0,0.0,0,0,0,0.0,0.0,0.0,0,1,0,1,1,0.0,0,0,0,0,0.0,0.0,2026-04-11,2026-10-09,2026-04-11 全周期,5.0,jedibamf,1
jeepgirlbeth,0.0,0.0,0.0,0.0,0,0,0,0.0,0.0,0.0,1,0,0,0,1,0.2692,26,5589,0,0,0.0,0.0,2026-04-11,2026-10-09,2026-04-11 全周期,0.0,jeepgirlbeth,1
jeepngraceland,0.0,0.0,0.0,0.0,0,0,0,0.0,0.0,0.0,0,1,1,1,1,0.008199999999999999,610,118303,0,0,0.0,0.0,2026-04-11,2026-10-09,2026-04-11 全周期,5.0,jeepngraceland,1
jellybean_n_boss,0.0,0.0,0.0,0.0,0,0,0,0.0,0.0,0.0,0,0,0,0,0,0.0,3,228,0,0,0.0,0.0,2026-04-11,2026-10-09,2026-04-11 全周期,0.0,jellybean_n_boss,0
jen61512,0.0,0.0,0.0,0.0,0,0,0,0.0,0.0,0.0,0,0,0,1,0,0.0,1,0,0,0,0.0,0.0,2026-04-11,2026-10-09,2026-04-11 全周期,5.0,jen61512,0
jen_doodlemom,0.0,0.0,0.0,0.0,0,0,0,0.0,0.0,0.0,0,2,2,1,1,0.0,218,2087,0,0,0.0,0.0,2026-04-11,2026-10-09,2026-04-11 全周期,5.0,jen_doodlemom,2
jenasap,0.0,0.0,0.0,0.0,0,0,0,0.0,0.0,0.0,0,1,1,1,1,0.0,81,73,0,0,0.0,0.0,2026-04-11,2026-10-09,2026-04-11 全周期,5.0,jenasap,1
jenicasavage94,0.0,0.0,0.0,0.0,0,0,0,0.0,0.0,0.0,0,0,0,1,0,0.0,1,0,0,0,0.0,0.0,2026-04-11,2026-10-09,2026-04-11 全周期,5.0,jenicasavage94,0
jennakateandcompany,0.0,0.0,0.0,0.0,0,0,0,0.0,0.0,0.0,1,0,1,1,1,0.0,42,19831,0,0,0.0,0.0,2026-04-11,2026-10-09,2026-04-11 全周期,5.0,jennakateandcompany,1
jenni.kayy,0.0,0.0,0.0,0.0,0,0,0,0.0,0.0,0.0,0,9,0,0,1,0.004699999999999999,2148,14306,0,0,0.0,0.0,2026-04-11,2026-10-09,2026-04-11 全周期,0.0,jenni.kayy,9
jenniferhofstetter,0.0,0.0,0.0,0.0,0,0,0,0.0,0.0,0.0,0,0,0,1,0,0.0,0,0,0,0,0.0,0.0,2026-04-11,2026-10-09,2026-04-11 全周期,5.0,jenniferhofstetter,0
jenniferjarmanstephens,0.0,0.0,0.0,0.0,0,0,0,0.0,0.0,0.0,0,0,0,0,0,0.0,0,0,0,0,0.0,0.0,2026-04-11,2026-10-09,2026-04-11 全周期,0.0,jenniferjarmanstephens,0
jennifermndz99,0.0,0.0,0.0,0.0,0,0,0,0.0,0.0,0.0,0,0,0,0,0,0.0,10,10205,0,0,0.0,0.0,2026-04-11,2026-10-09,2026-04-11 全周期,0.0,jennifermndz99,0
jennine711,0.0,0.0,0.0,0.0,0,0,0,0.0,0.0,0.0,0,0,0,0,0,0.0,1,841,0,0,0.0,0.0,2026-04-11,2026-10-09,2026-04-11 全周期,0.0,jennine711,0
jennramos,0.0,0.0,0.0,0.0,0,0,0,0.0,0.0,0.0,0,0,0,0,0,0.0,3,7050,0,0,0.0,0.0,2026-04-11,2026-10-09,2026-04-11 全周期,0.0,jennramos,0
jennthejenn,0.0,0.0,0.0,0.0,0,0,0,0.0,0.0,0.0,0,0,0,0,0,0.0,1,3045,0,0,0.0,0.0,2026-04-11,2026-10-09,2026-04-11 全周期,0.0,jennthejenn,0
jennywisberg412,0.0,0.0,0.0,0.0,0,0,0,0.0,0.0,0.0,0,0,0,1,0,0.0,0,0,0,0,0.0,0.0,2026-04-11,2026-10-09,2026-04-11 全周期,5.0,jennywisberg412,0
jeranny32,0.0,0.0,0.0,0.0,0,0,0,0.0,0.0,0.0,0,0,0,0,0,0.0,0,0,0,0,0.0,0.0,2026-04-11,2026-10-09,2026-04-11 全周期,0.0,jeranny32,0
jeremyandmelissafun,0.0,0.0,0.0,0.0,0,0,0,0.0,0.0,0.0,0,1,1,1,1,0.0034000000000000002,291,264,0,0,0.0,0.0,2026-04-11,2026-10-09,2026-04-11 全周期,5.0,jeremyandmelissafun,1
jerseyfashionista,0.0,0.0,0.0,0.0,0,0,0,0.0,0.0,0.0,0,0,0,0,0,0.0,1,0,0,0,0.0,0.0,2026-04-11,2026-10-09,2026-04-11 全周期,0.0,jerseyfashionista,0
jescasvibes,0.0,0.0,0.0,0.0,0,0,0,0.0,0.0,0.0,4,0,1,1,1,0.0,24,0,0,0,0.0,0.0,2026-04-11,2026-10-09,2026-04-11 全周期,5.0,jescasvibes,4
jess32145,0.0,0.0,0.0,0.0,0,0,0,0.0,0.0,0.0,0,0,0,0,0,0.0,0,0,0,0,0.0,0.0,2026-04-11,2026-10-09,2026-04-11 全周期,0.0,jess32145,0
jessgrowthandregulation,0.0,0.0,0.0,0.0,0,0,0,0.0,0.0,0.0,0,3,1,1,1,0.0,110,76,0,0,0.0,0.0,2026-04-11,2026-10-09,2026-04-11 全周期,5.0,jessgrowthandregulation,3
jessiaca6942,0.0,0.0,0.0,0.0,0,0,0,0.0,0.0,0.0,0,0,0,0,0,0.0,0,663,0,0,0.0,0.0,2026-04-11,2026-10-09,2026-04-11 全周期,0.0,jessiaca6942,0
jessleegardner,0.0,0.0,0.0,0.0,0,0,0,0.0,0.0,0.0,0,1,1,1,1,0.0473,148,120,0,0,0.0,0.0,2026-04-11,2026-10-09,2026-04-11 全周期,5.0,jessleegardner,1
jessperbostons,0.0,0.0,0.0,0.0,0,0,0,0.0,0.0,0.0,0,0,0,0,0,0.0385,26,189109,0,0,0.0,0.0,2026-04-11,2026-10-09,2026-04-11 全周期,0.0,jessperbostons,0
jesszabokrtsky,0.0,0.0,0.0,0.0,0,0,0,0.0,0.0,0.0,0,1,1,1,1,0.0088,113,2768,0,0,0.0,0.0,2026-04-11,2026-10-09,2026-04-11 全周期,5.0,jesszabokrtsky,1
jguzmtqz14r,0.0,0.0,0.0,0.0,0,0,0,0.0,0.0,0.0,0,0,0,0,0,0.0,0,0,0,0,0.0,0.0,2026-04-11,2026-10-09,2026-04-11 全周期,0.0,jguzmtqz14r,0
jjelaine,0.0,0.0,0.0,0.0,0,0,0,0.0,0.0,0.0,0,1,1,1,1,0.0034000000000000002,890,70566,0,0,0.0,0.0,2026-04-11,2026-10-09,2026-04-11 全周期,5.0,jjelaine,1
jmartstrendyfinds,0.0,0.0,0.0,0.0,0,0,0,0.0,0.0,0.0,0,0,0,0,0,0.0,10,112435,0,0,0.0,0.0,2026-04-11,2026-10-09,2026-04-11 全周期,0.0,jmartstrendyfinds,0
jocelynn_nails,0.0,0.0,0.0,0.0,0,0,0,0.0,0.0,0.0,0,0,0,0,0,0.0,1,0,0,0,0.0,0.0,2026-04-11,2026-10-09,2026-04-11 全周期,0.0,jocelynn_nails,0
jodieunplugged,0.0,0.0,0.0,0.0,0,0,0,0.0,0.0,0.0,0,1,1,1,1,0.0268,336,5341,0,0,0.0,0.0,2026-04-11,2026-10-09,2026-04-11 全周期,5.0,jodieunplugged,1
joesdeals4u,0.0,0.0,0.0,0.0,0,0,0,0.0,0.0,0.0,0,1,1,1,1,0.0048,627,595,0,0,0.0,0.0,2026-04-11,2026-10-09,2026-04-11 全周期,5.0,joesdeals4u,1
joeyprintsllc,0.0,0.0,0.0,0.0,0,0,0,0.0,0.0,0.0,0,0,0,0,0,0.0,0,362,0,0,0.0,0.0,2026-04-11,2026-10-09,2026-04-11 全周期,0.0,joeyprintsllc,0
jokersgrl87,0.0,0.0,0.0,0.0,0,0,0,0.0,0.0,0.0,1,0,0,1,1,0.047599999999999996,84,0,0,0,0.0,0.0,2026-04-11,2026-10-09,2026-04-11 全周期,5.0,jokersgrl87,1
jomolly97,0.0,0.0,0.0,0.0,0,0,0,0.0,0.0,0.0,0,2,1,2,1,0.032799999999999996,61,62,0,0,0.0,0.0,2026-04-11,2026-10-09,2026-04-11 全周期,10.0,jomolly97,2
jonnieappleseed5,0.0,0.0,0.0,0.0,0,0,0,0.0,0.0,0.0,0,0,0,1,0,0.0588,17,0,0,0,0.0,0.0,2026-04-11,2026-10-09,2026-04-11 全周期,5.0,jonnieappleseed5,0
jonprints,0.0,0.0,0.0,0.0,0,0,0,0.0,0.0,0.0,0,0,0,0,0,0.1429,14,55280,0,0,0.0,0.0,2026-04-11,2026-10-09,2026-04-11 全周期,0.0,jonprints,0
jorlinarzola,0.0,0.0,0.0,0.0,0,0,0,0.0,0.0,0.0,0,0,0,0,0,0.0,5,0,0,0,0.0,0.0,2026-04-11,2026-10-09,2026-04-11 全周期,0.0,jorlinarzola,0
joshfinds84,0.0,0.0,0.0,0.0,0,0,0,0.0,0.0,0.0,0,1,1,1,1,0.0125,639,640,0,0,0.0,0.0,2026-04-11,2026-10-09,2026-04-11 全周期,5.0,joshfinds84,1
joshfrisbie763,0.0,0.0,0.0,0.0,0,0,0,0.0,0.0,0.0,0,2,2,1,1,0.0,1255,41715,0,0,0.0,0.0,2026-04-11,2026-10-09,2026-04-11 全周期,5.0,joshfrisbie763,2
joshua013180,0.0,0.0,0.0,0.0,0,0,0,0.0,0.0,0.0,0,1,1,1,1,0.0,102,102,0,0,0.0,0.0,2026-04-11,2026-10-09,2026-04-11 全周期,5.0,joshua013180,1
joss_poveda,0.0,0.0,0.0,0.0,0,0,0,0.0,0.0,0.0,0,1,1,1,1,0.0263,342,14929,0,0,0.0,0.0,2026-04-11,2026-10-09,2026-04-11 全周期,5.0,joss_poveda,1
journeywithjohnson,0.0,0.0,0.0,0.0,0,0,0,0.0,0.0,0.0,0,1,1,1,1,0.006500000000000001,153,39141,0,0,0.0,0.0,2026-04-11,2026-10-09,2026-04-11 全周期,5.0,journeywithjohnson,1
joyceadavis1210,0.0,0.0,0.0,0.0,0,0,0,0.0,0.0,0.0,0,1,1,1,1,0.0911,461,11029,0,0,0.0,0.0,2026-04-11,2026-10-09,2026-04-11 全周期,5.0,joyceadavis1210,1
joyfulmama.hannah,0.0,0.0,0.0,0.0,0,0,0,0.0,0.0,0.0,3,4,1,1,1,0.0182,165,135,0,0,0.0,0.0,2026-04-11,2026-10-09,2026-04-11 全周期,5.0,joyfulmama.hannah,7
jpip98,0.0,0.0,0.0,0.0,0,0,0,0.0,0.0,0.0,0,2,1,1,1,0.003,661,10283,0,0,0.0,0.0,2026-04-11,2026-10-09,2026-04-11 全周期,5.0,jpip98,2
jrichbk,0.0,0.0,0.0,0.0,0,0,0,0.0,0.0,0.0,0,0,1,1,1,0.0063,318,203956,0,0,0.0,0.0,2026-04-11,2026-10-09,2026-04-11 全周期,5.0,jrichbk,0
jtightbabytooth,0.0,0.0,0.0,0.0,0,0,0,0.0,0.0,0.0,0,0,0,0,0,0.0,5,4108,0,0,0.0,0.0,2026-04-11,2026-10-09,2026-04-11 全周期,0.0,jtightbabytooth,0
judaddy79,0.0,0.0,0.0,0.0,0,0,0,0.0,0.0,0.0,0,0,0,0,0,0.0,6,537331,0,0,0.0,0.0,2026-04-11,2026-10-09,2026-04-11 全周期,0.0,judaddy79,0
judiith_dey,135.99,0.0,135.99,0.0,1,1,0,135.99,0.0,0.0833,0,2,2,1,1,0.0147,819,653679,1,0,20.4,0.0,2026-04-11,2026-10-09,2026-04-11 全周期,5.0,judiith_dey,2
judyk125,0.0,0.0,0.0,0.0,0,0,0,0.0,0.0,0.0,0,0,0,0,0,0.0,8,17899,0,0,0.0,0.0,2026-04-11,2026-10-09,2026-04-11 全周期,0.0,judyk125,0
judysanderson0,0.0,0.0,0.0,0.0,0,0,0,0.0,0.0,0.0,0,0,0,1,0,0.0,0,0,0,0,0.0,0.0,2026-04-11,2026-10-09,2026-04-11 全周期,5.0,judysanderson0,0
julia_adavis,0.0,0.0,0.0,0.0,0,0,0,0.0,0.0,0.0,0,0,0,0,0,0.01,400,0,0,0,0.0,0.0,2026-04-11,2026-10-09,2026-04-11 全周期,0.0,julia_adavis,0
julie.silvius,0.0,0.0,0.0,0.0,0,0,0,0.0,0.0,0.0,0,2,1,1,1,0.0116,687,10494,0,0,0.0,0.0,2026-04-11,2026-10-09,2026-04-11 全周期,5.0,julie.silvius,2
julief702,0.0,0.0,0.0,0.0,0,0,0,0.0,0.0,0.0,0,0,0,0,0,0.0,2,47,0,0,0.0,0.0,2026-04-11,2026-10-09,2026-04-11 全周期,0.0,julief702,0
juliehudson05,0.0,0.0,0.0,0.0,0,0,0,0.0,0.0,0.0,0,1,1,1,1,0.003,329,296,0,0,0.0,0.0,2026-04-11,2026-10-09,2026-04-11 全周期,5.0,juliehudson05,1
juliehughes30,0.0,0.0,0.0,0.0,0,0,0,0.0,0.0,0.0,0,0,0,0,0,0.0,1,0,0,0,0.0,0.0,2026-04-11,2026-10-09,2026-04-11 全周期,0.0,juliehughes30,0
junicorg,0.0,0.0,0.0,0.0,0,0,0,0.0,0.0,0.0,2,0,1,3,1,0.0132,76,0,0,0,0.0,0.0,2026-04-11,2026-10-09,2026-04-11 全周期,15.0,junicorg,2
just.kache,0.0,0.0,0.0,0.0,0,0,0,0.0,0.0,0.0,0,0,0,0,0,0.3333,3,6812,0,0,0.0,0.0,2026-04-11,2026-10-09,2026-04-11 全周期,0.0,just.kache,0
just_mendy_,0.0,0.0,0.0,0.0,0,0,0,0.0,0.0,0.0,0,1,0,1,1,0.0833,12,10,0,0,0.0,0.0,2026-04-11,2026-10-09,2026-04-11 全周期,5.0,just_mendy_,1
just_tiph,0.0,0.0,0.0,0.0,0,0,0,0.0,0.0,0.0,0,0,0,0,0,0.0,178,9165,0,0,0.0,0.0,2026-04-11,2026-10-09,2026-04-11 全周期,0.0,just_tiph,0
justashayla,0.0,0.0,0.0,0.0,0,0,0,0.0,0.0,0.0,1,0,1,1,1,0.0,42,0,0,0,0.0,0.0,2026-04-11,2026-10-09,2026-04-11 全周期,5.0,justashayla,1
justbowie0,0.0,0.0,0.0,0.0,0,0,0,0.0,0.0,0.0,0,0,0,0,0,0.0,2,228,0,0,0.0,0.0,2026-04-11,2026-10-09,2026-04-11 全周期,0.0,justbowie0,0
justbpawsmobilespa,0.0,0.0,0.0,0.0,0,0,0,0.0,0.0,0.0,0,0,0,0,0,0.0,4,50801,0,0,0.0,0.0,2026-04-11,2026-10-09,2026-04-11 全周期,0.0,justbpawsmobilespa,0
justinitems,0.0,0.0,0.0,0.0,0,0,0,0.0,0.0,0.0,0,0,1,1,1,0.0,342,3907,0,0,0.0,0.0,2026-04-11,2026-10-09,2026-04-11 全周期,5.0,justinitems,0
juvie.finds,0.0,0.0,0.0,0.0,0,0,0,0.0,0.0,0.0,0,1,1,1,1,0.0139,433,276607,0,0,0.0,0.0,2026-04-11,2026-10-09,2026-04-11 全周期,5.0,juvie.finds,1
k8crab,0.0,0.0,0.0,0.0,0,0,0,0.0,0.0,0.0,0,0,0,0,0,0.0,101,28605,0,0,0.0,0.0,2026-04-11,2026-10-09,2026-04-11 全周期,0.0,k8crab,0
k_perry89,0.0,0.0,0.0,0.0,0,0,0,0.0,0.0,0.0,0,0,0,0,0,0.0,1,0,0,0,0.0,0.0,2026-04-11,2026-10-09,2026-04-11 全周期,0.0,k_perry89,0
kaidynash,0.0,0.0,0.0,0.0,0,0,0,0.0,0.0,0.0,0,1,1,1,1,0.0,287,11027,0,0,0.0,0.0,2026-04-11,2026-10-09,2026-04-11 全周期,5.0,kaidynash,1
kailchippp,0.0,0.0,0.0,0.0,0,0,0,0.0,0.0,0.0,0,1,0,1,1,0.0089,338,7599,0,0,0.0,0.0,2026-04-11,2026-10-09,2026-04-11 全周期,5.0,kailchippp,1
kailee.murphy3,0.0,0.0,0.0,0.0,0,0,0,0.0,0.0,0.0,1,0,1,1,1,0.0,4,0,0,0,0.0,0.0,2026-04-11,2026-10-09,2026-04-11 全周期,5.0,kailee.murphy3,1
kaiti1003,0.0,0.0,0.0,0.0,0,0,0,0.0,0.0,0.0,0,0,0,0,0,0.0,0,0,0,0,0.0,0.0,2026-04-11,2026-10-09,2026-04-11 全周期,0.0,kaiti1003,0
kaitlynb.tts,0.0,0.0,0.0,0.0,0,0,0,0.0,0.0,0.0,0,0,0,0,0,0.0,14,10521,0,0,0.0,0.0,2026-04-11,2026-10-09,2026-04-11 全周期,0.0,kaitlynb.tts,0
kamor1717,0.0,0.0,0.0,0.0,0,0,0,0.0,0.0,0.0,0,0,0,1,0,0.0,3,0,0,0,0.0,0.0,2026-04-11,2026-10-09,2026-04-11 全周期,5.0,kamor1717,0
kaps0103,0.0,0.0,0.0,0.0,0,0,0,0.0,0.0,0.0,0,0,0,0,0,0.0,1,38,0,0,0.0,0.0,2026-04-11,2026-10-09,2026-04-11 全周期,0.0,kaps0103,0
karelsshop,0.0,0.0,0.0,0.0,0,0,0,0.0,0.0,0.0,8,1,8,1,1,0.0,153,577440,0,0,0.0,0.0,2026-04-11,2026-10-09,2026-04-11 全周期,5.0,karelsshop,9
karenw1248,0.0,0.0,0.0,0.0,0,0,0,0.0,0.0,0.0,0,0,0,1,0,0.0,1,0,0,0,0.0,0.0,2026-04-11,2026-10-09,2026-04-11 全周期,5.0,karenw1248,0
karina_usa_,0.0,0.0,0.0,0.0,0,0,0,0.0,0.0,0.0,0,0,0,1,0,0.0,3,1657,0,0,0.0,0.0,2026-04-11,2026-10-09,2026-04-11 全周期,5.0,karina_usa_,0
karissa.survives.it.all,0.0,0.0,0.0,0.0,0,0,0,0.0,0.0,0.0,0,0,0,0,0,0.0,1,12108,0,0,0.0,0.0,2026-04-11,2026-10-09,2026-04-11 全周期,0.0,karissa.survives.it.all,0
karminabassily,0.0,0.0,0.0,0.0,0,0,0,0.0,0.0,0.0,0,0,0,0,0,0.0,24,1289,0,0,0.0,0.0,2026-04-11,2026-10-09,2026-04-11 全周期,0.0,karminabassily,0
karrahb_0904,0.0,0.0,0.0,0.0,0,0,0,0.0,0.0,0.0,0,0,0,1,0,0.0,0,0,0,0,0.0,0.0,2026-04-11,2026-10-09,2026-04-11 全周期,5.0,karrahb_0904,0
karsennroberson,0.0,0.0,0.0,0.0,0,0,0,0.0,0.0,0.0,0,0,0,0,0,0.0,8,0,0,0,0.0,0.0,2026-04-11,2026-10-09,2026-04-11 全周期,0.0,karsennroberson,0
karunaupreti,0.0,0.0,0.0,0.0,0,0,0,0.0,0.0,0.0,0,0,0,1,0,0.0,0,0,0,0,0.0,0.0,2026-04-11,2026-10-09,2026-04-11 全周期,5.0,karunaupreti,0
kashimab,0.0,0.0,0.0,0.0,0,0,0,0.0,0.0,0.0,16,0,3,1,1,0.0159,502,2775,0,0,0.0,0.0,2026-04-11,2026-10-09,2026-04-11 全周期,5.0,kashimab,16
kate_xo.5,0.0,0.0,0.0,0.0,0,0,0,0.0,0.0,0.0,0,1,0,0,1,0.0213,375,148440,0,0,0.0,0.0,2026-04-11,2026-10-09,2026-04-11 全周期,0.0,kate_xo.5,1
katebga84,0.0,0.0,0.0,0.0,0,0,0,0.0,0.0,0.0,0,0,0,1,0,0.0,0,0,0,0,0.0,0.0,2026-04-11,2026-10-09,2026-04-11 全周期,5.0,katebga84,0
katedollyshop,0.0,0.0,0.0,0.0,0,0,0,0.0,0.0,0.0,0,1,1,1,1,0.0421,475,951,0,0,0.0,0.0,2026-04-11,2026-10-09,2026-04-11 全周期,5.0,katedollyshop,1
katee42oo,0.0,0.0,0.0,0.0,0,0,0,0.0,0.0,0.0,0,0,0,0,0,0.0,2,2768,0,0,0.0,0.0,2026-04-11,2026-10-09,2026-04-11 全周期,0.0,katee42oo,0
katejshop,0.0,0.0,0.0,0.0,0,0,0,0.0,0.0,0.0,0,0,0,0,0,0.0,8,0,0,0,0.0,0.0,2026-04-11,2026-10-09,2026-04-11 全周期,0.0,katejshop,0
katherinehernandezr17,0.0,0.0,0.0,0.0,0,0,0,0.0,0.0,0.0,0,0,0,0,0,0.0,1,0,0,0,0.0,0.0,2026-04-11,2026-10-09,2026-04-11 全周期,0.0,katherinehernandezr17,0
katia_diaz0011,0.0,0.0,0.0,0.0,0,0,0,0.0,0.0,0.0,0,1,1,1,1,0.014199999999999999,211,210,0,0,0.0,0.0,2026-04-11,2026-10-09,2026-04-11 全周期,5.0,katia_diaz0011,1
katie.williams.life,0.0,0.0,0.0,0.0,0,0,0,0.0,0.0,0.0,0,1,1,1,1,0.031400000000000004,859,785,0,0,0.0,0.0,2026-04-11,2026-10-09,2026-04-11 全周期,5.0,katie.williams.life,1
katiefindsdeals0,0.0,0.0,0.0,0.0,0,0,0,0.0,0.0,0.0,0,2,0,2,1,0.0078000000000000005,383,350,0,0,0.0,0.0,2026-04-11,2026-10-09,2026-04-11 全周期,10.0,katiefindsdeals0,2
katmarkshtown,0.0,0.0,0.0,0.0,0,0,0,0.0,0.0,0.0,0,0,0,0,0,0.0,1,535,0,0,0.0,0.0,2026-04-11,2026-10-09,2026-04-11 全周期,0.0,katmarkshtown,0
katmindset,0.0,0.0,0.0,0.0,0,0,0,0.0,0.0,0.0,0,0,0,0,0,0.0,1,2309,0,0,0.0,0.0,2026-04-11,2026-10-09,2026-04-11 全周期,0.0,katmindset,0
katy_grra,0.0,0.0,0.0,0.0,0,0,0,0.0,0.0,0.0,0,1,1,1,1,0.0674,356,460,0,0,0.0,0.0,2026-04-11,2026-10-09,2026-04-11 全周期,5.0,katy_grra,1
katysville,0.0,0.0,0.0,0.0,0,0,0,0.0,0.0,0.0,0,0,0,0,0,0.0,11,120629,0,0,0.0,0.0,2026-04-11,2026-10-09,2026-04-11 全周期,0.0,katysville,0
kayewhite02,25.98,0.0,25.98,0.0,2,2,0,12.99,0.0,0.4,0,1,1,1,1,0.0039000000000000003,1268,1199,1,1,1.56,0.0,2026-04-11,2026-10-09,2026-04-11 全周期,5.0,kayewhite02,1
kayla_jess940,0.0,0.0,0.0,0.0,0,0,0,0.0,0.0,0.0,0,1,1,1,1,0.006,334,11949,0,0,0.0,0.0,2026-04-11,2026-10-09,2026-04-11 全周期,5.0,kayla_jess940,1
kayladominguez79,0.0,0.0,0.0,0.0,0,0,0,0.0,0.0,0.0,0,0,0,1,0,0.0,5,0,0,0,0.0,0.0,2026-04-11,2026-10-09,2026-04-11 全周期,5.0,kayladominguez79,0
kaylanoe15,0.0,0.0,0.0,0.0,0,0,0,0.0,0.0,0.0,0,0,0,0,0,0.0,0,0,0,0,0.0,0.0,2026-04-11,2026-10-09,2026-04-11 全周期,0.0,kaylanoe15,0
kaylee_rollins,0.0,0.0,0.0,0.0,0,0,0,0.0,0.0,0.0,0,1,1,1,1,0.0068000000000000005,147,139,0,0,0.0,0.0,2026-04-11,2026-10-09,2026-04-11 全周期,5.0,kaylee_rollins,1
kderise,0.0,0.0,0.0,0.0,0,0,0,0.0,0.0,0.0,1,1,1,1,1,0.0,64,64,0,0,0.0,0.0,2026-04-11,2026-10-09,2026-04-11 全周期,5.0,kderise,2
kdhonau,0.0,0.0,0.0,0.0,0,0,0,0.0,0.0,0.0,0,0,0,0,0,0.0,0,0,0,0,0.0,0.0,2026-04-11,2026-10-09,2026-04-11 全周期,0.0,kdhonau,0
kdsartistry.org,12.83,0.0,12.83,0.0,1,1,0,12.83,0.0,0.5,0,1,1,1,1,0.0046,436,374,1,1,1.95,0.0,2026-04-11,2026-10-09,2026-04-11 全周期,5.0,kdsartistry.org,1
kel.____,0.0,0.0,0.0,0.0,0,0,0,0.0,0.0,0.0,0,0,0,0,0,0.0,2,0,0,0,0.0,0.0,2026-04-11,2026-10-09,2026-04-11 全周期,0.0,kel.____,0
kellsfabfinds,0.0,0.0,0.0,0.0,0,0,0,0.0,0.0,0.0,0,1,1,1,1,0.0,335,2087,0,0,0.0,0.0,2026-04-11,2026-10-09,2026-04-11 全周期,5.0,kellsfabfinds,1
kellybarnett135,0.0,0.0,0.0,0.0,0,0,0,0.0,0.0,0.0,2,0,2,1,1,0.0,7,901,0,0,0.0,0.0,2026-04-11,2026-10-09,2026-04-11 全周期,5.0,kellybarnett135,2
kellyk715,0.0,0.0,0.0,0.0,0,0,0,0.0,0.0,0.0,0,1,1,1,1,0.029500000000000002,407,16066,0,0,0.0,0.0,2026-04-11,2026-10-09,2026-04-11 全周期,5.0,kellyk715,1
kelseylashaye,0.0,0.0,0.0,0.0,0,0,0,0.0,0.0,0.0,0,1,0,0,1,0.005,605,86826,0,0,0.0,0.0,2026-04-11,2026-10-09,2026-04-11 全周期,0.0,kelseylashaye,1
kendaa28,0.0,0.0,0.0,0.0,0,0,0,0.0,0.0,0.0,0,0,0,0,0,0.0,1,32453,0,0,0.0,0.0,2026-04-11,2026-10-09,2026-04-11 全周期,0.0,kendaa28,0
kenziefaithh_04,0.0,0.0,0.0,0.0,0,0,0,0.0,0.0,0.0,0,0,0,1,0,0.0,0,0,0,0,0.0,0.0,2026-04-11,2026-10-09,2026-04-11 全周期,5.0,kenziefaithh_04,0
kenziefordham,0.0,0.0,0.0,0.0,0,0,0,0.0,0.0,0.0,0,0,0,0,0,0.0,2,42544,0,0,0.0,0.0,2026-04-11,2026-10-09,2026-04-11 全周期,0.0,kenziefordham,0
kerria576,0.0,0.0,0.0,0.0,0,0,0,0.0,0.0,0.0,0,0,0,0,0,0.0,2,2,0,0,0.0,0.0,2026-04-11,2026-10-09,2026-04-11 全周期,0.0,kerria576,0
kesa1053,0.0,0.0,0.0,0.0,0,0,0,0.0,0.0,0.0,0,0,0,1,0,0.0,18,0,0,0,0.0,0.0,2026-04-11,2026-10-09,2026-04-11 全周期,5.0,kesa1053,0
kevinniedreher,0.0,0.0,0.0,0.0,0,0,0,0.0,0.0,0.0,0,0,0,0,0,0.0,3,5758,0,0,0.0,0.0,2026-04-11,2026-10-09,2026-04-11 全周期,0.0,kevinniedreher,0
kidshealthrn,0.0,0.0,0.0,0.0,0,0,0,0.0,0.0,0.0,0,0,0,0,0,0.0,25,0,0,0,0.0,0.0,2026-04-11,2026-10-09,2026-04-11 全周期,0.0,kidshealthrn,0
kiki.gsd5,0.0,0.0,0.0,0.0,0,0,0,0.0,0.0,0.0,0,0,0,0,0,0.0,1,672,0,0,0.0,0.0,2026-04-11,2026-10-09,2026-04-11 全周期,0.0,kiki.gsd5,0
kimberlywellness,0.0,0.0,0.0,0.0,0,0,0,0.0,0.0,0.0,0,0,0,0,0,0.0,1,1972,0,0,0.0,0.0,2026-04-11,2026-10-09,2026-04-11 全周期,0.0,kimberlywellness,0
kimmiegibler4,0.0,0.0,0.0,0.0,0,0,0,0.0,0.0,0.0,0,1,1,1,1,0.0,25,32332,0,0,0.0,0.0,2026-04-11,2026-10-09,2026-04-11 全周期,5.0,kimmiegibler4,1
kimsrealreels,0.0,0.0,0.0,0.0,0,0,0,0.0,0.0,0.0,0,2,2,1,1,0.005600000000000001,178,179,0,0,0.0,0.0,2026-04-11,2026-10-09,2026-04-11 全周期,5.0,kimsrealreels,2
kingleothegreatdane,0.0,0.0,0.0,0.0,0,0,0,0.0,0.0,0.0,0,0,0,0,0,0.0,4,6751,0,0,0.0,0.0,2026-04-11,2026-10-09,2026-04-11 全周期,0.0,kingleothegreatdane,0
kingofthesouth713,0.0,0.0,0.0,0.0,0,0,0,0.0,0.0,0.0,0,2,0,0,1,0.0027,371,48230,0,0,0.0,0.0,2026-04-11,2026-10-09,2026-04-11 全周期,0.0,kingofthesouth713,2
kira_the_minischnauzer,0.0,0.0,0.0,0.0,0,0,0,0.0,0.0,0.0,0,0,0,0,0,0.0,0,364,0,0,0.0,0.0,2026-04-11,2026-10-09,2026-04-11 全周期,0.0,kira_the_minischnauzer,0
kirbyferrari,0.0,0.0,0.0,0.0,0,0,0,0.0,0.0,0.0,0,0,0,0,0,0.0,1,128,0,0,0.0,0.0,2026-04-11,2026-10-09,2026-04-11 全周期,0.0,kirbyferrari,0
kirsiandfriends,0.0,0.0,0.0,0.0,0,0,0,0.0,0.0,0.0,0,3,2,1,1,0.0,960,895,0,0,0.0,0.0,2026-04-11,2026-10-09,2026-04-11 全周期,5.0,kirsiandfriends,3
kitcat5966,0.0,0.0,0.0,0.0,0,0,0,0.0,0.0,0.0,0,0,0,0,0,0.0,1,1698,0,0,0.0,0.0,2026-04-11,2026-10-09,2026-04-11 全周期,0.0,kitcat5966,0
kitkatsss123,0.0,0.0,0.0,0.0,0,0,0,0.0,0.0,0.0,0,0,0,0,0,0.0,1,14,0,0,0.0,0.0,2026-04-11,2026-10-09,2026-04-11 全周期,0.0,kitkatsss123,0
kitternity,0.0,0.0,0.0,0.0,0,0,0,0.0,0.0,0.0,0,0,0,0,0,0.0,2,3307,0,0,0.0,0.0,2026-04-11,2026-10-09,2026-04-11 全周期,0.0,kitternity,0
kittiesshoppe,0.0,0.0,0.0,0.0,0,0,0,0.0,0.0,0.0,0,1,1,1,1,0.011899999999999999,84,62,0,0,0.0,0.0,2026-04-11,2026-10-09,2026-04-11 全周期,5.0,kittiesshoppe,1
kitzmanfamily,0.0,0.0,0.0,0.0,0,0,0,0.0,0.0,0.0,0,0,0,0,0,0.0,5,26,0,0,0.0,0.0,2026-04-11,2026-10-09,2026-04-11 全周期,0.0,kitzmanfamily,0
kkelly117,0.0,0.0,0.0,0.0,0,0,0,0.0,0.0,0.0,0,1,1,1,1,0.0435,46,47,0,0,0.0,0.0,2026-04-11,2026-10-09,2026-04-11 全周期,5.0,kkelly117,1
kly_gael2025,0.0,0.0,0.0,0.0,0,0,0,0.0,0.0,0.0,0,0,0,1,0,0.0,0,0,0,0,0.0,0.0,2026-04-11,2026-10-09,2026-04-11 全周期,5.0,kly_gael2025,0
knofinds,0.0,0.0,0.0,0.0,0,0,0,0.0,0.0,0.0,1,1,2,1,1,0.011000000000000001,363,378,0,0,0.0,0.0,2026-04-11,2026-10-09,2026-04-11 全周期,5.0,knofinds,2
knotips,0.0,0.0,0.0,0.0,0,0,0,0.0,0.0,0.0,1,1,2,1,1,0.0187,375,345,0,0,0.0,0.0,2026-04-11,2026-10-09,2026-04-11 全周期,5.0,knotips,2
kobe_bang,0.0,0.0,0.0,0.0,0,0,0,0.0,0.0,0.0,0,0,0,0,0,0.0,11,112979,0,0,0.0,0.0,2026-04-11,2026-10-09,2026-04-11 全周期,0.0,kobe_bang,0
koda_dog_training,0.0,0.0,0.0,0.0,0,0,0,0.0,0.0,0.0,0,0,0,0,0,0.0,3,697,0,0,0.0,0.0,2026-04-11,2026-10-09,2026-04-11 全周期,0.0,koda_dog_training,0
kokothelabradane,0.0,0.0,0.0,0.0,0,0,0,0.0,0.0,0.0,0,0,0,0,0,0.0,3,0,0,0,0.0,0.0,2026-04-11,2026-10-09,2026-04-11 全周期,0.0,kokothelabradane,0
komo_tortiecat,0.0,0.0,0.0,0.0,0,0,0,0.0,0.0,0.0,1,0,0,0,1,0.0,14,0,0,0,0.0,0.0,2026-04-11,2026-10-09,2026-04-11 全周期,0.0,komo_tortiecat,1
kookiethehuskie,0.0,0.0,0.0,0.0,0,0,0,0.0,0.0,0.0,0,0,1,0,0,0.0,3,30804,0,0,0.0,0.0,2026-04-11,2026-10-09,2026-04-11 全周期,0.0,kookiethehuskie,0
kourtneygregory_,0.0,0.0,0.0,0.0,0,0,0,0.0,0.0,0.0,0,0,0,0,0,0.0,11,120699,0,0,0.0,0.0,2026-04-11,2026-10-09,2026-04-11 全周期,0.0,kourtneygregory_,0
krazykali,0.0,0.0,0.0,0.0,0,0,0,0.0,0.0,0.0,0,0,0,0,0,0.0,0,18,0,0,0.0,0.0,2026-04-11,2026-10-09,2026-04-11 全周期,0.0,krazykali,0
krissymuse79,0.0,0.0,0.0,0.0,0,0,0,0.0,0.0,0.0,0,0,0,0,0,0.0,5,295,0,0,0.0,0.0,2026-04-11,2026-10-09,2026-04-11 全周期,0.0,krissymuse79,0
krist_._._,0.0,0.0,0.0,0.0,0,0,0,0.0,0.0,0.0,0,0,0,0,0,0.0,8,7,0,0,0.0,0.0,2026-04-11,2026-10-09,2026-04-11 全周期,0.0,krist_._._,0
kristen.w.17,0.0,0.0,0.0,0.0,0,0,0,0.0,0.0,0.0,2,2,4,1,1,0.0216,1577,1568,0,0,0.0,0.0,2026-04-11,2026-10-09,2026-04-11 全周期,5.0,kristen.w.17,4
kristenmilauck,0.0,0.0,0.0,0.0,0,0,0,0.0,0.0,0.0,0,0,0,0,0,0.0,1,91528,0,0,0.0,0.0,2026-04-11,2026-10-09,2026-04-11 全周期,0.0,kristenmilauck,0
kristinaquinones2,0.0,0.0,0.0,0.0,0,0,0,0.0,0.0,0.0,1,0,0,0,1,0.0,6,4668,0,0,0.0,0.0,2026-04-11,2026-10-09,2026-04-11 全周期,0.0,kristinaquinones2,1
kristinleigh976,0.0,0.0,0.0,0.0,0,0,0,0.0,0.0,0.0,0,0,0,0,0,0.0,3,28909,0,0,0.0,0.0,2026-04-11,2026-10-09,2026-04-11 全周期,0.0,kristinleigh976,0
kristynicole.styledit,0.0,0.0,0.0,0.0,0,0,0,0.0,0.0,0.0,0,0,0,1,0,0.0,0,0,0,0,0.0,0.0,2026-04-11,2026-10-09,2026-04-11 全周期,5.0,kristynicole.styledit,0
kristyskreations74,0.0,0.0,0.0,0.0,0,0,0,0.0,0.0,0.0,0,0,0,0,0,0.0,8,8422,0,0,0.0,0.0,2026-04-11,2026-10-09,2026-04-11 全周期,0.0,kristyskreations74,0
kurly.recomienda,0.0,0.0,0.0,0.0,0,0,0,0.0,0.0,0.0,0,1,1,1,1,0.018799999999999997,3083,2659566,0,0,0.0,0.0,2026-04-11,2026-10-09,2026-04-11 全周期,5.0,kurly.recomienda,1
kymbur66,0.0,0.0,0.0,0.0,0,0,0,0.0,0.0,0.0,0,0,0,0,0,0.11109999999999999,9,132797,0,0,0.0,0.0,2026-04-11,2026-10-09,2026-04-11 全周期,0.0,kymbur66,0
lacebrick,0.0,0.0,0.0,0.0,0,0,0,0.0,0.0,0.0,0,0,0,0,0,0.0,0,0,0,0,0.0,0.0,2026-04-11,2026-10-09,2026-04-11 全周期,0.0,lacebrick,0
laceyjane.v,0.0,0.0,0.0,0.0,0,0,0,0.0,0.0,0.0,0,1,1,1,1,0.016399999999999998,608,571,0,0,0.0,0.0,2026-04-11,2026-10-09,2026-04-11 全周期,5.0,laceyjane.v,1
lady.tsunade.ecgr,0.0,0.0,0.0,0.0,0,0,0,0.0,0.0,0.0,0,0,0,1,0,0.0,2,0,0,0,0.0,0.0,2026-04-11,2026-10-09,2026-04-11 全周期,5.0,lady.tsunade.ecgr,0
laesperanzademiamanecer,0.0,0.0,0.0,0.0,0,0,0,0.0,0.0,0.0,0,1,0,0,1,0.0,147,21879,0,0,0.0,0.0,2026-04-11,2026-10-09,2026-04-11 全周期,0.0,laesperanzademiamanecer,1
lalatinacamila,0.0,0.0,0.0,0.0,0,0,0,0.0,0.0,0.0,0,0,0,0,0,0.0,0,0,0,0,0.0,0.0,2026-04-11,2026-10-09,2026-04-11 全周期,0.0,lalatinacamila,0
lalucycervantes,0.0,0.0,0.0,0.0,0,0,0,0.0,0.0,0.0,0,0,0,0,0,0.0,3,2,0,0,0.0,0.0,2026-04-11,2026-10-09,2026-04-11 全周期,0.0,lalucycervantes,0
lampe..customs,0.0,0.0,0.0,0.0,0,0,0,0.0,0.0,0.0,0,0,0,0,0,0.0,6,5482,0,0,0.0,0.0,2026-04-11,2026-10-09,2026-04-11 全周期,0.0,lampe..customs,0
lanceshopfinds1,0.0,0.0,0.0,0.0,0,0,0,0.0,0.0,0.0,0,0,0,0,0,0.05,20,695773,0,0,0.0,0.0,2026-04-11,2026-10-09,2026-04-11 全周期,0.0,lanceshopfinds1,0
lando_nation0,0.0,0.0,0.0,0.0,0,0,0,0.0,0.0,0.0,1,0,0,0,1,0.043899999999999995,774,4043,0,0,0.0,0.0,2026-04-11,2026-10-09,2026-04-11 全周期,0.0,lando_nation0,1
laniiykoia,0.0,0.0,0.0,0.0,0,0,0,0.0,0.0,0.0,0,1,0,1,1,0.0206,826,796,0,0,0.0,0.0,2026-04-11,2026-10-09,2026-04-11 全周期,5.0,laniiykoia,1
larrygreatdane,0.0,0.0,0.0,0.0,0,0,0,0.0,0.0,0.0,0,0,0,0,0,0.0417,24,127710,0,0,0.0,0.0,2026-04-11,2026-10-09,2026-04-11 全周期,0.0,larrygreatdane,0
laselect_shop,135.99,0.0,0.0,13.49,1,1,1,135.99,135.99,0.0,0,0,0,0,0,0.0,0,2,1,0,0.0,0.0,2026-04-11,2026-10-09,2026-04-11 全周期,0.0,laselect_shop,0
laughlizzylabotomy,0.0,0.0,0.0,0.0,0,0,0,0.0,0.0,0.0,0,1,1,1,1,0.0154,65,61,0,0,0.0,0.0,2026-04-11,2026-10-09,2026-04-11 全周期,5.0,laughlizzylabotomy,1
laur.n.dobiebros,0.0,0.0,0.0,0.0,0,0,0,0.0,0.0,0.0,0,1,1,1,1,0.0,309,10316,0,0,0.0,0.0,2026-04-11,2026-10-09,2026-04-11 全周期,5.0,laur.n.dobiebros,1
laura_ann70,0.0,0.0,0.0,0.0,0,0,0,0.0,0.0,0.0,0,1,1,1,1,0.0098,204,194,0,0,0.0,0.0,2026-04-11,2026-10-09,2026-04-11 全周期,5.0,laura_ann70,1
laura_cascio,0.0,0.0,0.0,0.0,0,0,0,0.0,0.0,0.0,0,0,0,0,0,0.0,4,3730,0,0,0.0,0.0,2026-04-11,2026-10-09,2026-04-11 全周期,0.0,laura_cascio,0
laura_quinteroq,0.0,0.0,0.0,0.0,0,0,0,0.0,0.0,0.0,0,2,2,2,2,0.0208,4192,4199,0,0,0.0,0.0,2026-04-11,2026-10-09,2026-04-11 全周期,10.0,laura_quinteroq,2
lauren.m.100,0.0,0.0,0.0,0.0,0,0,0,0.0,0.0,0.0,0,0,0,0,0,0.0,4,227165,0,0,0.0,0.0,2026-04-11,2026-10-09,2026-04-11 全周期,0.0,lauren.m.100,0
laurenb8615,0.0,0.0,0.0,0.0,0,0,0,0.0,0.0,0.0,0,0,0,0,0,0.0,8,2135,0,0,0.0,0.0,2026-04-11,2026-10-09,2026-04-11 全周期,0.0,laurenb8615,0
laurenlatelyxo,0.0,0.0,0.0,0.0,0,0,0,0.0,0.0,0.0,0,0,0,0,0,0.0,3,36506,0,0,0.0,0.0,2026-04-11,2026-10-09,2026-04-11 全周期,0.0,laurenlatelyxo,0
laurennfindsit,0.0,0.0,0.0,0.0,0,0,0,0.0,0.0,0.0,0,0,0,0,0,0.0,3,194000,0,0,0.0,0.0,2026-04-11,2026-10-09,2026-04-11 全周期,0.0,laurennfindsit,0
laurenschaoticshop,0.0,0.0,0.0,0.0,0,0,0,0.0,0.0,0.0,0,1,1,1,1,0.01,100,100,0,0,0.0,0.0,2026-04-11,2026-10-09,2026-04-11 全周期,5.0,laurenschaoticshop,1
lauriesfavorites,0.0,0.0,0.0,0.0,0,0,0,0.0,0.0,0.0,0,1,1,1,1,0.0,317,263221,0,0,0.0,0.0,2026-04-11,2026-10-09,2026-04-11 全周期,5.0,lauriesfavorites,1
laylaanicole7,0.0,0.0,0.0,0.0,0,0,0,0.0,0.0,0.0,0,0,0,1,0,0.0,0,0,0,0,0.0,0.0,2026-04-11,2026-10-09,2026-04-11 全周期,5.0,laylaanicole7,0
lcgoddid_11,0.0,0.0,0.0,0.0,0,0,0,0.0,0.0,0.0,0,0,0,0,0,0.0,0,0,0,0,0.0,0.0,2026-04-11,2026-10-09,2026-04-11 全周期,0.0,lcgoddid_11,0
lcsdoodleshop,0.0,0.0,0.0,0.0,0,0,0,0.0,0.0,0.0,0,7,6,1,1,0.0103,2628,24317,0,0,0.0,0.0,2026-04-11,2026-10-09,2026-04-11 全周期,5.0,lcsdoodleshop,7
leelsadh,0.0,0.0,0.0,0.0,0,0,0,0.0,0.0,0.0,0,0,0,0,0,0.0,19,27092,0,0,0.0,0.0,2026-04-11,2026-10-09,2026-04-11 全周期,0.0,leelsadh,0
leesha0109,0.0,0.0,0.0,0.0,0,0,0,0.0,0.0,0.0,0,0,0,0,0,0.0,3,0,0,0,0.0,0.0,2026-04-11,2026-10-09,2026-04-11 全周期,0.0,leesha0109,0
leo.ashby.matrix,0.0,0.0,0.0,0.0,0,0,0,0.0,0.0,0.0,0,0,0,0,0,0.0,0,505,0,0,0.0,0.0,2026-04-11,2026-10-09,2026-04-11 全周期,0.0,leo.ashby.matrix,0
leslieeulloa,0.0,0.0,0.0,0.0,0,0,0,0.0,0.0,0.0,0,1,1,1,1,0.0,123,115,0,0,0.0,0.0,2026-04-11,2026-10-09,2026-04-11 全周期,5.0,leslieeulloa,1
lexireviewsit,0.0,0.0,0.0,0.0,0,0,0,0.0,0.0,0.0,0,1,1,1,1,0.004699999999999999,425,392,0,0,0.0,0.0,2026-04-11,2026-10-09,2026-04-11 全周期,5.0,lexireviewsit,1
lexxi.aa,0.0,0.0,0.0,0.0,0,0,0,0.0,0.0,0.0,0,0,0,1,0,0.0,0,0,0,0,0.0,0.0,2026-04-11,2026-10-09,2026-04-11 全周期,5.0,lexxi.aa,0
leydiwilliams01,0.0,0.0,0.0,0.0,0,0,0,0.0,0.0,0.0,0,0,0,0,0,0.0,4,0,0,0,0.0,0.0,2026-04-11,2026-10-09,2026-04-11 全周期,0.0,leydiwilliams01,0
lgg3172,0.0,0.0,0.0,0.0,0,0,0,0.0,0.0,0.0,0,1,1,0,1,0.1304,23,18500,0,0,0.0,0.0,2026-04-11,2026-10-09,2026-04-11 全周期,0.0,lgg3172,1
lhartill4,0.0,0.0,0.0,0.0,0,0,0,0.0,0.0,0.0,0,0,0,0,0,0.0,1,0,0,0,0.0,0.0,2026-04-11,2026-10-09,2026-04-11 全周期,0.0,lhartill4,0
lhowell21,0.0,0.0,0.0,0.0,0,0,0,0.0,0.0,0.0,0,0,0,1,0,0.0,0,17475,0,0,0.0,0.0,2026-04-11,2026-10-09,2026-04-11 全周期,5.0,lhowell21,0
liaabiia,0.0,0.0,0.0,0.0,0,0,0,0.0,0.0,0.0,0,0,0,0,0,0.0,54,2610,0,0,0.0,0.0,2026-04-11,2026-10-09,2026-04-11 全周期,0.0,liaabiia,0
lianella.verdugo,0.0,0.0,0.0,0.0,0,0,0,0.0,0.0,0.0,0,1,1,1,1,0.0196,204,175490,0,0,0.0,0.0,2026-04-11,2026-10-09,2026-04-11 全周期,5.0,lianella.verdugo,1
lianet053r,0.0,0.0,0.0,0.0,0,0,0,0.0,0.0,0.0,0,0,0,0,0,0.0,1,0,0,0,0.0,0.0,2026-04-11,2026-10-09,2026-04-11 全周期,0.0,lianet053r,0
life.with.cocoa,0.0,0.0,0.0,0.0,0,0,0,0.0,0.0,0.0,0,0,0,0,0,0.0,7,282,0,0,0.0,0.0,2026-04-11,2026-10-09,2026-04-11 全周期,0.0,life.with.cocoa,0
lifenlinksanne,0.0,0.0,0.0,0.0,0,0,0,0.0,0.0,0.0,0,0,0,0,0,0.0,2,62493,0,0,0.0,0.0,2026-04-11,2026-10-09,2026-04-11 全周期,0.0,lifenlinksanne,0
lifeof.lina.p,0.0,0.0,0.0,0.0,0,0,0,0.0,0.0,0.0,0,0,0,0,0,0.0,4,7686,0,0,0.0,0.0,2026-04-11,2026-10-09,2026-04-11 全周期,0.0,lifeof.lina.p,0
lifeofgusandmax,0.0,0.0,0.0,0.0,0,0,0,0.0,0.0,0.0,0,0,0,0,0,0.0,0,56,0,0,0.0,0.0,2026-04-11,2026-10-09,2026-04-11 全周期,0.0,lifeofgusandmax,0
lifeofjuliaa,0.0,0.0,0.0,0.0,0,0,0,0.0,0.0,0.0,0,0,0,1,0,0.0,0,0,0,0,0.0,0.0,2026-04-11,2026-10-09,2026-04-11 全周期,5.0,lifeofjuliaa,0
lifeoflexi_gsd,0.0,0.0,0.0,0.0,0,0,0,0.0,0.0,0.0,0,1,1,1,1,0.0,67,19850,0,0,0.0,0.0,2026-04-11,2026-10-09,2026-04-11 全周期,5.0,lifeoflexi_gsd,1
lifeofyoyo_,0.0,0.0,0.0,0.0,0,0,0,0.0,0.0,0.0,0,0,0,0,0,0.0,2,45,0,0,0.0,0.0,2026-04-11,2026-10-09,2026-04-11 全周期,0.0,lifeofyoyo_,0
lifewithcocobeans,0.0,0.0,0.0,0.0,0,0,0,0.0,0.0,0.0,1,0,1,1,1,0.0,4,0,0,0,0.0,0.0,2026-04-11,2026-10-09,2026-04-11 全周期,5.0,lifewithcocobeans,1
lifewithmadalyns,0.0,0.0,0.0,0.0,0,0,0,0.0,0.0,0.0,0,0,0,0,0,0.0,2,6948,0,0,0.0,0.0,2026-04-11,2026-10-09,2026-04-11 全周期,0.0,lifewithmadalyns,0
lifewithmelsies,0.0,0.0,0.0,0.0,0,0,0,0.0,0.0,0.0,0,1,1,1,1,0.0,98,94,0,0,0.0,0.0,2026-04-11,2026-10-09,2026-04-11 全周期,5.0,lifewithmelsies,1
lifted_6.7,0.0,0.0,0.0,0.0,0,0,0,0.0,0.0,0.0,0,1,1,1,1,0.0039000000000000003,508,469,0,0,0.0,0.0,2026-04-11,2026-10-09,2026-04-11 全周期,5.0,lifted_6.7,1
lilliekatek,0.0,0.0,0.0,0.0,0,0,0,0.0,0.0,0.0,0,0,0,1,0,0.0,2,2210,0,0,0.0,0.0,2026-04-11,2026-10-09,2026-04-11 全周期,5.0,lilliekatek,0
lilydear30,0.0,0.0,0.0,0.0,0,0,0,0.0,0.0,0.0,0,2,1,1,1,0.012199999999999999,656,585,0,0,0.0,0.0,2026-04-11,2026-10-09,2026-04-11 全周期,5.0,lilydear30,2
lilyhope.dogmom,0.0,0.0,0.0,0.0,0,0,0,0.0,0.0,0.0,0,1,1,1,1,0.0034999999999999996,283,269,0,0,0.0,0.0,2026-04-11,2026-10-09,2026-04-11 全周期,5.0,lilyhope.dogmom,1
lindsarita287,0.0,0.0,0.0,0.0,0,0,0,0.0,0.0,0.0,4,1,3,1,1,0.009899999999999999,202,151,0,0,0.0,0.0,2026-04-11,2026-10-09,2026-04-11 全周期,5.0,lindsarita287,5
lindzey.jensen,0.0,0.0,0.0,0.0,0,0,0,0.0,0.0,0.0,0,0,0,0,0,0.0043,235,241020,0,0,0.0,0.0,2026-04-11,2026-10-09,2026-04-11 全周期,0.0,lindzey.jensen,0
lindzzc,0.0,0.0,0.0,0.0,0,0,0,0.0,0.0,0.0,0,1,1,1,1,0.008100000000000001,124,132,0,0,0.0,0.0,2026-04-11,2026-10-09,2026-04-11 全周期,5.0,lindzzc,1
lisabrook75,0.0,0.0,0.0,0.0,0,0,0,0.0,0.0,0.0,0,2,1,1,1,0.0072,414,19334,0,0,0.0,0.0,2026-04-11,2026-10-09,2026-04-11 全周期,5.0,lisabrook75,2
lisacpierce,0.0,0.0,0.0,0.0,0,0,0,0.0,0.0,0.0,0,0,0,0,0,0.0,6,0,0,0,0.0,0.0,2026-04-11,2026-10-09,2026-04-11 全周期,0.0,lisacpierce,0
lisahart777,0.0,0.0,0.0,0.0,0,0,0,0.0,0.0,0.0,0,0,0,0,0,0.0,0,6,0,0,0.0,0.0,2026-04-11,2026-10-09,2026-04-11 全周期,0.0,lisahart777,0
lisajoyled1414,56.99,0.0,56.99,0.0,1,1,0,56.99,0.0,0.0278,0,2,2,1,1,0.0139,2587,125634,1,0,2.74,0.0,2026-04-11,2026-10-09,2026-04-11 全周期,5.0,lisajoyled1414,2
lisamartinofficially,0.0,0.0,0.0,0.0,0,0,0,0.0,0.0,0.0,0,0,0,0,0,0.0,0,137,0,0,0.0,0.0,2026-04-11,2026-10-09,2026-04-11 全周期,0.0,lisamartinofficially,0
lisaspillsthetea,0.0,0.0,0.0,0.0,0,0,0,0.0,0.0,0.0,0,1,2,1,1,0.0,63,33057,0,0,0.0,0.0,2026-04-11,2026-10-09,2026-04-11 全周期,5.0,lisaspillsthetea,1
lisbeth.montero.1,0.0,0.0,0.0,0.0,0,0,0,0.0,0.0,0.0,0,0,0,0,0,0.0,0,0,0,0,0.0,0.0,2026-04-11,2026-10-09,2026-04-11 全周期,0.0,lisbeth.montero.1,0
littlebearoutfitters,0.0,0.0,0.0,0.0,0,0,0,0.0,0.0,0.0,3,2,3,1,1,0.0076,523,12899,0,0,0.0,0.0,2026-04-11,2026-10-09,2026-04-11 全周期,5.0,littlebearoutfitters,5
littlebitofliz,0.0,0.0,0.0,0.0,0,0,0,0.0,0.0,0.0,0,1,0,0,1,0.0,0,59206,0,0,0.0,0.0,2026-04-11,2026-10-09,2026-04-11 全周期,0.0,littlebitofliz,1
littlecozymushroom,0.0,0.0,0.0,0.0,0,0,0,0.0,0.0,0.0,0,0,0,0,0,0.0,0,91,0,0,0.0,0.0,2026-04-11,2026-10-09,2026-04-11 全周期,0.0,littlecozymushroom,0
littlelifethings_16,49.99,0.0,49.99,0.0,1,1,0,49.99,0.0,0.0060999999999999995,0,1,1,1,1,0.018799999999999997,8758,8352,1,1,3.0,0.0,2026-04-11,2026-10-09,2026-04-11 全周期,5.0,littlelifethings_16,1
littlemessco.brie,0.0,0.0,0.0,0.0,0,0,0,0.0,0.0,0.0,0,0,0,0,0,0.1429,7,382,0,0,0.0,0.0,2026-04-11,2026-10-09,2026-04-11 全周期,0.0,littlemessco.brie,0
live.love.laugh..1,0.0,0.0,0.0,0.0,0,0,0,0.0,0.0,0.0,0,0,0,1,0,0.0,0,0,0,0,0.0,0.0,2026-04-11,2026-10-09,2026-04-11 全周期,5.0,live.love.laugh..1,0
live.love.ur.mom,0.0,0.0,0.0,0.0,0,0,0,0.0,0.0,0.0,0,0,0,0,0,0.0526,19,3006,0,0,0.0,0.0,2026-04-11,2026-10-09,2026-04-11 全周期,0.0,live.love.ur.mom,0
live_loaf_lenny,0.0,0.0,0.0,0.0,0,0,0,0.0,0.0,0.0,0,0,0,1,0,0.0,2,0,0,0,0.0,0.0,2026-04-11,2026-10-09,2026-04-11 全周期,5.0,live_loaf_lenny,0
livesimplelovehard0,0.0,0.0,0.0,0.0,0,0,0,0.0,0.0,0.0,0,1,1,1,1,0.0,58,9603,0,0,0.0,0.0,2026-04-11,2026-10-09,2026-04-11 全周期,5.0,livesimplelovehard0,1
livin.la_vida.lauren,0.0,0.0,0.0,0.0,0,0,0,0.0,0.0,0.0,0,0,0,0,0,0.0,1,1885,0,0,0.0,0.0,2026-04-11,2026-10-09,2026-04-11 全周期,0.0,livin.la_vida.lauren,0
liyahlaurent,0.0,0.0,0.0,0.0,0,0,0,0.0,0.0,0.0,0,0,0,1,0,0.0,0,0,0,0,0.0,0.0,2026-04-11,2026-10-09,2026-04-11 全周期,5.0,liyahlaurent,0
liz_castro1984,0.0,0.0,0.0,0.0,0,0,0,0.0,0.0,0.0,0,0,0,0,0,0.0,0,0,0,0,0.0,0.0,2026-04-11,2026-10-09,2026-04-11 全周期,0.0,liz_castro1984,0
lizethsingh,0.0,0.0,0.0,0.0,0,0,0,0.0,0.0,0.0,0,1,1,1,1,0.0123,244,189,0,0,0.0,0.0,2026-04-11,2026-10-09,2026-04-11 全周期,5.0,lizethsingh,1
lizhoxengmartin,0.0,0.0,0.0,0.0,0,0,0,0.0,0.0,0.0,0,0,0,0,0,0.0,3,1522,0,0,0.0,0.0,2026-04-11,2026-10-09,2026-04-11 全周期,0.0,lizhoxengmartin,0
lobster.bunny,0.0,0.0,0.0,0.0,0,0,0,0.0,0.0,0.0,0,0,0,0,0,0.0,1,1,0,0,0.0,0.0,2026-04-11,2026-10-09,2026-04-11 全周期,0.0,lobster.bunny,0
lolagirl0517,0.0,0.0,0.0,0.0,0,0,0,0.0,0.0,0.0,0,0,0,0,0,0.0,5,1267,0,0,0.0,0.0,2026-04-11,2026-10-09,2026-04-11 全周期,0.0,lolagirl0517,0
loracanberandom,0.0,0.0,0.0,0.0,0,0,0,0.0,0.0,0.0,0,1,1,1,1,0.0208,48,27,0,0,0.0,0.0,2026-04-11,2026-10-09,2026-04-11 全周期,5.0,loracanberandom,1
loraspets,0.0,0.0,0.0,0.0,0,0,0,0.0,0.0,0.0,0,1,1,1,1,0.0128,470,2729,0,0,0.0,0.0,2026-04-11,2026-10-09,2026-04-11 全周期,5.0,loraspets,1
loreinashops,0.0,0.0,0.0,0.0,0,0,0,0.0,0.0,0.0,0,1,1,1,1,0.0027,365,335,0,0,0.0,0.0,2026-04-11,2026-10-09,2026-04-11 全周期,5.0,loreinashops,1
lorena.marin.rami,0.0,0.0,0.0,0.0,0,0,0,0.0,0.0,0.0,0,0,0,0,0,0.0,1,2824,0,0,0.0,0.0,2026-04-11,2026-10-09,2026-04-11 全周期,0.0,lorena.marin.rami,0
lorena.salinas23,0.0,0.0,0.0,0.0,0,0,0,0.0,0.0,0.0,0,0,0,0,0,0.0,0,0,0,0,0.0,0.0,2026-04-11,2026-10-09,2026-04-11 全周期,0.0,lorena.salinas23,0
lorenacastro1999,0.0,0.0,0.0,0.0,0,0,0,0.0,0.0,0.0,0,0,0,0,0,0.0,0,0,0,0,0.0,0.0,2026-04-11,2026-10-09,2026-04-11 全周期,0.0,lorenacastro1999,0
lorialanaknott,0.0,0.0,0.0,0.0,0,0,0,0.0,0.0,0.0,0,0,0,1,0,1.0,2,486,0,0,0.0,0.0,2026-04-11,2026-10-09,2026-04-11 全周期,5.0,lorialanaknott,0
lorickenyon,0.0,0.0,0.0,0.0,0,0,0,0.0,0.0,0.0,0,0,0,1,0,0.0,0,0,0,0,0.0,0.0,2026-04-11,2026-10-09,2026-04-11 全周期,5.0,lorickenyon,0
lospenita,0.0,0.0,0.0,0.0,0,0,0,0.0,0.0,0.0,0,0,0,0,0,0.2,5,83479,0,0,0.0,0.0,2026-04-11,2026-10-09,2026-04-11 全周期,0.0,lospenita,0
losvalis23,0.0,0.0,0.0,0.0,0,0,0,0.0,0.0,0.0,0,0,0,0,0,0.0,0,0,0,0,0.0,0.0,2026-04-11,2026-10-09,2026-04-11 全周期,0.0,losvalis23,0
loulou_sasha,0.0,0.0,0.0,0.0,0,0,0,0.0,0.0,0.0,0,2,2,1,1,0.0018,543,1764,0,0,0.0,0.0,2026-04-11,2026-10-09,2026-04-11 全周期,5.0,loulou_sasha,2
loveys_heart,0.0,0.0,0.0,0.0,0,0,0,0.0,0.0,0.0,0,0,0,0,0,0.0,2,1,0,0,0.0,0.0,2026-04-11,2026-10-09,2026-04-11 全周期,0.0,loveys_heart,0
loviviralshop,0.0,0.0,0.0,0.0,0,0,0,0.0,0.0,0.0,0,1,2,1,1,0.0385,26,27,0,0,0.0,0.0,2026-04-11,2026-10-09,2026-04-11 全周期,5.0,loviviralshop,1
lquitta1234,0.0,0.0,0.0,0.0,0,0,0,0.0,0.0,0.0,0,0,0,1,0,0.0,0,0,0,0,0.0,0.0,2026-04-11,2026-10-09,2026-04-11 全周期,5.0,lquitta1234,0
luckyleo5962,0.0,0.0,0.0,0.0,0,0,0,0.0,0.0,0.0,0,1,1,1,1,0.0139,72,8883,0,0,0.0,0.0,2026-04-11,2026-10-09,2026-04-11 全周期,5.0,luckyleo5962,1
lucystylezz,0.0,0.0,0.0,0.0,0,0,0,0.0,0.0,0.0,0,1,1,1,1,0.0,9,45128,0,0,0.0,0.0,2026-04-11,2026-10-09,2026-04-11 全周期,5.0,lucystylezz,1
lunanmoonwalker,0.0,0.0,0.0,0.0,0,0,0,0.0,0.0,0.0,1,0,1,1,1,0.0,0,0,0,0,0.0,0.0,2026-04-11,2026-10-09,2026-04-11 全周期,5.0,lunanmoonwalker,1
lunastoys69,0.0,0.0,0.0,0.0,0,0,0,0.0,0.0,0.0,0,2,2,2,1,0.009000000000000001,445,27532,0,0,0.0,0.0,2026-04-11,2026-10-09,2026-04-11 全周期,10.0,lunastoys69,2
lupejaycox,0.0,0.0,0.0,0.0,0,0,0,0.0,0.0,0.0,0,0,0,0,0,0.3333,3,11535,0,0,0.0,0.0,2026-04-11,2026-10-09,2026-04-11 全周期,0.0,lupejaycox,0
luv.hxnnxh,0.0,0.0,0.0,0.0,0,0,0,0.0,0.0,0.0,0,1,1,1,1,0.032,438,848257,0,0,0.0,0.0,2026-04-11,2026-10-09,2026-04-11 全周期,5.0,luv.hxnnxh,1
luzmarilopez86,0.0,0.0,0.0,0.0,0,0,0,0.0,0.0,0.0,0,1,1,1,1,0.0105,382,366,0,0,0.0,0.0,2026-04-11,2026-10-09,2026-04-11 全周期,5.0,luzmarilopez86,1
luzzybarbie,0.0,0.0,0.0,0.0,0,0,0,0.0,0.0,0.0,0,0,0,0,0,0.0,3,19119,0,0,0.0,0.0,2026-04-11,2026-10-09,2026-04-11 全周期,0.0,luzzybarbie,0
lylyafuentes,0.0,0.0,0.0,0.0,0,0,0,0.0,0.0,0.0,0,0,0,0,0,0.0,1,478,0,0,0.0,0.0,2026-04-11,2026-10-09,2026-04-11 全周期,0.0,lylyafuentes,0
lynvanham,0.0,0.0,0.0,0.0,0,0,0,0.0,0.0,0.0,0,0,0,0,0,0.0,1,0,0,0,0.0,0.0,2026-04-11,2026-10-09,2026-04-11 全周期,0.0,lynvanham,0
lyriclover81,0.0,0.0,0.0,0.0,0,0,0,0.0,0.0,0.0,0,0,0,0,0,0.0588,17,15397,0,0,0.0,0.0,2026-04-11,2026-10-09,2026-04-11 全周期,0.0,lyriclover81,0
lyssalu71,0.0,0.0,0.0,0.0,0,0,0,0.0,0.0,0.0,0,0,0,0,0,0.0,3,343,0,0,0.0,0.0,2026-04-11,2026-10-09,2026-04-11 全周期,0.0,lyssalu71,0
machsassy,0.0,0.0,0.0,0.0,0,0,0,0.0,0.0,0.0,0,0,0,1,0,0.0,1,0,0,0,0.0,0.0,2026-04-11,2026-10-09,2026-04-11 全周期,5.0,machsassy,0
macrod320,0.0,0.0,0.0,0.0,0,0,0,0.0,0.0,0.0,0,0,0,0,0,0.0,1,591,0,0,0.0,0.0,2026-04-11,2026-10-09,2026-04-11 全周期,0.0,macrod320,0
macysmama,0.0,0.0,0.0,0.0,0,0,0,0.0,0.0,0.0,0,1,1,1,1,0.0,316,6397,0,0,0.0,0.0,2026-04-11,2026-10-09,2026-04-11 全周期,5.0,macysmama,1
maddealswithmadi,0.0,0.0,0.0,0.0,0,0,0,0.0,0.0,0.0,0,0,0,0,0,0.0,4,31154,0,0,0.0,0.0,2026-04-11,2026-10-09,2026-04-11 全周期,0.0,maddealswithmadi,0
madislat,0.0,0.0,0.0,0.0,0,0,0,0.0,0.0,0.0,0,0,0,0,0,0.0,0,0,0,0,0.0,0.0,2026-04-11,2026-10-09,2026-04-11 全周期,0.0,madislat,0
magk22,0.0,0.0,0.0,0.0,0,0,0,0.0,0.0,0.0,0,1,1,1,1,0.0024,419,5322,0,0,0.0,0.0,2026-04-11,2026-10-09,2026-04-11 全周期,5.0,magk22,1
mairenyh,0.0,0.0,0.0,0.0,0,0,0,0.0,0.0,0.0,0,1,1,2,1,0.021400000000000002,468,392,0,0,0.0,0.0,2026-04-11,2026-10-09,2026-04-11 全周期,10.0,mairenyh,1
makeitblissful,0.0,0.0,0.0,0.0,0,0,0,0.0,0.0,0.0,0,0,0,0,0,0.0,2,0,0,0,0.0,0.0,2026-04-11,2026-10-09,2026-04-11 全周期,0.0,makeitblissful,0
makingsenseofmath,0.0,0.0,0.0,0.0,0,0,0,0.0,0.0,0.0,0,0,0,0,0,0.0,31,0,0,0,0.0,0.0,2026-04-11,2026-10-09,2026-04-11 全周期,0.0,makingsenseofmath,0
mallorycoleman8,0.0,0.0,0.0,0.0,0,0,0,0.0,0.0,0.0,0,2,1,1,1,0.0129,773,746,0,0,0.0,0.0,2026-04-11,2026-10-09,2026-04-11 全周期,5.0,mallorycoleman8,2
mama.kayla669,0.0,0.0,0.0,0.0,0,0,0,0.0,0.0,0.0,0,0,0,0,0,0.0,1,4,0,0,0.0,0.0,2026-04-11,2026-10-09,2026-04-11 全周期,0.0,mama.kayla669,0
mama_margaret2011,0.0,0.0,0.0,0.0,0,0,0,0.0,0.0,0.0,0,1,1,1,1,0.003,331,300,0,0,0.0,0.0,2026-04-11,2026-10-09,2026-04-11 全周期,5.0,mama_margaret2011,1
mamahart4,0.0,0.0,0.0,0.0,0,0,0,0.0,0.0,0.0,0,1,1,1,1,0.009300000000000001,323,3211,0,0,0.0,0.0,2026-04-11,2026-10-09,2026-04-11 全周期,5.0,mamahart4,1
mamajcreates,0.0,0.0,0.0,0.0,0,0,0,0.0,0.0,0.0,1,1,1,1,1,0.07139999999999999,14,54313,0,0,0.0,0.0,2026-04-11,2026-10-09,2026-04-11 全周期,5.0,mamajcreates,2
mamamj2009,0.0,0.0,0.0,0.0,0,0,0,0.0,0.0,0.0,0,1,0,0,1,0.0,387,17060,0,0,0.0,0.0,2026-04-11,2026-10-09,2026-04-11 全周期,0.0,mamamj2009,1
mamareald3,0.0,0.0,0.0,0.0,0,0,0,0.0,0.0,0.0,0,1,1,1,1,0.0217,46,17758,0,0,0.0,0.0,2026-04-11,2026-10-09,2026-04-11 全周期,5.0,mamareald3,1
mamaw70,0.0,0.0,0.0,0.0,0,0,0,0.0,0.0,0.0,0,0,0,0,0,0.0,1,5006,0,0,0.0,0.0,2026-04-11,2026-10-09,2026-04-11 全周期,0.0,mamaw70,0
mamawiferocha,0.0,0.0,0.0,0.0,0,0,0,0.0,0.0,0.0,0,0,0,0,0,0.0,5,35736,0,0,0.0,0.0,2026-04-11,2026-10-09,2026-04-11 全周期,0.0,mamawiferocha,0
mami_vee10,0.0,0.0,0.0,0.0,0,0,0,0.0,0.0,0.0,0,0,0,0,0,0.0,2,31,0,0,0.0,0.0,2026-04-11,2026-10-09,2026-04-11 全周期,0.0,mami_vee10,0
mandalee5590,0.0,0.0,0.0,0.0,0,0,0,0.0,0.0,0.0,0,0,0,0,0,0.0,5,16513,0,0,0.0,0.0,2026-04-11,2026-10-09,2026-04-11 全周期,0.0,mandalee5590,0
mangomossboss,0.0,0.0,0.0,0.0,0,0,0,0.0,0.0,0.0,0,1,1,1,1,0.0053,935,9020,0,0,0.0,0.0,2026-04-11,2026-10-09,2026-04-11 全周期,5.0,mangomossboss,1
marante_linet,0.0,0.0,0.0,0.0,0,0,0,0.0,0.0,0.0,0,0,0,0,0,0.0,2,0,0,0,0.0,0.0,2026-04-11,2026-10-09,2026-04-11 全周期,0.0,marante_linet,0
maray9576,0.0,0.0,0.0,0.0,0,0,0,0.0,0.0,0.0,0,2,1,1,1,0.0148,677,632,0,0,0.0,0.0,2026-04-11,2026-10-09,2026-04-11 全周期,5.0,maray9576,2
marcelaorantes779,0.0,0.0,0.0,0.0,0,0,0,0.0,0.0,0.0,0,0,0,0,0,0.0,0,0,0,0,0.0,0.0,2026-04-11,2026-10-09,2026-04-11 全周期,0.0,marcelaorantes779,0
marcizzyy,0.0,0.0,0.0,0.0,0,0,0,0.0,0.0,0.0,0,0,0,0,0,0.0,4,3116,0,0,0.0,0.0,2026-04-11,2026-10-09,2026-04-11 全周期,0.0,marcizzyy,0
mari_ana5572,0.0,0.0,0.0,0.0,0,0,0,0.0,0.0,0.0,1,0,1,1,1,0.0,34,0,0,0,0.0,0.0,2026-04-11,2026-10-09,2026-04-11 全周期,5.0,mari_ana5572,1
maria514c,0.0,0.0,0.0,0.0,0,0,0,0.0,0.0,0.0,0,1,1,1,1,0.0,396,2794,0,0,0.0,0.0,2026-04-11,2026-10-09,2026-04-11 全周期,5.0,maria514c,1
maria_baezmartinez,0.0,0.0,0.0,0.0,0,0,0,0.0,0.0,0.0,0,1,1,1,1,0.0298,235,67598,0,0,0.0,0.0,2026-04-11,2026-10-09,2026-04-11 全周期,5.0,maria_baezmartinez,1
mariamfernandez277,0.0,0.0,0.0,0.0,0,0,0,0.0,0.0,0.0,0,1,1,1,1,0.0356,337,375,0,0,0.0,0.0,2026-04-11,2026-10-09,2026-04-11 全周期,5.0,mariamfernandez277,1
mariar1221,0.0,0.0,0.0,0.0,0,0,0,0.0,0.0,0.0,0,1,1,1,1,0.0,29,28,0,0,0.0,0.0,2026-04-11,2026-10-09,2026-04-11 全周期,5.0,mariar1221,1
maribel.girlmom,0.0,0.0,0.0,0.0,0,0,0,0.0,0.0,0.0,0,0,0,0,0,0.0,0,0,0,0,0.0,0.0,2026-04-11,2026-10-09,2026-04-11 全周期,0.0,maribel.girlmom,0
mariela96solorio,0.0,0.0,0.0,0.0,0,0,0,0.0,0.0,0.0,0,1,1,1,1,0.011000000000000001,453,430,0,0,0.0,0.0,2026-04-11,2026-10-09,2026-04-11 全周期,5.0,mariela96solorio,1
marikowest,0.0,0.0,0.0,0.0,0,0,0,0.0,0.0,0.0,0,0,0,1,0,0.0,0,0,0,0,0.0,0.0,2026-04-11,2026-10-09,2026-04-11 全周期,5.0,marikowest,0
marilubarrientos28,0.0,0.0,0.0,0.0,0,0,0,0.0,0.0,0.0,0,1,1,1,1,0.0052,2861,19037,0,0,0.0,0.0,2026-04-11,2026-10-09,2026-04-11 全周期,5.0,marilubarrientos28,1
marina_stevens,0.0,0.0,0.0,0.0,0,0,0,0.0,0.0,0.0,0,1,1,1,1,0.0031,326,301,0,0,0.0,0.0,2026-04-11,2026-10-09,2026-04-11 全周期,5.0,marina_stevens,1
maritza_2478,12.99,0.0,12.99,0.0,1,1,0,12.99,0.0,0.0,0,1,1,1,1,0.0069,145,7077,1,1,1.66,0.0,2026-04-11,2026-10-09,2026-04-11 全周期,5.0,maritza_2478,1
markos._.girl,0.0,0.0,0.0,0.0,0,0,0,0.0,0.0,0.0,0,0,0,0,0,0.0,1,0,0,0,0.0,0.0,2026-04-11,2026-10-09,2026-04-11 全周期,0.0,markos._.girl,0
marlennee.g,0.0,0.0,0.0,0.0,0,0,0,0.0,0.0,0.0,0,0,0,0,0,0.11109999999999999,99,2939934,0,0,0.0,0.0,2026-04-11,2026-10-09,2026-04-11 全周期,0.0,marlennee.g,0
marth_chvz,0.0,0.0,0.0,0.0,0,0,0,0.0,0.0,0.0,0,1,1,1,1,0.0131,383,53905,0,0,0.0,0.0,2026-04-11,2026-10-09,2026-04-11 全周期,5.0,marth_chvz,1
marvan2009,0.0,0.0,0.0,0.0,0,0,0,0.0,0.0,0.0,0,1,0,0,1,0.0032,314,18626,0,0,0.0,0.0,2026-04-11,2026-10-09,2026-04-11 全周期,0.0,marvan2009,1
mary_42111,0.0,0.0,0.0,0.0,0,0,0,0.0,0.0,0.0,0,0,0,0,0,0.0,2,0,0,0,0.0,0.0,2026-04-11,2026-10-09,2026-04-11 全周期,0.0,mary_42111,0
marydeppish,0.0,0.0,0.0,0.0,0,0,0,0.0,0.0,0.0,0,1,1,1,1,0.0,83,79,0,0,0.0,0.0,2026-04-11,2026-10-09,2026-04-11 全周期,5.0,marydeppish,1
marykayrestep2,0.0,0.0,0.0,0.0,0,0,0,0.0,0.0,0.0,2,0,1,1,1,0.0208,289,0,0,0,0.0,0.0,2026-04-11,2026-10-09,2026-04-11 全周期,5.0,marykayrestep2,2
marylatinabella,0.0,0.0,0.0,0.0,0,0,0,0.0,0.0,0.0,0,0,0,0,0,0.0,1,0,0,0,0.0,0.0,2026-04-11,2026-10-09,2026-04-11 全周期,0.0,marylatinabella,0
marysnatural,0.0,0.0,0.0,0.0,0,0,0,0.0,0.0,0.0,0,0,0,0,0,0.0,11,0,0,0,0.0,0.0,2026-04-11,2026-10-09,2026-04-11 全周期,0.0,marysnatural,0
marysolugc,0.0,0.0,0.0,0.0,0,0,0,0.0,0.0,0.0,0,0,0,0,0,0.0,5,1123,0,0,0.0,0.0,2026-04-11,2026-10-09,2026-04-11 全周期,0.0,marysolugc,0
marysun._,0.0,0.0,0.0,0.0,0,0,0,0.0,0.0,0.0,0,1,0,1,1,0.0466,343,305,0,0,0.0,0.0,2026-04-11,2026-10-09,2026-04-11 全周期,5.0,marysun._,1
massiel_leyva,0.0,0.0,0.0,0.0,0,0,0,0.0,0.0,0.0,0,2,2,1,1,0.0431,836,805,0,0,0.0,0.0,2026-04-11,2026-10-09,2026-04-11 全周期,5.0,massiel_leyva,2
mattkahla,0.0,0.0,0.0,0.0,0,0,0,0.0,0.0,0.0,0,1,1,1,1,0.0294,1294,4544664,0,0,0.0,0.0,2026-04-11,2026-10-09,2026-04-11 全周期,5.0,mattkahla,1
maviswiggles,0.0,0.0,0.0,0.0,0,0,0,0.0,0.0,0.0,0,2,2,1,1,0.013300000000000001,750,4072,0,0,0.0,0.0,2026-04-11,2026-10-09,2026-04-11 全周期,5.0,maviswiggles,2
mcq_heatherexplores,0.0,0.0,0.0,0.0,0,0,0,0.0,0.0,0.0,0,1,0,0,1,0.013999999999999999,429,13454,0,0,0.0,0.0,2026-04-11,2026-10-09,2026-04-11 全周期,0.0,mcq_heatherexplores,1
mdbeauty13,0.0,0.0,0.0,0.0,0,0,0,0.0,0.0,0.0,0,0,0,0,0,0.0,2,454,0,0,0.0,0.0,2026-04-11,2026-10-09,2026-04-11 全周期,0.0,mdbeauty13,0
meeksmiles33,0.0,0.0,0.0,0.0,0,0,0,0.0,0.0,0.0,0,0,0,0,0,0.0,7,9012,0,0,0.0,0.0,2026-04-11,2026-10-09,2026-04-11 全周期,0.0,meeksmiles33,0
meemasfavfinds,0.0,0.0,0.0,0.0,0,0,0,0.0,0.0,0.0,0,0,0,0,0,0.0,3,6662,0,0,0.0,0.0,2026-04-11,2026-10-09,2026-04-11 全周期,0.0,meemasfavfinds,0
megabyte182544,0.0,0.0,0.0,0.0,0,0,0,0.0,0.0,0.0,0,0,0,0,0,0.0,3,2654,0,0,0.0,0.0,2026-04-11,2026-10-09,2026-04-11 全周期,0.0,megabyte182544,0
meglaurent1,0.0,0.0,0.0,0.0,0,0,0,0.0,0.0,0.0,0,0,0,1,0,0.0,4,1997,0,0,0.0,0.0,2026-04-11,2026-10-09,2026-04-11 全周期,5.0,meglaurent1,0
megsrose84,0.0,0.0,0.0,0.0,0,0,0,0.0,0.0,0.0,0,0,0,0,0,0.0,2,31273,0,0,0.0,0.0,2026-04-11,2026-10-09,2026-04-11 全周期,0.0,megsrose84,0
melherron,0.0,0.0,0.0,0.0,0,0,0,0.0,0.0,0.0,0,0,0,0,0,0.0,0,0,0,0,0.0,0.0,2026-04-11,2026-10-09,2026-04-11 全周期,0.0,melherron,0
melias25,0.0,0.0,0.0,0.0,0,0,0,0.0,0.0,0.0,0,0,0,1,0,0.0,0,0,0,0,0.0,0.0,2026-04-11,2026-10-09,2026-04-11 全周期,5.0,melias25,0
meliepawberry,0.0,0.0,0.0,0.0,0,0,0,0.0,0.0,0.0,0,0,0,0,0,0.0,1,0,0,0,0.0,0.0,2026-04-11,2026-10-09,2026-04-11 全周期,0.0,meliepawberry,0
melissa.1647,0.0,0.0,0.0,0.0,0,0,0,0.0,0.0,0.0,0,0,0,0,0,0.0,4,11491,0,0,0.0,0.0,2026-04-11,2026-10-09,2026-04-11 全周期,0.0,melissa.1647,0
melissachristian923,0.0,0.0,0.0,0.0,0,0,0,0.0,0.0,0.0,0,0,1,0,0,0.0,1,2879,0,0,0.0,0.0,2026-04-11,2026-10-09,2026-04-11 全周期,0.0,melissachristian923,0
melissaormel,0.0,0.0,0.0,0.0,0,0,0,0.0,0.0,0.0,0,0,0,0,0,0.0,2,0,0,0,0.0,0.0,2026-04-11,2026-10-09,2026-04-11 全周期,0.0,melissaormel,0
mellissawith2ls,0.0,0.0,0.0,0.0,0,0,0,0.0,0.0,0.0,0,1,1,1,1,0.018600000000000002,429,55353,0,0,0.0,0.0,2026-04-11,2026-10-09,2026-04-11 全周期,5.0,mellissawith2ls,1
mellylissagirl,0.0,0.0,0.0,0.0,0,0,0,0.0,0.0,0.0,0,1,0,1,1,0.0,9,11,0,0,0.0,0.0,2026-04-11,2026-10-09,2026-04-11 全周期,5.0,mellylissagirl,1
mels.grooming,0.0,0.0,0.0,0.0,0,0,0,0.0,0.0,0.0,1,0,1,1,1,0.0,36,0,0,0,0.0,0.0,2026-04-11,2026-10-09,2026-04-11 全周期,5.0,mels.grooming,1
mely_perdomo,0.0,0.0,0.0,0.0,0,0,0,0.0,0.0,0.0,0,0,0,0,0,0.0,12,0,0,0,0.0,0.0,2026-04-11,2026-10-09,2026-04-11 全周期,0.0,mely_perdomo,0
mentalwellness4parents,0.0,0.0,0.0,0.0,0,0,0,0.0,0.0,0.0,0,0,0,1,0,0.0,0,0,0,0,0.0,0.0,2026-04-11,2026-10-09,2026-04-11 全周期,5.0,mentalwellness4parents,0
meshawn60,0.0,0.0,0.0,0.0,0,0,0,0.0,0.0,0.0,0,0,0,0,0,0.0,1,0,0,0,0.0,0.0,2026-04-11,2026-10-09,2026-04-11 全周期,0.0,meshawn60,0
methodstothemadness,0.0,0.0,0.0,0.0,0,0,0,0.0,0.0,0.0,0,0,0,0,0,0.0,30,389796,0,0,0.0,0.0,2026-04-11,2026-10-09,2026-04-11 全周期,0.0,methodstothemadness,0
meticulous_mandy,0.0,0.0,0.0,0.0,0,0,0,0.0,0.0,0.0,0,0,0,0,0,0.0,4,149,0,0,0.0,0.0,2026-04-11,2026-10-09,2026-04-11 全周期,0.0,meticulous_mandy,0
mfgalaz,0.0,0.0,0.0,0.0,0,0,0,0.0,0.0,0.0,0,2,0,1,1,0.0197,456,788,0,0,0.0,0.0,2026-04-11,2026-10-09,2026-04-11 全周期,5.0,mfgalaz,2
miavisionz,0.0,0.0,0.0,0.0,0,0,0,0.0,0.0,0.0,1,1,0,1,1,0.0012,1644,1525,0,0,0.0,0.0,2026-04-11,2026-10-09,2026-04-11 全周期,5.0,miavisionz,2
micaylamalchiodii,0.0,0.0,0.0,0.0,0,0,0,0.0,0.0,0.0,0,1,1,1,1,0.0282,142,19663,0,0,0.0,0.0,2026-04-11,2026-10-09,2026-04-11 全周期,5.0,micaylamalchiodii,1
michaelalee4123,0.0,0.0,0.0,0.0,0,0,0,0.0,0.0,0.0,0,1,1,1,1,0.0063,318,306,0,0,0.0,0.0,2026-04-11,2026-10-09,2026-04-11 全周期,5.0,michaelalee4123,1
michaelm1216,0.0,0.0,0.0,0.0,0,0,0,0.0,0.0,0.0,0,0,1,0,0,0.0,0,81967,0,0,0.0,0.0,2026-04-11,2026-10-09,2026-04-11 全周期,0.0,michaelm1216,0
michellepearlpnw,0.0,0.0,0.0,0.0,0,0,0,0.0,0.0,0.0,0,0,0,1,0,0.0,0,0,0,0,0.0,0.0,2026-04-11,2026-10-09,2026-04-11 全周期,5.0,michellepearlpnw,0
michellepesco,0.0,0.0,0.0,0.0,0,0,0,0.0,0.0,0.0,0,0,0,0,0,1.0,2,63614,0,0,0.0,0.0,2026-04-11,2026-10-09,2026-04-11 全周期,0.0,michellepesco,0
michellerene,0.0,0.0,0.0,0.0,0,0,0,0.0,0.0,0.0,0,1,1,1,1,0.0199,351,328,0,0,0.0,0.0,2026-04-11,2026-10-09,2026-04-11 全周期,5.0,michellerene,1
michellestts4pets,0.0,0.0,0.0,0.0,0,0,0,0.0,0.0,0.0,1,0,0,0,1,0.0,6,0,0,0,0.0,0.0,2026-04-11,2026-10-09,2026-04-11 全周期,0.0,michellestts4pets,1
michellesyribouth,0.0,0.0,0.0,0.0,0,0,0,0.0,0.0,0.0,0,0,0,0,0,0.0,0,263108,0,0,0.0,0.0,2026-04-11,2026-10-09,2026-04-11 全周期,0.0,michellesyribouth,0
michellet_ugc_creator,0.0,0.0,0.0,0.0,0,0,0,0.0,0.0,0.0,0,1,1,1,1,0.0070999999999999995,141,130,0,0,0.0,0.0,2026-04-11,2026-10-09,2026-04-11 全周期,5.0,michellet_ugc_creator,1
michelletironexo,0.0,0.0,0.0,0.0,0,0,0,0.0,0.0,0.0,0,1,1,1,1,0.0087,230,205,0,0,0.0,0.0,2026-04-11,2026-10-09,2026-04-11 全周期,5.0,michelletironexo,1
michellewest01,0.0,0.0,0.0,0.0,0,0,0,0.0,0.0,0.0,0,1,1,1,1,0.003,332,25380,0,0,0.0,0.0,2026-04-11,2026-10-09,2026-04-11 全周期,5.0,michellewest01,1
mickeyaleinweber,0.0,0.0,0.0,0.0,0,0,0,0.0,0.0,0.0,0,1,0,0,1,0.011899999999999999,84,3995,0,0,0.0,0.0,2026-04-11,2026-10-09,2026-04-11 全周期,0.0,mickeyaleinweber,1
micocinarapida,0.0,0.0,0.0,0.0,0,0,0,0.0,0.0,0.0,0,0,0,1,0,0.0,0,0,0,0,0.0,0.0,2026-04-11,2026-10-09,2026-04-11 全周期,5.0,micocinarapida,0
mikaax,0.0,0.0,0.0,0.0,0,0,0,0.0,0.0,0.0,0,1,1,1,1,0.0169,354,339,0,0,0.0,0.0,2026-04-11,2026-10-09,2026-04-11 全周期,5.0,mikaax,1
mikayla.osorio,0.0,0.0,0.0,0.0,0,0,0,0.0,0.0,0.0,0,0,0,0,0,0.0,4,9139,0,0,0.0,0.0,2026-04-11,2026-10-09,2026-04-11 全周期,0.0,mikayla.osorio,0
mila.chito,0.0,0.0,0.0,0.0,0,0,0,0.0,0.0,0.0,0,1,1,1,1,0.011000000000000001,364,130241,0,0,0.0,0.0,2026-04-11,2026-10-09,2026-04-11 全周期,5.0,mila.chito,1
milagrosmariela12,0.0,0.0,0.0,0.0,0,0,0,0.0,0.0,0.0,0,1,1,1,1,0.032,406,367,0,0,0.0,0.0,2026-04-11,2026-10-09,2026-04-11 全周期,5.0,milagrosmariela12,1
milenafernandezfonseca,0.0,0.0,0.0,0.0,0,0,0,0.0,0.0,0.0,0,0,0,0,0,0.0,12,194634,0,0,0.0,0.0,2026-04-11,2026-10-09,2026-04-11 全周期,0.0,milenafernandezfonseca,0
mileyemma.galilea,0.0,0.0,0.0,0.0,0,0,0,0.0,0.0,0.0,0,0,0,0,0,0.0,3,3472,0,0,0.0,0.0,2026-04-11,2026-10-09,2026-04-11 全周期,0.0,mileyemma.galilea,0
milkacalvoherrera,0.0,0.0,0.0,0.0,0,0,0,0.0,0.0,0.0,0,4,3,1,1,0.0172,408,36325,0,0,0.0,0.0,2026-04-11,2026-10-09,2026-04-11 全周期,5.0,milkacalvoherrera,4
millennialmama411,0.0,0.0,0.0,0.0,0,0,0,0.0,0.0,0.0,0,0,0,0,0,0.0,53,190,0,0,0.0,0.0,2026-04-11,2026-10-09,2026-04-11 全周期,0.0,millennialmama411,0
milothefluffyboycorgi,0.0,0.0,0.0,0.0,0,0,0,0.0,0.0,0.0,0,0,0,0,0,0.0,0,0,0,0,0.0,0.0,2026-04-11,2026-10-09,2026-04-11 全周期,0.0,milothefluffyboycorgi,0
mimzy1117,0.0,0.0,0.0,0.0,0,0,0,0.0,0.0,0.0,0,0,0,0,0,0.0,3,0,0,0,0.0,0.0,2026-04-11,2026-10-09,2026-04-11 全周期,0.0,mimzy1117,0
minaya.mcconnell,0.0,0.0,0.0,0.0,0,0,0,0.0,0.0,0.0,0,0,0,0,0,0.0,7,136,0,0,0.0,0.0,2026-04-11,2026-10-09,2026-04-11 全周期,0.0,minaya.mcconnell,0
mindyb92,0.0,0.0,0.0,0.0,0,0,0,0.0,0.0,0.0,0,0,0,0,0,0.0,5,5811,0,0,0.0,0.0,2026-04-11,2026-10-09,2026-04-11 全周期,0.0,mindyb92,0
mindyfrommichiganbandit,0.0,0.0,0.0,0.0,0,0,0,0.0,0.0,0.0,0,0,0,0,0,0.0,0,1886,0,0,0.0,0.0,2026-04-11,2026-10-09,2026-04-11 全周期,0.0,mindyfrommichiganbandit,0
mini747_,0.0,0.0,0.0,0.0,0,0,0,0.0,0.0,0.0,0,2,0,1,1,0.125,48,47,0,0,0.0,0.0,2026-04-11,2026-10-09,2026-04-11 全周期,5.0,mini747_,2
mintym3lon,0.0,0.0,0.0,0.0,0,0,0,0.0,0.0,0.0,0,5,5,1,1,0.0058,1728,219933,0,0,0.0,0.0,2026-04-11,2026-10-09,2026-04-11 全周期,5.0,mintym3lon,5
miracle.grace7,0.0,0.0,0.0,0.0,0,0,0,0.0,0.0,0.0,2,4,5,2,2,0.0076,923,727,0,0,0.0,0.0,2026-04-11,2026-10-09,2026-04-11 全周期,10.0,miracle.grace7,6
mirandagardner94,0.0,0.0,0.0,0.0,0,0,0,0.0,0.0,0.0,0,0,0,1,0,0.0,0,0,0,0,0.0,0.0,2026-04-11,2026-10-09,2026-04-11 全周期,5.0,mirandagardner94,0
mirandas720,0.0,0.0,0.0,0.0,0,0,0,0.0,0.0,0.0,0,0,0,0,0,0.0,2,50,0,0,0.0,0.0,2026-04-11,2026-10-09,2026-04-11 全周期,0.0,mirandas720,0
mishrofer,0.0,0.0,0.0,0.0,0,0,0,0.0,0.0,0.0,0,0,0,0,0,0.0,1,127,0,0,0.0,0.0,2026-04-11,2026-10-09,2026-04-11 全周期,0.0,mishrofer,0
miss.doralis,0.0,0.0,0.0,0.0,0,0,0,0.0,0.0,0.0,0,0,0,0,0,0.0,4,0,0,0,0.0,0.0,2026-04-11,2026-10-09,2026-04-11 全周期,0.0,miss.doralis,0
miss.michaela99,0.0,0.0,0.0,0.0,0,0,0,0.0,0.0,0.0,0,0,0,0,0,0.0,1,0,0,0,0.0,0.0,2026-04-11,2026-10-09,2026-04-11 全周期,0.0,miss.michaela99,0
miss_sagittarius88,0.0,0.0,0.0,0.0,0,0,0,0.0,0.0,0.0,0,1,0,0,1,0.0023,428,25609,0,0,0.0,0.0,2026-04-11,2026-10-09,2026-04-11 全周期,0.0,miss_sagittarius88,1
missasab,0.0,0.0,0.0,0.0,0,0,0,0.0,0.0,0.0,0,0,0,0,0,0.0,3,3307,0,0,0.0,0.0,2026-04-11,2026-10-09,2026-04-11 全周期,0.0,missasab,0
mission_possible_x3,0.0,0.0,0.0,0.0,0,0,0,0.0,0.0,0.0,1,0,1,2,1,0.0,16,0,0,0,0.0,0.0,2026-04-11,2026-10-09,2026-04-11 全周期,10.0,mission_possible_x3,1
mississippi.queen01,0.0,0.0,0.0,0.0,0,0,0,0.0,0.0,0.0,0,0,0,0,0,0.0,23,44973,0,0,0.0,0.0,2026-04-11,2026-10-09,2026-04-11 全周期,0.0,mississippi.queen01,0
missybarker6,0.0,0.0,0.0,0.0,0,0,0,0.0,0.0,0.0,0,1,1,1,1,0.0189,106,99,0,0,0.0,0.0,2026-04-11,2026-10-09,2026-04-11 全周期,5.0,missybarker6,1
missylynn609,0.0,0.0,0.0,0.0,0,0,0,0.0,0.0,0.0,0,0,0,0,0,0.0,1,0,0,0,0.0,0.0,2026-04-11,2026-10-09,2026-04-11 全周期,0.0,missylynn609,0
mistiscozycatroom,0.0,0.0,0.0,0.0,0,0,0,0.0,0.0,0.0,0,0,0,1,0,0.0,0,0,0,0,0.0,0.0,2026-04-11,2026-10-09,2026-04-11 全周期,5.0,mistiscozycatroom,0
mjenkins39,0.0,0.0,0.0,0.0,0,0,0,0.0,0.0,0.0,0,0,0,0,0,0.0,0,0,0,0,0.0,0.0,2026-04-11,2026-10-09,2026-04-11 全周期,0.0,mjenkins39,0
mjvanicek,0.0,0.0,0.0,0.0,0,0,0,0.0,0.0,0.0,0,1,1,1,1,0.0102,685,243942,0,0,0.0,0.0,2026-04-11,2026-10-09,2026-04-11 全周期,5.0,mjvanicek,1
mnkimberly,0.0,0.0,0.0,0.0,0,0,0,0.0,0.0,0.0,0,0,0,1,0,0.0,0,0,0,0,0.0,0.0,2026-04-11,2026-10-09,2026-04-11 全周期,5.0,mnkimberly,0
moealyse,0.0,0.0,0.0,0.0,0,0,0,0.0,0.0,0.0,3,1,4,1,1,0.0158,316,123193,0,0,0.0,0.0,2026-04-11,2026-10-09,2026-04-11 全周期,5.0,moealyse,4
mojustine610,0.0,0.0,0.0,0.0,0,0,0,0.0,0.0,0.0,0,2,1,1,1,0.0171,409,76141,0,0,0.0,0.0,2026-04-11,2026-10-09,2026-04-11 全周期,5.0,mojustine610,2
molly.olive,0.0,0.0,0.0,0.0,0,0,0,0.0,0.0,0.0,0,0,0,0,0,0.0,2,50878,0,0,0.0,0.0,2026-04-11,2026-10-09,2026-04-11 全周期,0.0,molly.olive,0
molly_balls,0.0,0.0,0.0,0.0,0,0,0,0.0,0.0,0.0,0,1,1,1,1,0.0208,433,3442,0,0,0.0,0.0,2026-04-11,2026-10-09,2026-04-11 全周期,5.0,molly_balls,1
mom_is_gonna_lose_it,0.0,0.0,0.0,0.0,0,0,0,0.0,0.0,0.0,0,0,0,0,0,0.0,1,0,0,0,0.0,0.0,2026-04-11,2026-10-09,2026-04-11 全周期,0.0,mom_is_gonna_lose_it,0
momamarcy,0.0,0.0,0.0,0.0,0,0,0,0.0,0.0,0.0,0,0,0,0,0,0.0,3,0,0,0,0.0,0.0,2026-04-11,2026-10-09,2026-04-11 全周期,0.0,momamarcy,0
momfinds4less,0.0,0.0,0.0,0.0,0,0,0,0.0,0.0,0.0,0,4,4,1,1,0.0,29,24,0,0,0.0,0.0,2026-04-11,2026-10-09,2026-04-11 全周期,5.0,momfinds4less,4
momfindswithtay,0.0,0.0,0.0,0.0,0,0,0,0.0,0.0,0.0,0,0,0,0,0,0.16670000000000001,6,63888,0,0,0.0,0.0,2026-04-11,2026-10-09,2026-04-11 全周期,0.0,momfindswithtay,0
momgetsthrifty,0.0,0.0,0.0,0.0,0,0,0,0.0,0.0,0.0,0,1,1,1,1,0.0,323,316,0,0,0.0,0.0,2026-04-11,2026-10-09,2026-04-11 全周期,5.0,momgetsthrifty,1
mommakylia,0.0,0.0,0.0,0.0,0,0,0,0.0,0.0,0.0,1,2,3,1,1,0.0060999999999999995,329,3931,0,0,0.0,0.0,2026-04-11,2026-10-09,2026-04-11 全周期,5.0,mommakylia,3
mommapayton96,0.0,0.0,0.0,0.0,0,0,0,0.0,0.0,0.0,0,2,2,1,1,0.024700000000000003,486,50233,0,0,0.0,0.0,2026-04-11,2026-10-09,2026-04-11 全周期,5.0,mommapayton96,2
mommatoboth22,0.0,0.0,0.0,0.0,0,0,0,0.0,0.0,0.0,0,2,1,1,1,0.0106,94,15626,0,0,0.0,0.0,2026-04-11,2026-10-09,2026-04-11 全周期,5.0,mommatoboth22,2
mommau5,0.0,0.0,0.0,0.0,0,0,0,0.0,0.0,0.0,0,0,0,0,0,0.0,1,2240,0,0,0.0,0.0,2026-04-11,2026-10-09,2026-04-11 全周期,0.0,mommau5,0
monamansurr,0.0,0.0,0.0,0.0,0,0,0,0.0,0.0,0.0,0,0,0,0,0,0.0,0,0,0,0,0.0,0.0,2026-04-11,2026-10-09,2026-04-11 全周期,0.0,monamansurr,0
mondocancook,0.0,0.0,0.0,0.0,0,0,0,0.0,0.0,0.0,1,0,1,1,1,0.0,20,311312,0,0,0.0,0.0,2026-04-11,2026-10-09,2026-04-11 全周期,5.0,mondocancook,1
moneeperry,0.0,0.0,0.0,0.0,0,0,0,0.0,0.0,0.0,1,0,0,1,1,0.0,1,0,0,0,0.0,0.0,2026-04-11,2026-10-09,2026-04-11 全周期,5.0,moneeperry,1
monica.dogsquad,0.0,0.0,0.0,0.0,0,0,0,0.0,0.0,0.0,0,0,0,1,0,0.0,0,0,0,0,0.0,0.0,2026-04-11,2026-10-09,2026-04-11 全周期,5.0,monica.dogsquad,0
monica.groda2.0,0.0,0.0,0.0,0.0,0,0,0,0.0,0.0,0.0,0,1,1,1,1,0.0078000000000000005,383,360,0,0,0.0,0.0,2026-04-11,2026-10-09,2026-04-11 全周期,5.0,monica.groda2.0,1
monica_miros,0.0,0.0,0.0,0.0,0,0,0,0.0,0.0,0.0,0,0,0,1,0,0.0,4,0,0,0,0.0,0.0,2026-04-11,2026-10-09,2026-04-11 全周期,5.0,monica_miros,0
monicanicole90,0.0,0.0,0.0,0.0,0,0,0,0.0,0.0,0.0,0,0,0,0,0,0.0,1,29503,0,0,0.0,0.0,2026-04-11,2026-10-09,2026-04-11 全周期,0.0,monicanicole90,0
monrroylupitaa,0.0,0.0,0.0,0.0,0,0,0,0.0,0.0,0.0,0,0,0,0,0,0.0,1,2761,0,0,0.0,0.0,2026-04-11,2026-10-09,2026-04-11 全周期,0.0,monrroylupitaa,0
montana_miles_,0.0,0.0,0.0,0.0,0,0,0,0.0,0.0,0.0,0,1,1,1,1,0.06,100,15169,0,0,0.0,0.0,2026-04-11,2026-10-09,2026-04-11 全周期,5.0,montana_miles_,1
moonlightdistrict,0.0,0.0,0.0,0.0,0,0,0,0.0,0.0,0.0,0,0,0,0,0,0.0,0,1059,0,0,0.0,0.0,2026-04-11,2026-10-09,2026-04-11 全周期,0.0,moonlightdistrict,0
mooremoneymoves,0.0,0.0,0.0,0.0,0,0,0,0.0,0.0,0.0,0,0,0,0,0,0.0,11,2709914,0,0,0.0,0.0,2026-04-11,2026-10-09,2026-04-11 全周期,0.0,mooremoneymoves,0
morell.martin,0.0,0.0,0.0,0.0,0,0,0,0.0,0.0,0.0,0,0,0,0,0,0.0,1,0,0,0,0.0,0.0,2026-04-11,2026-10-09,2026-04-11 全周期,0.0,morell.martin,0
moremattkahla,0.0,0.0,0.0,0.0,0,0,0,0.0,0.0,0.0,0,1,0,0,1,0.0159,189,2117250,0,0,0.0,0.0,2026-04-11,2026-10-09,2026-04-11 全周期,0.0,moremattkahla,1
morethanesthetics,0.0,0.0,0.0,0.0,0,0,0,0.0,0.0,0.0,1,0,2,1,1,0.0323,31,13,0,0,0.0,0.0,2026-04-11,2026-10-09,2026-04-11 全周期,5.0,morethanesthetics,1
morethanjustcookies,0.0,0.0,0.0,0.0,0,0,0,0.0,0.0,0.0,0,3,3,1,1,0.021099999999999997,664,97856,0,0,0.0,0.0,2026-04-11,2026-10-09,2026-04-11 全周期,5.0,morethanjustcookies,3
morganallanson22,0.0,0.0,0.0,0.0,0,0,0,0.0,0.0,0.0,0,0,0,1,0,0.0,2,0,0,0,0.0,0.0,2026-04-11,2026-10-09,2026-04-11 全周期,5.0,morganallanson22,0
morganzambrano,0.0,0.0,0.0,0.0,0,0,0,0.0,0.0,0.0,0,0,0,0,0,0.0,13,302396,0,0,0.0,0.0,2026-04-11,2026-10-09,2026-04-11 全周期,0.0,morganzambrano,0
morningmews,0.0,0.0,0.0,0.0,0,0,0,0.0,0.0,0.0,0,0,0,0,0,0.0,5,56113,0,0,0.0,0.0,2026-04-11,2026-10-09,2026-04-11 全周期,0.0,morningmews,0
motherofflowerss,0.0,0.0,0.0,0.0,0,0,0,0.0,0.0,0.0,0,0,0,0,0,0.0,1,1,0,0,0.0,0.0,2026-04-11,2026-10-09,2026-04-11 全周期,0.0,motherofflowerss,0
mouthymamareviews,0.0,0.0,0.0,0.0,0,0,0,0.0,0.0,0.0,0,0,0,0,0,0.0,2,0,0,0,0.0,0.0,2026-04-11,2026-10-09,2026-04-11 全周期,0.0,mouthymamareviews,0
mr.peluche.finds,0.0,0.0,0.0,0.0,0,0,0,0.0,0.0,0.0,0,0,0,0,0,0.0,8,23795,0,0,0.0,0.0,2026-04-11,2026-10-09,2026-04-11 全周期,0.0,mr.peluche.finds,0
mrmarcussmith,0.0,0.0,0.0,0.0,0,0,0,0.0,0.0,0.0,0,2,2,1,1,0.046900000000000004,128,120,0,0,0.0,0.0,2026-04-11,2026-10-09,2026-04-11 全周期,5.0,mrmarcussmith,2
mrpinkthesphynx,0.0,0.0,0.0,0.0,0,0,0,0.0,0.0,0.0,1,0,1,1,1,0.0,0,0,0,0,0.0,0.0,2026-04-11,2026-10-09,2026-04-11 全周期,5.0,mrpinkthesphynx,1
mrs.jshort,0.0,0.0,0.0,0.0,0,0,0,0.0,0.0,0.0,0,0,0,0,0,0.0,12,11170,0,0,0.0,0.0,2026-04-11,2026-10-09,2026-04-11 全周期,0.0,mrs.jshort,0
mrs_reina30,0.0,0.0,0.0,0.0,0,0,0,0.0,0.0,0.0,0,0,0,0,0,0.0,4,3828,0,0,0.0,0.0,2026-04-11,2026-10-09,2026-04-11 全周期,0.0,mrs_reina30,0
mrsblackangel87,0.0,0.0,0.0,0.0,0,0,0,0.0,0.0,0.0,0,1,1,1,1,0.0159,126,121,0,0,0.0,0.0,2026-04-11,2026-10-09,2026-04-11 全周期,5.0,mrsblackangel87,1
mrsbryan27,0.0,0.0,0.0,0.0,0,0,0,0.0,0.0,0.0,0,0,0,0,0,0.0,1,26223,0,0,0.0,0.0,2026-04-11,2026-10-09,2026-04-11 全周期,0.0,mrsbryan27,0
mrsrosemk,0.0,0.0,0.0,0.0,0,0,0,0.0,0.0,0.0,0,0,0,0,0,0.0,1,630,0,0,0.0,0.0,2026-04-11,2026-10-09,2026-04-11 全周期,0.0,mrsrosemk,0
mscurlymccatlady,0.0,0.0,0.0,0.0,0,0,0,0.0,0.0,0.0,0,0,0,0,0,0.0,12,0,0,0,0.0,0.0,2026-04-11,2026-10-09,2026-04-11 全周期,0.0,mscurlymccatlady,0
mskdona,0.0,0.0,0.0,0.0,0,0,0,0.0,0.0,0.0,0,1,1,1,1,0.0137,364,7700,0,0,0.0,0.0,2026-04-11,2026-10-09,2026-04-11 全周期,5.0,mskdona,1
mumy120,0.0,0.0,0.0,0.0,0,0,0,0.0,0.0,0.0,0,2,1,1,1,0.0137,1098,41981,0,0,0.0,0.0,2026-04-11,2026-10-09,2026-04-11 全周期,5.0,mumy120,2
murielcrisyoungblood,0.0,0.0,0.0,0.0,0,0,0,0.0,0.0,0.0,0,1,1,1,1,0.0062,484,472,0,0,0.0,0.0,2026-04-11,2026-10-09,2026-04-11 全周期,5.0,murielcrisyoungblood,1
muscle_dad,0.0,0.0,0.0,0.0,0,0,0,0.0,0.0,0.0,0,0,0,0,0,0.0,44,63289,0,0,0.0,0.0,2026-04-11,2026-10-09,2026-04-11 全周期,0.0,muscle_dad,0
musthavecollective,0.0,0.0,0.0,0.0,0,0,0,0.0,0.0,0.0,0,1,1,1,1,0.0,9,19694,0,0,0.0,0.0,2026-04-11,2026-10-09,2026-04-11 全周期,5.0,musthavecollective,1
my.pup.bumble.bee,0.0,0.0,0.0,0.0,0,0,0,0.0,0.0,0.0,0,0,0,0,0,0.0,4,0,0,0,0.0,0.0,2026-04-11,2026-10-09,2026-04-11 全周期,0.0,my.pup.bumble.bee,0
my_blessed_life,0.0,0.0,0.0,0.0,0,0,0,0.0,0.0,0.0,0,1,1,1,1,0.0028000000000000004,351,331,0,0,0.0,0.0,2026-04-11,2026-10-09,2026-04-11 全周期,5.0,my_blessed_life,1
mydogwinter,17.99,0.0,17.99,0.0,1,1,0,17.99,0.0,0.0526,0,3,3,2,1,0.0146,1301,1122,1,0,2.7,0.0,2026-04-11,2026-10-09,2026-04-11 全周期,10.0,mydogwinter,3
myfindsbb,0.0,0.0,0.0,0.0,0,0,0,0.0,0.0,0.0,1,0,1,1,1,0.1,10,0,0,0,0.0,0.0,2026-04-11,2026-10-09,2026-04-11 全周期,5.0,myfindsbb,1
mylah401,0.0,0.0,0.0,0.0,0,0,0,0.0,0.0,0.0,0,1,1,1,1,0.0137,292,274,0,0,0.0,0.0,2026-04-11,2026-10-09,2026-04-11 全周期,5.0,mylah401,1
mypifi,0.0,0.0,0.0,0.0,0,0,0,0.0,0.0,0.0,0,13,0,0,3,0.0129,3713,2025,0,0,0.0,0.0,2026-04-11,2026-10-09,2026-04-11 全周期,0.0,mypifi,13
nailgirl_31,0.0,0.0,0.0,0.0,0,0,0,0.0,0.0,0.0,0,1,1,1,1,0.0,813,14970,0,0,0.0,0.0,2026-04-11,2026-10-09,2026-04-11 全周期,5.0,nailgirl_31,1
nails.with.nicholeg,0.0,0.0,0.0,0.0,0,0,0,0.0,0.0,0.0,1,0,1,1,1,0.0,9,0,0,0,0.0,0.0,2026-04-11,2026-10-09,2026-04-11 全周期,5.0,nails.with.nicholeg,1
nalabeanthepibble7,0.0,0.0,0.0,0.0,0,0,0,0.0,0.0,0.0,0,0,0,0,0,0.0,1,0,0,0,0.0,0.0,2026-04-11,2026-10-09,2026-04-11 全周期,0.0,nalabeanthepibble7,0
nalajade,0.0,0.0,0.0,0.0,0,0,0,0.0,0.0,0.0,0,0,0,0,0,0.0,0,0,0,0,0.0,0.0,2026-04-11,2026-10-09,2026-04-11 全周期,0.0,nalajade,0
namastestressed,0.0,0.0,0.0,0.0,0,0,0,0.0,0.0,0.0,0,1,1,1,1,0.0,48,43,0,0,0.0,0.0,2026-04-11,2026-10-09,2026-04-11 全周期,5.0,namastestressed,1
nana_lovebeauty,0.0,0.0,0.0,0.0,0,0,0,0.0,0.0,0.0,0,0,0,0,0,0.0,4,0,0,0,0.0,0.0,2026-04-11,2026-10-09,2026-04-11 全周期,0.0,nana_lovebeauty,0
nancyramosrizo199625,0.0,0.0,0.0,0.0,0,0,0,0.0,0.0,0.0,0,1,1,1,1,0.0152,330,308,0,0,0.0,0.0,2026-04-11,2026-10-09,2026-04-11 全周期,5.0,nancyramosrizo199625,1
nannalo5,0.0,0.0,0.0,0.0,0,0,0,0.0,0.0,0.0,0,0,0,1,0,0.0,2,0,0,0,0.0,0.0,2026-04-11,2026-10-09,2026-04-11 全周期,5.0,nannalo5,0
naomisells77,0.0,0.0,0.0,0.0,0,0,0,0.0,0.0,0.0,0,0,0,0,0,0.0,1,1,0,0,0.0,0.0,2026-04-11,2026-10-09,2026-04-11 全周期,0.0,naomisells77,0
naomiwho1,0.0,0.0,0.0,0.0,0,0,0,0.0,0.0,0.0,0,0,0,0,0,0.0,1,0,0,0,0.0,0.0,2026-04-11,2026-10-09,2026-04-11 全周期,0.0,naomiwho1,0
nat.aalie24,0.0,0.0,0.0,0.0,0,0,0,0.0,0.0,0.0,0,1,1,1,1,0.0045000000000000005,222,11694,0,0,0.0,0.0,2026-04-11,2026-10-09,2026-04-11 全周期,5.0,nat.aalie24,1
nataliegodwin1,0.0,0.0,0.0,0.0,0,0,0,0.0,0.0,0.0,0,1,0,1,1,0.04650000000000001,43,36,0,0,0.0,0.0,2026-04-11,2026-10-09,2026-04-11 全周期,5.0,nataliegodwin1,1
natarsapatillo,0.0,0.0,0.0,0.0,0,0,0,0.0,0.0,0.0,0,1,1,1,1,0.0024,410,3029,0,0,0.0,0.0,2026-04-11,2026-10-09,2026-04-11 全周期,5.0,natarsapatillo,1
natedoggsshop,0.0,0.0,0.0,0.0,0,0,0,0.0,0.0,0.0,0,0,0,0,0,0.0,1,2685,0,0,0.0,0.0,2026-04-11,2026-10-09,2026-04-11 全周期,0.0,natedoggsshop,0
nats.journey0,0.0,0.0,0.0,0.0,0,0,0,0.0,0.0,0.0,0,1,1,1,1,0.0196,102,22108,0,0,0.0,0.0,2026-04-11,2026-10-09,2026-04-11 全周期,5.0,nats.journey0,1
natyhomepicks,0.0,0.0,0.0,0.0,0,0,0,0.0,0.0,0.0,0,2,2,1,1,0.0109,183,92,0,0,0.0,0.0,2026-04-11,2026-10-09,2026-04-11 全周期,5.0,natyhomepicks,2
nayibe8812,0.0,0.0,0.0,0.0,0,0,0,0.0,0.0,0.0,0,0,0,1,0,0.0,0,0,0,0,0.0,0.0,2026-04-11,2026-10-09,2026-04-11 全周期,5.0,nayibe8812,0
neldygarco88,0.0,0.0,0.0,0.0,0,0,0,0.0,0.0,0.0,0,0,0,0,0,0.0,2,0,0,0,0.0,0.0,2026-04-11,2026-10-09,2026-04-11 全周期,0.0,neldygarco88,0
nelsie.dogtok.tts,0.0,0.0,0.0,0.0,0,0,0,0.0,0.0,0.0,0,1,1,1,1,0.0,75,2859,0,0,0.0,0.0,2026-04-11,2026-10-09,2026-04-11 全周期,5.0,nelsie.dogtok.tts,1
nelyates32,0.0,0.0,0.0,0.0,0,0,0,0.0,0.0,0.0,0,2,0,2,2,0.0043,467,443,0,0,0.0,0.0,2026-04-11,2026-10-09,2026-04-11 全周期,10.0,nelyates32,2
nepa_bullies,0.0,0.0,0.0,0.0,0,0,0,0.0,0.0,0.0,7,0,0,0,1,0.0049,824,593072,0,0,0.0,0.0,2026-04-11,2026-10-09,2026-04-11 全周期,0.0,nepa_bullies,7
neseskii,0.0,0.0,0.0,0.0,0,0,0,0.0,0.0,0.0,0,0,0,0,0,0.0,2,58,0,0,0.0,0.0,2026-04-11,2026-10-09,2026-04-11 全周期,0.0,neseskii,0
nettelilly,0.0,0.0,0.0,0.0,0,0,0,0.0,0.0,0.0,0,0,0,0,0,0.0092,109,234448,0,0,0.0,0.0,2026-04-11,2026-10-09,2026-04-11 全周期,0.0,nettelilly,0
newmoondoll_ragdoll,0.0,0.0,0.0,0.0,0,0,0,0.0,0.0,0.0,0,0,0,0,0,0.087,23,0,0,0,0.0,0.0,2026-04-11,2026-10-09,2026-04-11 全周期,0.0,newmoondoll_ragdoll,0
neylandpyrador,0.0,0.0,0.0,0.0,0,0,0,0.0,0.0,0.0,0,0,0,0,0,0.0,5,0,0,0,0.0,0.0,2026-04-11,2026-10-09,2026-04-11 全周期,0.0,neylandpyrador,0
nibblesincharge,0.0,0.0,0.0,0.0,0,0,0,0.0,0.0,0.0,3,0,0,0,1,0.0464,194,683162,0,0,0.0,0.0,2026-04-11,2026-10-09,2026-04-11 全周期,0.0,nibblesincharge,3
nicholehailey22,0.0,0.0,0.0,0.0,0,0,0,0.0,0.0,0.0,0,2,1,1,1,0.0067,750,5163,0,0,0.0,0.0,2026-04-11,2026-10-09,2026-04-11 全周期,5.0,nicholehailey22,2
nicksshop_,0.0,0.0,0.0,0.0,0,0,0,0.0,0.0,0.0,0,0,0,0,0,0.07139999999999999,14,527585,0,0,0.0,0.0,2026-04-11,2026-10-09,2026-04-11 全周期,0.0,nicksshop_,0
nicksttshop,0.0,0.0,0.0,0.0,0,0,0,0.0,0.0,0.0,0,1,1,1,1,0.0,94,84,0,0,0.0,0.0,2026-04-11,2026-10-09,2026-04-11 全周期,5.0,nicksttshop,1
nicole.brianna_,0.0,0.0,0.0,0.0,0,0,0,0.0,0.0,0.0,0,0,0,1,0,0.0,0,0,0,0,0.0,0.0,2026-04-11,2026-10-09,2026-04-11 全周期,5.0,nicole.brianna_,0
nicolecalub_,0.0,0.0,0.0,0.0,0,0,0,0.0,0.0,0.0,0,1,1,1,1,0.0278,72,49,0,0,0.0,0.0,2026-04-11,2026-10-09,2026-04-11 全周期,5.0,nicolecalub_,1
nicolelake53,0.0,0.0,0.0,0.0,0,0,0,0.0,0.0,0.0,0,0,0,1,0,0.0,0,0,0,0,0.0,0.0,2026-04-11,2026-10-09,2026-04-11 全周期,5.0,nicolelake53,0
nicolemarierumas,0.0,0.0,0.0,0.0,0,0,0,0.0,0.0,0.0,0,0,0,0,0,0.0,2,0,0,0,0.0,0.0,2026-04-11,2026-10-09,2026-04-11 全周期,0.0,nicolemarierumas,0
night_moves_w9,0.0,0.0,0.0,0.0,0,0,0,0.0,0.0,0.0,0,0,0,0,0,0.0,32,61505,0,0,0.0,0.0,2026-04-11,2026-10-09,2026-04-11 全周期,0.0,night_moves_w9,0
ninjaskulle,0.0,0.0,0.0,0.0,0,0,0,0.0,0.0,0.0,0,0,0,0,0,0.0,9,0,0,0,0.0,0.0,2026-04-11,2026-10-09,2026-04-11 全周期,0.0,ninjaskulle,0
nitaiv,0.0,0.0,0.0,0.0,0,0,0,0.0,0.0,0.0,0,0,0,0,0,0.0,1,0,0,0,0.0,0.0,2026-04-11,2026-10-09,2026-04-11 全周期,0.0,nitaiv,0
njariasm,0.0,0.0,0.0,0.0,0,0,0,0.0,0.0,0.0,0,0,0,0,0,0.0,1,0,0,0,0.0,0.0,2026-04-11,2026-10-09,2026-04-11 全周期,0.0,njariasm,0
noahs.deals,0.0,0.0,0.0,0.0,0,0,0,0.0,0.0,0.0,0,2,2,1,1,0.0089,676,184883,0,0,0.0,0.0,2026-04-11,2026-10-09,2026-04-11 全周期,5.0,noahs.deals,2
noahs.shop1,0.0,0.0,0.0,0.0,0,0,0,0.0,0.0,0.0,0,1,0,0,1,0.0123,569,163943,0,0,0.0,0.0,2026-04-11,2026-10-09,2026-04-11 全周期,0.0,noahs.shop1,1
nola_whit,0.0,0.0,0.0,0.0,0,0,0,0.0,0.0,0.0,0,2,2,1,1,0.0,943,894,0,0,0.0,0.0,2026-04-11,2026-10-09,2026-04-11 全周期,5.0,nola_whit,2
noran4furbabys,0.0,0.0,0.0,0.0,0,0,0,0.0,0.0,0.0,0,0,0,0,0,0.0,3,37,0,0,0.0,0.0,2026-04-11,2026-10-09,2026-04-11 全周期,0.0,noran4furbabys,0
notmeinfluencingyou,0.0,0.0,0.0,0.0,0,0,0,0.0,0.0,0.0,0,0,0,1,0,0.0,0,9024,0,0,0.0,0.0,2026-04-11,2026-10-09,2026-04-11 全周期,5.0,notmeinfluencingyou,0
nurse.nate6,0.0,0.0,0.0,0.0,0,0,0,0.0,0.0,0.0,0,0,0,1,0,0.0,1,6983,0,0,0.0,0.0,2026-04-11,2026-10-09,2026-04-11 全周期,5.0,nurse.nate6,0
nursecindylpn,0.0,0.0,0.0,0.0,0,0,0,0.0,0.0,0.0,1,1,1,1,1,0.0034000000000000002,296,25382,0,0,0.0,0.0,2026-04-11,2026-10-09,2026-04-11 全周期,5.0,nursecindylpn,2
nurselifeafterthe12s,0.0,0.0,0.0,0.0,0,0,0,0.0,0.0,0.0,0,0,0,0,0,0.0,1,9,0,0,0.0,0.0,2026-04-11,2026-10-09,2026-04-11 全周期,0.0,nurselifeafterthe12s,0
nursesylvia77,0.0,0.0,0.0,0.0,0,0,0,0.0,0.0,0.0,0,0,0,0,0,0.0,5,0,0,0,0.0,0.0,2026-04-11,2026-10-09,2026-04-11 全周期,0.0,nursesylvia77,0
nursetammygenx1975,0.0,0.0,0.0,0.0,0,0,0,0.0,0.0,0.0,0,1,1,1,1,0.014499999999999999,414,71549,0,0,0.0,0.0,2026-04-11,2026-10-09,2026-04-11 全周期,5.0,nursetammygenx1975,1
nuttiestnurse,0.0,0.0,0.0,0.0,0,0,0,0.0,0.0,0.0,0,1,1,1,1,0.0059,341,318,0,0,0.0,0.0,2026-04-11,2026-10-09,2026-04-11 全周期,5.0,nuttiestnurse,1
nyequestrian,0.0,0.0,0.0,0.0,0,0,0,0.0,0.0,0.0,0,0,0,0,0,0.0,2,0,0,0,0.0,0.0,2026-04-11,2026-10-09,2026-04-11 全周期,0.0,nyequestrian,0
nylaugc,0.0,0.0,0.0,0.0,0,0,0,0.0,0.0,0.0,0,0,0,0,0,0.0,4,17606,0,0,0.0,0.0,2026-04-11,2026-10-09,2026-04-11 全周期,0.0,nylaugc,0
ociooffers,0.0,0.0,0.0,0.0,0,0,0,0.0,0.0,0.0,0,0,0,0,0,0.0741,27,23142,0,0,0.0,0.0,2026-04-11,2026-10-09,2026-04-11 全周期,0.0,ociooffers,0
off_2_oz,0.0,0.0,0.0,0.0,0,0,0,0.0,0.0,0.0,0,0,0,0,0,0.0,1,477,0,0,0.0,0.0,2026-04-11,2026-10-09,2026-04-11 全周期,0.0,off_2_oz,0
officialmikemademebuyit,0.0,0.0,0.0,0.0,0,0,0,0.0,0.0,0.0,0,0,0,0,0,0.0,1,1761,0,0,0.0,0.0,2026-04-11,2026-10-09,2026-04-11 全周期,0.0,officialmikemademebuyit,0
officialpookiepup,0.0,0.0,0.0,0.0,0,0,0,0.0,0.0,0.0,0,0,0,0,0,0.0,7,554,0,0,0.0,0.0,2026-04-11,2026-10-09,2026-04-11 全周期,0.0,officialpookiepup,0
offroadnchill,0.0,0.0,0.0,0.0,0,0,0,0.0,0.0,0.0,0,0,0,0,0,0.0,2,1,0,0,0.0,0.0,2026-04-11,2026-10-09,2026-04-11 全周期,0.0,offroadnchill,0
oficialpereztony86,0.0,0.0,0.0,0.0,0,0,0,0.0,0.0,0.0,0,0,0,0,0,0.0,8,485196,0,0,0.0,0.0,2026-04-11,2026-10-09,2026-04-11 全周期,0.0,oficialpereztony86,0
ohdatsyomama,0.0,0.0,0.0,0.0,0,0,0,0.0,0.0,0.0,0,0,0,0,0,0.0,1,11831,0,0,0.0,0.0,2026-04-11,2026-10-09,2026-04-11 全周期,0.0,ohdatsyomama,0
ohheymelody,0.0,0.0,0.0,0.0,0,0,0,0.0,0.0,0.0,0,0,5,1,1,0.005699999999999999,528,3893,0,0,0.0,0.0,2026-04-11,2026-10-09,2026-04-11 全周期,5.0,ohheymelody,0
ollie_the_hot_doggie,0.0,0.0,0.0,0.0,0,0,0,0.0,0.0,0.0,0,1,1,1,1,0.0062,323,41264,0,0,0.0,0.0,2026-04-11,2026-10-09,2026-04-11 全周期,5.0,ollie_the_hot_doggie,1
onlybestsales,0.0,0.0,0.0,0.0,0,0,0,0.0,0.0,0.0,0,0,0,1,0,0.0,2,0,0,0,0.0,0.0,2026-04-11,2026-10-09,2026-04-11 全周期,5.0,onlybestsales,0
onlyfinds5,0.0,0.0,0.0,0.0,0,0,0,0.0,0.0,0.0,0,1,1,1,1,0.0053,379,8468873,0,0,0.0,0.0,2026-04-11,2026-10-09,2026-04-11 全周期,5.0,onlyfinds5,1
onlythebestdecisions,0.0,0.0,0.0,0.0,0,0,0,0.0,0.0,0.0,0,0,0,0,0,0.0,2,17559,0,0,0.0,0.0,2026-04-11,2026-10-09,2026-04-11 全周期,0.0,onlythebestdecisions,0
onthecollar,0.0,0.0,0.0,0.0,0,0,0,0.0,0.0,0.0,0,0,0,2,0,0.0,0,0,0,0,0.0,0.0,2026-04-11,2026-10-09,2026-04-11 全周期,10.0,onthecollar,0
oriislandlife,0.0,0.0,0.0,0.0,0,0,0,0.0,0.0,0.0,0,3,1,1,1,0.0287,1325,249542,0,0,0.0,0.0,2026-04-11,2026-10-09,2026-04-11 全周期,5.0,oriislandlife,3
orismarfarinas,0.0,0.0,0.0,0.0,0,0,0,0.0,0.0,0.0,0,0,0,0,0,0.0,3,10040,0,0,0.0,0.0,2026-04-11,2026-10-09,2026-04-11 全周期,0.0,orismarfarinas,0
our.family.nest,0.0,0.0,0.0,0.0,0,0,0,0.0,0.0,0.0,0,0,0,0,0,0.0,23,57079,0,0,0.0,0.0,2026-04-11,2026-10-09,2026-04-11 全周期,0.0,our.family.nest,0
ourblessedfamily07,0.0,0.0,0.0,0.0,0,0,0,0.0,0.0,0.0,0,0,0,0,0,0.0,8,3,0,0,0.0,0.0,2026-04-11,2026-10-09,2026-04-11 全周期,0.0,ourblessedfamily07,0
overholting,0.0,0.0,0.0,0.0,0,0,0,0.0,0.0,0.0,0,0,0,1,0,0.0,2,0,0,0,0.0,0.0,2026-04-11,2026-10-09,2026-04-11 全周期,5.0,overholting,0
ozzysoscopades,0.0,0.0,0.0,0.0,0,0,0,0.0,0.0,0.0,0,0,0,0,0,0.0,11,1,0,0,0.0,0.0,2026-04-11,2026-10-09,2026-04-11 全周期,0.0,ozzysoscopades,0
palomerodechicago,0.0,0.0,0.0,0.0,0,0,0,0.0,0.0,0.0,0,0,0,0,0,0.0,24,7078,0,0,0.0,0.0,2026-04-11,2026-10-09,2026-04-11 全周期,0.0,palomerodechicago,0
panamacitybeachsaltychic,0.0,0.0,0.0,0.0,0,0,0,0.0,0.0,0.0,0,0,0,1,0,0.0,2,0,0,0,0.0,0.0,2026-04-11,2026-10-09,2026-04-11 全周期,5.0,panamacitybeachsaltychic,0
pandeyprii,0.0,0.0,0.0,0.0,0,0,0,0.0,0.0,0.0,0,0,0,0,0,0.0,1,0,0,0,0.0,0.0,2026-04-11,2026-10-09,2026-04-11 全周期,0.0,pandeyprii,0
paolaalmanza66,0.0,0.0,0.0,0.0,0,0,0,0.0,0.0,0.0,0,1,1,1,1,0.0833,12,12,0,0,0.0,0.0,2026-04-11,2026-10-09,2026-04-11 全周期,5.0,paolaalmanza66,1
parismarie1011,0.0,0.0,0.0,0.0,0,0,0,0.0,0.0,0.0,0,0,0,0,0,0.0,1,648,0,0,0.0,0.0,2026-04-11,2026-10-09,2026-04-11 全周期,0.0,parismarie1011,0
patricia.s254,0.0,0.0,0.0,0.0,0,0,0,0.0,0.0,0.0,0,0,0,0,0,0.0,0,0,0,0,0.0,0.0,2026-04-11,2026-10-09,2026-04-11 全周期,0.0,patricia.s254,0
patriciamartinm,0.0,0.0,0.0,0.0,0,0,0,0.0,0.0,0.0,0,0,0,0,0,0.0,2,4152,0,0,0.0,0.0,2026-04-11,2026-10-09,2026-04-11 全周期,0.0,patriciamartinm,0
paulalorraine91,0.0,0.0,0.0,0.0,0,0,0,0.0,0.0,0.0,0,0,0,1,0,0.0,0,0,0,0,0.0,0.0,2026-04-11,2026-10-09,2026-04-11 全周期,5.0,paulalorraine91,0
paulinhaacury,0.0,0.0,0.0,0.0,0,0,0,0.0,0.0,0.0,0,1,1,1,1,0.0,1,530,0,0,0.0,0.0,2026-04-11,2026-10-09,2026-04-11 全周期,5.0,paulinhaacury,1
pawsiblyonyx,0.0,0.0,0.0,0.0,0,0,0,0.0,0.0,0.0,0,0,0,1,0,0.0,0,0,0,0,0.0,0.0,2026-04-11,2026-10-09,2026-04-11 全周期,5.0,pawsiblyonyx,0
pawspective33,0.0,0.0,0.0,0.0,0,0,0,0.0,0.0,0.0,0,1,1,1,1,0.0161,62,61,0,0,0.0,0.0,2026-04-11,2026-10-09,2026-04-11 全周期,5.0,pawspective33,1
paygedenver,0.0,0.0,0.0,0.0,0,0,0,0.0,0.0,0.0,0,0,0,1,0,0.0,0,0,0,0,0.0,0.0,2026-04-11,2026-10-09,2026-04-11 全周期,5.0,paygedenver,0
pbjfam24,0.0,0.0,0.0,0.0,0,0,0,0.0,0.0,0.0,0,0,0,0,0,0.0,1,37476,0,0,0.0,0.0,2026-04-11,2026-10-09,2026-04-11 全周期,0.0,pbjfam24,0
peachgrower7,0.0,0.0,0.0,0.0,0,0,0,0.0,0.0,0.0,0,0,0,0,0,0.5,2,86912,0,0,0.0,0.0,2026-04-11,2026-10-09,2026-04-11 全周期,0.0,peachgrower7,0
peachykeene2018,0.0,0.0,0.0,0.0,0,0,0,0.0,0.0,0.0,0,0,0,0,0,0.0,1,131,0,0,0.0,0.0,2026-04-11,2026-10-09,2026-04-11 全周期,0.0,peachykeene2018,0
peanutdieseloscarspot,0.0,0.0,0.0,0.0,0,0,0,0.0,0.0,0.0,0,3,3,1,1,0.0076,1321,1018631,0,0,0.0,0.0,2026-04-11,2026-10-09,2026-04-11 全周期,5.0,peanutdieseloscarspot,3
penny.and.oliver,0.0,0.0,0.0,0.0,0,0,0,0.0,0.0,0.0,0,2,2,1,1,0.023,740,3100,0,0,0.0,0.0,2026-04-11,2026-10-09,2026-04-11 全周期,5.0,penny.and.oliver,2
penny_the_pidoublegy,0.0,0.0,0.0,0.0,0,0,0,0.0,0.0,0.0,0,0,0,0,0,0.0833,12,30788,0,0,0.0,0.0,2026-04-11,2026-10-09,2026-04-11 全周期,0.0,penny_the_pidoublegy,0
pennyandquinny,0.0,0.0,0.0,0.0,0,0,0,0.0,0.0,0.0,0,0,0,0,0,0.0,7,14755,0,0,0.0,0.0,2026-04-11,2026-10-09,2026-04-11 全周期,0.0,pennyandquinny,0
petsarepawsome2,0.0,0.0,0.0,0.0,0,0,0,0.0,0.0,0.0,0,0,0,0,0,0.0294,68,14840,0,0,0.0,0.0,2026-04-11,2026-10-09,2026-04-11 全周期,0.0,petsarepawsome2,0
pettok761,0.0,0.0,0.0,0.0,0,0,0,0.0,0.0,0.0,0,1,0,0,1,0.0,332,308,0,0,0.0,0.0,2026-04-11,2026-10-09,2026-04-11 全周期,0.0,pettok761,1
pettypuerto,0.0,0.0,0.0,0.0,0,0,0,0.0,0.0,0.0,0,0,0,0,0,0.0,1,393,0,0,0.0,0.0,2026-04-11,2026-10-09,2026-04-11 全周期,0.0,pettypuerto,0
peys.blog,0.0,0.0,0.0,0.0,0,0,0,0.0,0.0,0.0,0,1,1,1,1,0.0074,816,782,0,0,0.0,0.0,2026-04-11,2026-10-09,2026-04-11 全周期,5.0,peys.blog,1
phoebeandthecrew,0.0,0.0,0.0,0.0,0,0,0,0.0,0.0,0.0,0,1,1,1,1,0.0084,237,8300,0,0,0.0,0.0,2026-04-11,2026-10-09,2026-04-11 全周期,5.0,phoebeandthecrew,1
phoebelishous,0.0,0.0,0.0,0.0,0,0,0,0.0,0.0,0.0,0,0,0,0,0,0.0,3,144022,0,0,0.0,0.0,2026-04-11,2026-10-09,2026-04-11 全周期,0.0,phoebelishous,0
pickdpeak,0.0,0.0,0.0,0.0,0,0,0,0.0,0.0,0.0,0,0,0,0,0,0.0,1,60,0,0,0.0,0.0,2026-04-11,2026-10-09,2026-04-11 全周期,0.0,pickdpeak,0
pickleballqueen88,0.0,0.0,0.0,0.0,0,0,0,0.0,0.0,0.0,0,0,0,0,0,0.0,37,804,0,0,0.0,0.0,2026-04-11,2026-10-09,2026-04-11 全周期,0.0,pickleballqueen88,0
pieraaang,0.0,0.0,0.0,0.0,0,0,0,0.0,0.0,0.0,0,1,1,1,1,0.0194,310,14241,0,0,0.0,0.0,2026-04-11,2026-10-09,2026-04-11 全周期,5.0,pieraaang,1
pifi_careyourpet,0.0,0.0,0.0,0.0,0,0,0,0.0,0.0,0.0,0,0,0,0,0,0.025699999999999997,544,443,0,0,0.0,0.0,2026-04-11,2026-10-09,2026-04-11 全周期,0.0,pifi_careyourpet,0
pilar.maesner,0.0,0.0,0.0,0.0,0,0,0,0.0,0.0,0.0,0,0,0,0,0,0.0,2,2375,0,0,0.0,0.0,2026-04-11,2026-10-09,2026-04-11 全周期,0.0,pilar.maesner,0
pineappledealz,0.0,0.0,0.0,0.0,0,0,0,0.0,0.0,0.0,0,1,1,1,1,0.0,16,53601,0,0,0.0,0.0,2026-04-11,2026-10-09,2026-04-11 全周期,5.0,pineappledealz,1
pinkpartyfarm,0.0,0.0,0.0,0.0,0,0,0,0.0,0.0,0.0,0,0,0,0,0,0.0,1,0,0,0,0.0,0.0,2026-04-11,2026-10-09,2026-04-11 全周期,0.0,pinkpartyfarm,0
pinky_fled99,0.0,0.0,0.0,0.0,0,0,0,0.0,0.0,0.0,0,0,0,0,0,0.0,1,0,0,0,0.0,0.0,2026-04-11,2026-10-09,2026-04-11 全周期,0.0,pinky_fled99,0
pipes.da.pittie,0.0,0.0,0.0,0.0,0,0,0,0.0,0.0,0.0,0,0,0,0,0,0.0,3,1025,0,0,0.0,0.0,2026-04-11,2026-10-09,2026-04-11 全周期,0.0,pipes.da.pittie,0
police.bwc,0.0,0.0,0.0,0.0,0,0,0,0.0,0.0,0.0,0,1,1,1,1,0.0054,560,322975,0,0,0.0,0.0,2026-04-11,2026-10-09,2026-04-11 全周期,5.0,police.bwc,1
pomfamilyfinds,0.0,0.0,0.0,0.0,0,0,0,0.0,0.0,0.0,0,1,1,1,1,0.0126,476,452,0,0,0.0,0.0,2026-04-11,2026-10-09,2026-04-11 全周期,5.0,pomfamilyfinds,1
pooch_pott,0.0,0.0,0.0,0.0,0,0,0,0.0,0.0,0.0,0,0,0,1,0,0.0,2,0,0,0,0.0,0.0,2026-04-11,2026-10-09,2026-04-11 全周期,5.0,pooch_pott,0
poodles.lucasandsophie,0.0,0.0,0.0,0.0,0,0,0,0.0,0.0,0.0,0,0,0,0,0,0.0,0,0,0,0,0.0,0.0,2026-04-11,2026-10-09,2026-04-11 全周期,0.0,poodles.lucasandsophie,0
porchiarori,0.0,0.0,0.0,0.0,0,0,0,0.0,0.0,0.0,0,1,0,0,1,0.0,314,154453,0,0,0.0,0.0,2026-04-11,2026-10-09,2026-04-11 全周期,0.0,porchiarori,1
posh.finds,0.0,0.0,0.0,0.0,0,0,0,0.0,0.0,0.0,0,1,1,1,1,0.0103,194,184,0,0,0.0,0.0,2026-04-11,2026-10-09,2026-04-11 全周期,5.0,posh.finds,1
positivethoughtsoftheday,0.0,0.0,0.0,0.0,0,0,0,0.0,0.0,0.0,0,0,0,0,0,0.0,9,0,0,0,0.0,0.0,2026-04-11,2026-10-09,2026-04-11 全周期,0.0,positivethoughtsoftheday,0
postalbabe87,0.0,0.0,0.0,0.0,0,0,0,0.0,0.0,0.0,0,0,0,0,0,0.0,1,1,0,0,0.0,0.0,2026-04-11,2026-10-09,2026-04-11 全周期,0.0,postalbabe87,0
poursomemagic,0.0,0.0,0.0,0.0,0,0,0,0.0,0.0,0.0,5,2,4,1,1,0.0175,915,686,0,0,0.0,0.0,2026-04-11,2026-10-09,2026-04-11 全周期,5.0,poursomemagic,7
pr_williams,0.0,0.0,0.0,0.0,0,0,0,0.0,0.0,0.0,0,0,0,0,0,0.0,0,2656,0,0,0.0,0.0,2026-04-11,2026-10-09,2026-04-11 全周期,0.0,pr_williams,0
prettybalanced_,0.0,0.0,0.0,0.0,0,0,0,0.0,0.0,0.0,1,1,1,2,1,0.024399999999999998,328,109797,0,0,0.0,0.0,2026-04-11,2026-10-09,2026-04-11 全周期,10.0,prettybalanced_,2
prettygoodfinds89,0.0,0.0,0.0,0.0,0,0,0,0.0,0.0,0.0,0,0,0,0,0,0.0,39,2327,0,0,0.0,0.0,2026-04-11,2026-10-09,2026-04-11 全周期,0.0,prettygoodfinds89,0
prettysmarttech,0.0,0.0,0.0,0.0,0,0,0,0.0,0.0,0.0,0,0,0,0,0,0.0,30,22411,0,0,0.0,0.0,2026-04-11,2026-10-09,2026-04-11 全周期,0.0,prettysmarttech,0
priscillaashleyy,0.0,0.0,0.0,0.0,0,0,0,0.0,0.0,0.0,0,0,0,1,0,0.0,0,0,0,0,0.0,0.0,2026-04-11,2026-10-09,2026-04-11 全周期,5.0,priscillaashleyy,0
probs.ash,0.0,0.0,0.0,0.0,0,0,0,0.0,0.0,0.0,4,0,1,1,1,0.0,115,0,0,0,0.0,0.0,2026-04-11,2026-10-09,2026-04-11 全周期,5.0,probs.ash,4
productsiuseandlove,0.0,0.0,0.0,0.0,0,0,0,0.0,0.0,0.0,0,1,1,1,1,0.0278,36,14961,0,0,0.0,0.0,2026-04-11,2026-10-09,2026-04-11 全周期,5.0,productsiuseandlove,1
profcarbie,0.0,0.0,0.0,0.0,0,0,0,0.0,0.0,0.0,0,1,1,1,1,0.0,84,51180,0,0,0.0,0.0,2026-04-11,2026-10-09,2026-04-11 全周期,5.0,profcarbie,1
progressoverperfection84,0.0,0.0,0.0,0.0,0,0,0,0.0,0.0,0.0,0,0,0,0,0,0.0,0,0,0,0,0.0,0.0,2026-04-11,2026-10-09,2026-04-11 全周期,0.0,progressoverperfection84,0
psycho.paradise,0.0,0.0,0.0,0.0,0,0,0,0.0,0.0,0.0,0,0,0,0,0,0.0,2,170947,0,0,0.0,0.0,2026-04-11,2026-10-09,2026-04-11 全周期,0.0,psycho.paradise,0
pugmamaanne,0.0,0.0,0.0,0.0,0,0,0,0.0,0.0,0.0,0,0,0,0,0,0.0,2,0,0,0,0.0,0.0,2026-04-11,2026-10-09,2026-04-11 全周期,0.0,pugmamaanne,0
pupfluff3,0.0,0.0,0.0,0.0,0,0,0,0.0,0.0,0.0,0,0,0,0,0,0.0,0,622,0,0,0.0,0.0,2026-04-11,2026-10-09,2026-04-11 全周期,0.0,pupfluff3,0
puregoldennemo.cali,0.0,0.0,0.0,0.0,0,0,0,0.0,0.0,0.0,0,1,1,1,1,0.0155,515,3449,0,0,0.0,0.0,2026-04-11,2026-10-09,2026-04-11 全周期,5.0,puregoldennemo.cali,1
purifiedkitty,0.0,0.0,0.0,0.0,0,0,0,0.0,0.0,0.0,0,0,0,0,0,0.0,2,168690,0,0,0.0,0.0,2026-04-11,2026-10-09,2026-04-11 全周期,0.0,purifiedkitty,0
purrfectgingerkitties,0.0,0.0,0.0,0.0,0,0,0,0.0,0.0,0.0,0,0,1,0,0,0.0,1,5907,0,0,0.0,0.0,2026-04-11,2026-10-09,2026-04-11 全周期,0.0,purrfectgingerkitties,0
pursuitofhappiness31,0.0,0.0,0.0,0.0,0,0,0,0.0,0.0,0.0,0,0,0,0,0,0.0,1,0,0,0,0.0,0.0,2026-04-11,2026-10-09,2026-04-11 全周期,0.0,pursuitofhappiness31,0
pyper_22,0.0,0.0,0.0,0.0,0,0,0,0.0,0.0,0.0,0,0,0,1,0,0.0,0,0,0,0,0.0,0.0,2026-04-11,2026-10-09,2026-04-11 全周期,5.0,pyper_22,0
qdaddy2021,0.0,0.0,0.0,0.0,0,0,0,0.0,0.0,0.0,0,0,0,1,0,0.0,0,0,0,0,0.0,0.0,2026-04-11,2026-10-09,2026-04-11 全周期,5.0,qdaddy2021,0
queendeedees,0.0,0.0,0.0,0.0,0,0,0,0.0,0.0,0.0,0,0,0,0,0,0.0,1,0,0,0,0.0,0.0,2026-04-11,2026-10-09,2026-04-11 全周期,0.0,queendeedees,0
queenkellann,0.0,0.0,0.0,0.0,0,0,0,0.0,0.0,0.0,0,0,0,0,0,0.0,10,14450,0,0,0.0,0.0,2026-04-11,2026-10-09,2026-04-11 全周期,0.0,queenkellann,0
quesothegs,0.0,0.0,0.0,0.0,0,0,0,0.0,0.0,0.0,0,0,0,0,0,0.0,5,9628,0,0,0.0,0.0,2026-04-11,2026-10-09,2026-04-11 全周期,0.0,quesothegs,0
rabbits.rmt,0.0,0.0,0.0,0.0,0,0,0,0.0,0.0,0.0,0,0,0,0,0,0.0,4,255,0,0,0.0,0.0,2026-04-11,2026-10-09,2026-04-11 全周期,0.0,rabbits.rmt,0
rachelreneecrow,0.0,0.0,0.0,0.0,0,0,0,0.0,0.0,0.0,0,2,2,1,1,0.0,489,13906,0,0,0.0,0.0,2026-04-11,2026-10-09,2026-04-11 全周期,5.0,rachelreneecrow,2
rachgabo,0.0,0.0,0.0,0.0,0,0,0,0.0,0.0,0.0,0,0,0,0,0,0.0,2,2,0,0,0.0,0.0,2026-04-11,2026-10-09,2026-04-11 全周期,0.0,rachgabo,0
rae_coyne,0.0,0.0,0.0,0.0,0,0,0,0.0,0.0,0.0,0,2,1,1,1,0.044199999999999996,475,26634,0,0,0.0,0.0,2026-04-11,2026-10-09,2026-04-11 全周期,5.0,rae_coyne,2
rameshchhetri134,0.0,0.0,0.0,0.0,0,0,0,0.0,0.0,0.0,1,0,1,1,1,0.0,55,35951,0,0,0.0,0.0,2026-04-11,2026-10-09,2026-04-11 全周期,5.0,rameshchhetri134,1
rameshkashyap8836,0.0,0.0,0.0,0.0,0,0,0,0.0,0.0,0.0,1,1,1,1,1,0.0538,130,6868,0,0,0.0,0.0,2026-04-11,2026-10-09,2026-04-11 全周期,5.0,rameshkashyap8836,2
randomthursday2,0.0,0.0,0.0,0.0,0,0,0,0.0,0.0,0.0,0,0,0,0,0,0.0,1,0,0,0,0.0,0.0,2026-04-11,2026-10-09,2026-04-11 全周期,0.0,randomthursday2,0
raqueld.dg,0.0,0.0,0.0,0.0,0,0,0,0.0,0.0,0.0,0,1,1,1,1,0.039900000000000005,301,54065,0,0,0.0,0.0,2026-04-11,2026-10-09,2026-04-11 全周期,5.0,raqueld.dg,1
ravepositive,0.0,0.0,0.0,0.0,0,0,0,0.0,0.0,0.0,0,1,1,1,1,0.0029,343,321,0,0,0.0,0.0,2026-04-11,2026-10-09,2026-04-11 全周期,5.0,ravepositive,1
rayanaeem,0.0,0.0,0.0,0.0,0,0,0,0.0,0.0,0.0,0,0,0,0,0,0.0,1,17,0,0,0.0,0.0,2026-04-11,2026-10-09,2026-04-11 全周期,0.0,rayanaeem,0
reallifewithtara,0.0,0.0,0.0,0.0,0,0,0,0.0,0.0,0.0,0,1,1,1,1,0.0,38,36,0,0,0.0,0.0,2026-04-11,2026-10-09,2026-04-11 全周期,5.0,reallifewithtara,1
reallifewithtrish,0.0,0.0,0.0,0.0,0,0,0,0.0,0.0,0.0,0,2,2,1,1,0.0052,956,34497,0,0,0.0,0.0,2026-04-11,2026-10-09,2026-04-11 全周期,5.0,reallifewithtrish,2
reallylikedit,0.0,0.0,0.0,0.0,0,0,0,0.0,0.0,0.0,0,0,0,1,0,0.0,0,0,0,0,0.0,0.0,2026-04-11,2026-10-09,2026-04-11 全周期,5.0,reallylikedit,0
reannaprui,0.0,0.0,0.0,0.0,0,0,0,0.0,0.0,0.0,0,0,0,1,0,0.0,0,0,0,0,0.0,0.0,2026-04-11,2026-10-09,2026-04-11 全周期,5.0,reannaprui,0
reaperofhugs,0.0,0.0,0.0,0.0,0,0,0,0.0,0.0,0.0,0,1,1,1,1,0.0086,116,303527,0,0,0.0,0.0,2026-04-11,2026-10-09,2026-04-11 全周期,5.0,reaperofhugs,1
rebeccaboooooo,0.0,0.0,0.0,0.0,0,0,0,0.0,0.0,0.0,0,3,4,1,1,0.0058,1539,1448,0,0,0.0,0.0,2026-04-11,2026-10-09,2026-04-11 全周期,5.0,rebeccaboooooo,3
recoveryprincess01,0.0,0.0,0.0,0.0,0,0,0,0.0,0.0,0.0,0,0,0,0,0,0.0,2,646,0,0,0.0,0.0,2026-04-11,2026-10-09,2026-04-11 全周期,0.0,recoveryprincess01,0
rediscovering_melissa,0.0,0.0,0.0,0.0,0,0,0,0.0,0.0,0.0,0,0,0,0,0,0.0,3,0,0,0,0.0,0.0,2026-04-11,2026-10-09,2026-04-11 全周期,0.0,rediscovering_melissa,0
redlabgus,0.0,0.0,0.0,0.0,0,0,0,0.0,0.0,0.0,0,3,1,1,1,0.008,624,400058,0,0,0.0,0.0,2026-04-11,2026-10-09,2026-04-11 全周期,5.0,redlabgus,3
redmariposa509,0.0,0.0,0.0,0.0,0,0,0,0.0,0.0,0.0,0,4,4,1,1,0.0232,1424,1213434,0,0,0.0,0.0,2026-04-11,2026-10-09,2026-04-11 全周期,5.0,redmariposa509,4
redmoon9726,0.0,0.0,0.0,0.0,0,0,0,0.0,0.0,0.0,0,0,0,0,0,0.0,4,454236,0,0,0.0,0.0,2026-04-11,2026-10-09,2026-04-11 全周期,0.0,redmoon9726,0
reggieandfran,0.0,0.0,0.0,0.0,0,0,0,0.0,0.0,0.0,0,0,0,0,0,0.0,6,6880,0,0,0.0,0.0,2026-04-11,2026-10-09,2026-04-11 全周期,0.0,reggieandfran,0
remi_the_goldenn,0.0,0.0,0.0,0.0,0,0,0,0.0,0.0,0.0,0,0,0,0,0,0.0,0,0,0,0,0.0,0.0,2026-04-11,2026-10-09,2026-04-11 全周期,0.0,remi_the_goldenn,0
remiandmaple,0.0,0.0,0.0,0.0,0,0,0,0.0,0.0,0.0,0,0,0,0,0,0.0,2,11143,0,0,0.0,0.0,2026-04-11,2026-10-09,2026-04-11 全周期,0.0,remiandmaple,0
renee.mccartney,0.0,0.0,0.0,0.0,0,0,0,0.0,0.0,0.0,0,1,1,1,1,0.051,98,91,0,0,0.0,0.0,2026-04-11,2026-10-09,2026-04-11 全周期,5.0,renee.mccartney,1
reneejuhl,0.0,0.0,0.0,0.0,0,0,0,0.0,0.0,0.0,1,0,1,1,1,0.0,33,17752,0,0,0.0,0.0,2026-04-11,2026-10-09,2026-04-11 全周期,5.0,reneejuhl,1
reoandreign,0.0,0.0,0.0,0.0,0,0,0,0.0,0.0,0.0,0,0,0,0,0,0.0,2,0,0,0,0.0,0.0,2026-04-11,2026-10-09,2026-04-11 全周期,0.0,reoandreign,0
rescue_pet_collective,0.0,0.0,0.0,0.0,0,0,0,0.0,0.0,0.0,0,0,0,0,0,0.0,4,515,0,0,0.0,0.0,2026-04-11,2026-10-09,2026-04-11 全周期,0.0,rescue_pet_collective,0
retiredgrandma3s,0.0,0.0,0.0,0.0,0,0,0,0.0,0.0,0.0,0,1,1,1,1,0.0,105,736,0,0,0.0,0.0,2026-04-11,2026-10-09,2026-04-11 全周期,5.0,retiredgrandma3s,1
retro_ronnie21,0.0,0.0,0.0,0.0,0,0,0,0.0,0.0,0.0,1,0,1,1,1,0.0,3,0,0,0,0.0,0.0,2026-04-11,2026-10-09,2026-04-11 全周期,5.0,retro_ronnie21,1
reviewedbyleah,0.0,0.0,0.0,0.0,0,0,0,0.0,0.0,0.0,0,0,0,0,0,0.0,1,10475,0,0,0.0,0.0,2026-04-11,2026-10-09,2026-04-11 全周期,0.0,reviewedbyleah,0
rgkdetails,0.0,0.0,0.0,0.0,0,0,0,0.0,0.0,0.0,0,0,0,0,0,0.0179,224,1285981,0,0,0.0,0.0,2026-04-11,2026-10-09,2026-04-11 全周期,0.0,rgkdetails,0
ria_reel_tok,0.0,0.0,0.0,0.0,0,0,0,0.0,0.0,0.0,0,0,0,2,0,0.0,0,0,0,0,0.0,0.0,2026-04-11,2026-10-09,2026-04-11 全周期,10.0,ria_reel_tok,0
rita5596,0.0,0.0,0.0,0.0,0,0,0,0.0,0.0,0.0,0,0,0,0,0,0.0,0,0,0,0,0.0,0.0,2026-04-11,2026-10-09,2026-04-11 全周期,0.0,rita5596,0
rob_turner28,0.0,0.0,0.0,0.0,0,0,0,0.0,0.0,0.0,0,0,0,0,0,0.0,0,0,0,0,0.0,0.0,2026-04-11,2026-10-09,2026-04-11 全周期,0.0,rob_turner28,0
robinhoodryan,0.0,0.0,0.0,0.0,0,0,0,0.0,0.0,0.0,0,0,0,0,0,0.0,0,0,0,0,0.0,0.0,2026-04-11,2026-10-09,2026-04-11 全周期,0.0,robinhoodryan,0
robinsaxondewitt,0.0,0.0,0.0,0.0,0,0,0,0.0,0.0,0.0,8,3,6,1,1,0.009899999999999999,503,458,0,0,0.0,0.0,2026-04-11,2026-10-09,2026-04-11 全周期,5.0,robinsaxondewitt,11
robyndownonthefarm,0.0,0.0,0.0,0.0,0,0,0,0.0,0.0,0.0,0,0,0,0,0,0.0,1,84,0,0,0.0,0.0,2026-04-11,2026-10-09,2026-04-11 全周期,0.0,robyndownonthefarm,0
rochellesavoie,0.0,0.0,0.0,0.0,0,0,0,0.0,0.0,0.0,0,0,0,0,0,0.0,7,0,0,0,0.0,0.0,2026-04-11,2026-10-09,2026-04-11 全周期,0.0,rochellesavoie,0
rockorob,0.0,0.0,0.0,0.0,0,0,0,0.0,0.0,0.0,0,1,1,1,1,0.0,62,57,0,0,0.0,0.0,2026-04-11,2026-10-09,2026-04-11 全周期,5.0,rockorob,1
rolltide2429,0.0,0.0,0.0,0.0,0,0,0,0.0,0.0,0.0,0,0,0,0,0,0.0,6,5773,0,0,0.0,0.0,2026-04-11,2026-10-09,2026-04-11 全周期,0.0,rolltide2429,0
rondadaly,0.0,0.0,0.0,0.0,0,0,0,0.0,0.0,0.0,0,1,1,1,1,0.0025,795,8853,0,0,0.0,0.0,2026-04-11,2026-10-09,2026-04-11 全周期,5.0,rondadaly,1
ronnieny87,0.0,0.0,0.0,0.0,0,0,0,0.0,0.0,0.0,0,0,0,0,0,0.0,0,16454,0,0,0.0,0.0,2026-04-11,2026-10-09,2026-04-11 全周期,0.0,ronnieny87,0
rootsnruckus,0.0,0.0,0.0,0.0,0,0,0,0.0,0.0,0.0,0,0,0,0,0,0.0,1,0,0,0,0.0,0.0,2026-04-11,2026-10-09,2026-04-11 全周期,0.0,rootsnruckus,0
rosa.ariv,0.0,0.0,0.0,0.0,0,0,0,0.0,0.0,0.0,0,0,0,0,0,0.0,13,32732,0,0,0.0,0.0,2026-04-11,2026-10-09,2026-04-11 全周期,0.0,rosa.ariv,0
rosetriesit,0.0,0.0,0.0,0.0,0,0,0,0.0,0.0,0.0,0,0,0,0,0,0.0,1,896,0,0,0.0,0.0,2026-04-11,2026-10-09,2026-04-11 全周期,0.0,rosetriesit,0
rosevettedfinds,0.0,0.0,0.0,0.0,0,0,0,0.0,0.0,0.0,1,0,1,1,1,0.0,79,0,0,0,0.0,0.0,2026-04-11,2026-10-09,2026-04-11 全周期,5.0,rosevettedfinds,1
rosiegg94,0.0,0.0,0.0,0.0,0,0,0,0.0,0.0,0.0,0,1,1,1,1,0.013600000000000001,368,4575,0,0,0.0,0.0,2026-04-11,2026-10-09,2026-04-11 全周期,5.0,rosiegg94,1
rossyglams,0.0,0.0,0.0,0.0,0,0,0,0.0,0.0,0.0,0,1,1,1,1,0.0169,355,1059066,0,0,0.0,0.0,2026-04-11,2026-10-09,2026-04-11 全周期,5.0,rossyglams,1
rossymara0706,0.0,0.0,0.0,0.0,0,0,0,0.0,0.0,0.0,0,0,0,0,0,0.0,0,0,0,0,0.0,0.0,2026-04-11,2026-10-09,2026-04-11 全周期,0.0,rossymara0706,0
rowanstarfall,0.0,0.0,0.0,0.0,0,0,0,0.0,0.0,0.0,0,0,0,1,0,0.0,2,0,0,0,0.0,0.0,2026-04-11,2026-10-09,2026-04-11 全周期,5.0,rowanstarfall,0
rowdyroguefarms,0.0,0.0,0.0,0.0,0,0,0,0.0,0.0,0.0,0,0,0,0,0,0.0,2,2164,0,0,0.0,0.0,2026-04-11,2026-10-09,2026-04-11 全周期,0.0,rowdyroguefarms,0
rowengaymz05,0.0,0.0,0.0,0.0,0,0,0,0.0,0.0,0.0,0,0,0,1,0,0.0,0,5159,0,0,0.0,0.0,2026-04-11,2026-10-09,2026-04-11 全周期,5.0,rowengaymz05,0
roxannakemppainen,0.0,0.0,0.0,0.0,0,0,0,0.0,0.0,0.0,0,0,0,1,0,0.0,8,0,0,0,0.0,0.0,2026-04-11,2026-10-09,2026-04-11 全周期,5.0,roxannakemppainen,0
roxanne_marie,0.0,0.0,0.0,0.0,0,0,0,0.0,0.0,0.0,0,2,2,2,1,0.0014000000000000002,740,78390,0,0,0.0,0.0,2026-04-11,2026-10-09,2026-04-11 全周期,10.0,roxanne_marie,2
royaltooriches,0.0,0.0,0.0,0.0,0,0,0,0.0,0.0,0.0,0,0,0,1,0,0.0,13,0,0,0,0.0,0.0,2026-04-11,2026-10-09,2026-04-11 全周期,5.0,royaltooriches,0
royercampos3,0.0,0.0,0.0,0.0,0,0,0,0.0,0.0,0.0,0,0,0,0,0,0.0,3,121358,0,0,0.0,0.0,2026-04-11,2026-10-09,2026-04-11 全周期,0.0,royercampos3,0
rubyandsalem,0.0,0.0,0.0,0.0,0,0,0,0.0,0.0,0.0,0,0,0,0,0,0.0,2,6,0,0,0.0,0.0,2026-04-11,2026-10-09,2026-04-11 全周期,0.0,rubyandsalem,0
rubybuy_,0.0,0.0,0.0,0.0,0,0,0,0.0,0.0,0.0,0,1,0,0,1,0.0059,341,4826,0,0,0.0,0.0,2026-04-11,2026-10-09,2026-04-11 全周期,0.0,rubybuy_,1
rubyrubes38,0.0,0.0,0.0,0.0,0,0,0,0.0,0.0,0.0,0,0,0,0,0,0.625,8,57540,0,0,0.0,0.0,2026-04-11,2026-10-09,2026-04-11 全周期,0.0,rubyrubes38,0
rudy.rudolph.the,0.0,0.0,0.0,0.0,0,0,0,0.0,0.0,0.0,0,1,0,1,1,0.0,24,24,0,0,0.0,0.0,2026-04-11,2026-10-09,2026-04-11 全周期,5.0,rudy.rudolph.the,1
ruinedbydarkromance,0.0,0.0,0.0,0.0,0,0,0,0.0,0.0,0.0,0,1,0,0,1,0.1429,21,3554,0,0,0.0,0.0,2026-04-11,2026-10-09,2026-04-11 全周期,0.0,ruinedbydarkromance,1
rune_the_goon,0.0,0.0,0.0,0.0,0,0,0,0.0,0.0,0.0,0,7,5,2,1,0.010700000000000001,2058,4085,0,0,0.0,0.0,2026-04-11,2026-10-09,2026-04-11 全周期,10.0,rune_the_goon,7
s.evanjelina,0.0,0.0,0.0,0.0,0,0,0,0.0,0.0,0.0,0,0,0,0,0,0.0,0,0,0,0,0.0,0.0,2026-04-11,2026-10-09,2026-04-11 全周期,0.0,s.evanjelina,0
s.s.training,0.0,0.0,0.0,0.0,0,0,0,0.0,0.0,0.0,0,0,0,0,0,0.047599999999999996,21,82558,0,0,0.0,0.0,2026-04-11,2026-10-09,2026-04-11 全周期,0.0,s.s.training,0
saban.the.shepard,0.0,0.0,0.0,0.0,0,0,0,0.0,0.0,0.0,0,0,0,0,0,0.07139999999999999,14,91281,0,0,0.0,0.0,2026-04-11,2026-10-09,2026-04-11 全周期,0.0,saban.the.shepard,0
sabrina_honir,0.0,0.0,0.0,0.0,0,0,0,0.0,0.0,0.0,0,0,0,0,0,0.0,0,0,0,0,0.0,0.0,2026-04-11,2026-10-09,2026-04-11 全周期,0.0,sabrina_honir,0
sadiecavapup,0.0,0.0,0.0,0.0,0,0,0,0.0,0.0,0.0,0,2,1,1,1,0.0179,559,1015,0,0,0.0,0.0,2026-04-11,2026-10-09,2026-04-11 全周期,5.0,sadiecavapup,2
salma_vnr,135.99,0.0,135.99,0.0,1,1,0,135.99,0.0,0.0039000000000000003,0,1,1,1,1,0.0155,16478,686309,1,0,0.0,0.0,2026-04-11,2026-10-09,2026-04-11 全周期,5.0,salma_vnr,1
sama.nasrati,0.0,0.0,0.0,0.0,0,0,0,0.0,0.0,0.0,0,0,0,0,0,0.0,4,215,0,0,0.0,0.0,2026-04-11,2026-10-09,2026-04-11 全周期,0.0,sama.nasrati,0
samantha_tibbs,0.0,0.0,0.0,0.0,0,0,0,0.0,0.0,0.0,0,0,0,0,0,0.0,28,6866,0,0,0.0,0.0,2026-04-11,2026-10-09,2026-04-11 全周期,0.0,samantha_tibbs,0
samanthakayde,0.0,0.0,0.0,0.0,0,0,0,0.0,0.0,0.0,1,1,1,1,1,0.031400000000000004,861,180007,0,0,0.0,0.0,2026-04-11,2026-10-09,2026-04-11 全周期,5.0,samanthakayde,2
samanthaw488,0.0,0.0,0.0,0.0,0,0,0,0.0,0.0,0.0,0,0,0,0,0,0.0,3,9940,0,0,0.0,0.0,2026-04-11,2026-10-09,2026-04-11 全周期,0.0,samanthaw488,0
samgnugget,0.0,0.0,0.0,0.0,0,0,0,0.0,0.0,0.0,0,0,0,0,0,0.0,0,1987,0,0,0.0,0.0,2026-04-11,2026-10-09,2026-04-11 全周期,0.0,samgnugget,0
samitdamnit,0.0,0.0,0.0,0.0,0,0,0,0.0,0.0,0.0,0,1,1,1,1,0.006,168,157,0,0,0.0,0.0,2026-04-11,2026-10-09,2026-04-11 全周期,5.0,samitdamnit,1
samsfindz,0.0,0.0,0.0,0.0,0,0,0,0.0,0.0,0.0,0,0,0,0,0,0.0,1,144106,0,0,0.0,0.0,2026-04-11,2026-10-09,2026-04-11 全周期,0.0,samsfindz,0
sand.money,0.0,0.0,0.0,0.0,0,0,0,0.0,0.0,0.0,0,1,1,1,1,0.0146,684,205341,0,0,0.0,0.0,2026-04-11,2026-10-09,2026-04-11 全周期,5.0,sand.money,1
sandy_gardner,0.0,0.0,0.0,0.0,0,0,0,0.0,0.0,0.0,0,1,1,1,1,0.0,335,325,0,0,0.0,0.0,2026-04-11,2026-10-09,2026-04-11 全周期,5.0,sandy_gardner,1
sandycheeksdailyfinds,0.0,0.0,0.0,0.0,0,0,0,0.0,0.0,0.0,0,0,0,0,0,0.0,1,0,0,0,0.0,0.0,2026-04-11,2026-10-09,2026-04-11 全周期,0.0,sandycheeksdailyfinds,0
sara.besse01,0.0,0.0,0.0,0.0,0,0,0,0.0,0.0,0.0,0,1,1,1,1,0.0336,238,247,0,0,0.0,0.0,2026-04-11,2026-10-09,2026-04-11 全周期,5.0,sara.besse01,1
sara.wellness.warrior,0.0,0.0,0.0,0.0,0,0,0,0.0,0.0,0.0,2,0,2,2,2,0.030299999999999997,66,0,0,0,0.0,0.0,2026-04-11,2026-10-09,2026-04-11 全周期,10.0,sara.wellness.warrior,2
sarah.cali25,0.0,0.0,0.0,0.0,0,0,0,0.0,0.0,0.0,0,0,0,0,0,0.0,3,0,0,0,0.0,0.0,2026-04-11,2026-10-09,2026-04-11 全周期,0.0,sarah.cali25,0
sarah_ziko_josh,0.0,0.0,0.0,0.0,0,0,0,0.0,0.0,0.0,0,0,0,1,0,0.0,10,0,0,0,0.0,0.0,2026-04-11,2026-10-09,2026-04-11 全周期,5.0,sarah_ziko_josh,0
sarahmarieoc,0.0,0.0,0.0,0.0,0,0,0,0.0,0.0,0.0,0,0,0,1,0,0.0,2,0,0,0,0.0,0.0,2026-04-11,2026-10-09,2026-04-11 全周期,5.0,sarahmarieoc,0
sarahmiskam,0.0,0.0,0.0,0.0,0,0,0,0.0,0.0,0.0,0,2,2,2,1,0.0066,1212,1103,0,0,0.0,0.0,2026-04-11,2026-10-09,2026-04-11 全周期,10.0,sarahmiskam,2
saramck69,0.0,0.0,0.0,0.0,0,0,0,0.0,0.0,0.0,0,1,1,1,1,0.0165,303,54094,0,0,0.0,0.0,2026-04-11,2026-10-09,2026-04-11 全周期,5.0,saramck69,1
sasay.g,0.0,0.0,0.0,0.0,0,0,0,0.0,0.0,0.0,0,0,0,1,0,0.0,0,0,0,0,0.0,0.0,2026-04-11,2026-10-09,2026-04-11 全周期,5.0,sasay.g,0
sasha.staffy.pit,0.0,0.0,0.0,0.0,0,0,0,0.0,0.0,0.0,0,1,1,1,1,0.0,10,4374,0,0,0.0,0.0,2026-04-11,2026-10-09,2026-04-11 全周期,5.0,sasha.staffy.pit,1
sassymimi2476,0.0,0.0,0.0,0.0,0,0,0,0.0,0.0,0.0,0,0,0,0,0,0.0,7,0,0,0,0.0,0.0,2026-04-11,2026-10-09,2026-04-11 全周期,0.0,sassymimi2476,0
savagejeffrey,0.0,0.0,0.0,0.0,0,0,0,0.0,0.0,0.0,0,0,0,1,0,0.0,0,21967,0,0,0.0,0.0,2026-04-11,2026-10-09,2026-04-11 全周期,5.0,savagejeffrey,0
savannah_rosiee,0.0,0.0,0.0,0.0,0,0,0,0.0,0.0,0.0,0,0,0,0,0,0.0,0,378,0,0,0.0,0.0,2026-04-11,2026-10-09,2026-04-11 全周期,0.0,savannah_rosiee,0
sebalbeauty29,0.0,0.0,0.0,0.0,0,0,0,0.0,0.0,0.0,0,0,0,1,0,0.0,0,0,0,0,0.0,0.0,2026-04-11,2026-10-09,2026-04-11 全周期,5.0,sebalbeauty29,0
seraphinabeautyandhome,0.0,0.0,0.0,0.0,0,0,0,0.0,0.0,0.0,0,3,2,3,1,0.0045000000000000005,441,178847,0,0,0.0,0.0,2026-04-11,2026-10-09,2026-04-11 全周期,15.0,seraphinabeautyandhome,3
sewindivaj,0.0,0.0,0.0,0.0,0,0,0,0.0,0.0,0.0,0,0,0,0,0,0.0,3,10693,0,0,0.0,0.0,2026-04-11,2026-10-09,2026-04-11 全周期,0.0,sewindivaj,0
shadesofyuna,0.0,0.0,0.0,0.0,0,0,0,0.0,0.0,0.0,0,0,0,0,0,0.0,0,29,0,0,0.0,0.0,2026-04-11,2026-10-09,2026-04-11 全周期,0.0,shadesofyuna,0
shakesthadon,0.0,0.0,0.0,0.0,0,0,0,0.0,0.0,0.0,0,0,0,0,0,0.0,0,0,0,0,0.0,0.0,2026-04-11,2026-10-09,2026-04-11 全周期,0.0,shakesthadon,0
shandeeeezy,0.0,0.0,0.0,0.0,0,0,0,0.0,0.0,0.0,0,0,0,0,0,0.5,2,4567,0,0,0.0,0.0,2026-04-11,2026-10-09,2026-04-11 全周期,0.0,shandeeeezy,0
shannonasbury,0.0,0.0,0.0,0.0,0,0,0,0.0,0.0,0.0,0,1,1,1,1,0.044800000000000006,67,58,0,0,0.0,0.0,2026-04-11,2026-10-09,2026-04-11 全周期,5.0,shannonasbury,1
shannonmarieproch,0.0,0.0,0.0,0.0,0,0,0,0.0,0.0,0.0,0,0,0,0,0,0.0,0,466,0,0,0.0,0.0,2026-04-11,2026-10-09,2026-04-11 全周期,0.0,shannonmarieproch,0
sharon.jayy,0.0,0.0,0.0,0.0,0,0,0,0.0,0.0,0.0,1,0,1,1,1,0.0,28,0,0,0,0.0,0.0,2026-04-11,2026-10-09,2026-04-11 全周期,5.0,sharon.jayy,1
sharonmijares,0.0,0.0,0.0,0.0,0,0,0,0.0,0.0,0.0,1,0,0,1,1,0.0,12,0,0,0,0.0,0.0,2026-04-11,2026-10-09,2026-04-11 全周期,5.0,sharonmijares,1
shaydoll1,0.0,0.0,0.0,0.0,0,0,0,0.0,0.0,0.0,0,0,0,0,0,0.0,1,0,0,0,0.0,0.0,2026-04-11,2026-10-09,2026-04-11 全周期,0.0,shaydoll1,0
shelby_shelby0,0.0,0.0,0.0,0.0,0,0,0,0.0,0.0,0.0,0,0,0,0,0,0.0,4,2572,0,0,0.0,0.0,2026-04-11,2026-10-09,2026-04-11 全周期,0.0,shelby_shelby0,0
shelcographics,0.0,0.0,0.0,0.0,0,0,0,0.0,0.0,0.0,0,0,0,0,0,0.0,4,114310,0,0,0.0,0.0,2026-04-11,2026-10-09,2026-04-11 全周期,0.0,shelcographics,0
shelleysfosterkittens,0.0,0.0,0.0,0.0,0,0,0,0.0,0.0,0.0,0,0,0,0,0,0.0,0,981,0,0,0.0,0.0,2026-04-11,2026-10-09,2026-04-11 全周期,0.0,shelleysfosterkittens,0
shellzzsellzz,0.0,0.0,0.0,0.0,0,0,0,0.0,0.0,0.0,0,2,2,2,1,0.0079,762,700,0,0,0.0,0.0,2026-04-11,2026-10-09,2026-04-11 全周期,10.0,shellzzsellzz,2
shelyugc,0.0,0.0,0.0,0.0,0,0,0,0.0,0.0,0.0,0,0,0,0,0,0.0,1,0,0,0,0.0,0.0,2026-04-11,2026-10-09,2026-04-11 全周期,0.0,shelyugc,0
shinyquicknails,0.0,0.0,0.0,0.0,0,0,0,0.0,0.0,0.0,0,0,0,1,0,0.0,0,0,0,0,0.0,0.0,2026-04-11,2026-10-09,2026-04-11 全周期,5.0,shinyquicknails,0
shircar71,0.0,0.0,0.0,0.0,0,0,0,0.0,0.0,0.0,0,0,0,0,0,0.0,6,1101,0,0,0.0,0.0,2026-04-11,2026-10-09,2026-04-11 全周期,0.0,shircar71,0
shirleyl_pham,0.0,0.0,0.0,0.0,0,0,0,0.0,0.0,0.0,0,0,0,0,0,0.0,0,41,0,0,0.0,0.0,2026-04-11,2026-10-09,2026-04-11 全周期,0.0,shirleyl_pham,0
shoedad23,0.0,0.0,0.0,0.0,0,0,0,0.0,0.0,0.0,0,1,0,1,1,0.0,4,3,0,0,0.0,0.0,2026-04-11,2026-10-09,2026-04-11 全周期,5.0,shoedad23,1
shop.withleo,0.0,0.0,0.0,0.0,0,0,0,0.0,0.0,0.0,0,0,0,0,0,0.0,2,11367,0,0,0.0,0.0,2026-04-11,2026-10-09,2026-04-11 全周期,0.0,shop.withleo,0
shop_with_jadee,0.0,0.0,0.0,0.0,0,0,0,0.0,0.0,0.0,0,0,0,0,0,0.0,0,0,0,0,0.0,0.0,2026-04-11,2026-10-09,2026-04-11 全周期,0.0,shop_with_jadee,0
shopconluz,0.0,0.0,0.0,0.0,0,0,0,0.0,0.0,0.0,0,2,2,1,1,0.0046,877,825,0,0,0.0,0.0,2026-04-11,2026-10-09,2026-04-11 全周期,5.0,shopconluz,2
shopfinds4youuu,0.0,0.0,0.0,0.0,0,0,0,0.0,0.0,0.0,0,0,0,0,0,0.0,3,73746,0,0,0.0,0.0,2026-04-11,2026-10-09,2026-04-11 全周期,0.0,shopfinds4youuu,0
shopmichaelfirst,0.0,0.0,0.0,0.0,0,0,0,0.0,0.0,0.0,0,0,0,0,0,0.0,9,44078,0,0,0.0,0.0,2026-04-11,2026-10-09,2026-04-11 全周期,0.0,shopmichaelfirst,0
shoppin4ux2,0.0,0.0,0.0,0.0,0,0,0,0.0,0.0,0.0,1,0,1,1,1,0.0,9,0,0,0,0.0,0.0,2026-04-11,2026-10-09,2026-04-11 全周期,5.0,shoppin4ux2,1
shoppingwithchristina,0.0,0.0,0.0,0.0,0,0,0,0.0,0.0,0.0,0,2,2,1,1,0.0013,785,745,0,0,0.0,0.0,2026-04-11,2026-10-09,2026-04-11 全周期,5.0,shoppingwithchristina,2
shoppingwithsky,0.0,0.0,0.0,0.0,0,0,0,0.0,0.0,0.0,0,1,1,1,1,0.0183,219,211,0,0,0.0,0.0,2026-04-11,2026-10-09,2026-04-11 全周期,5.0,shoppingwithsky,1
shopthetokwithjess,0.0,0.0,0.0,0.0,0,0,0,0.0,0.0,0.0,0,3,2,2,2,0.0268,149,135,0,0,0.0,0.0,2026-04-11,2026-10-09,2026-04-11 全周期,10.0,shopthetokwithjess,3
shopwithchrissyy,0.0,0.0,0.0,0.0,0,0,0,0.0,0.0,0.0,0,0,0,0,0,0.0,2,7058,0,0,0.0,0.0,2026-04-11,2026-10-09,2026-04-11 全周期,0.0,shopwithchrissyy,0
shopwithmandi,0.0,0.0,0.0,0.0,0,0,0,0.0,0.0,0.0,0,0,0,0,0,0.0,1,4130,0,0,0.0,0.0,2026-04-11,2026-10-09,2026-04-11 全周期,0.0,shopwithmandi,0
shopwithsam.rn,0.0,0.0,0.0,0.0,0,0,0,0.0,0.0,0.0,0,1,1,1,1,0.0084,476,460,0,0,0.0,0.0,2026-04-11,2026-10-09,2026-04-11 全周期,5.0,shopwithsam.rn,1
shopwithshayla,0.0,0.0,0.0,0.0,0,0,0,0.0,0.0,0.0,0,1,1,1,1,0.0029,341,34254,0,0,0.0,0.0,2026-04-11,2026-10-09,2026-04-11 全周期,5.0,shopwithshayla,1
shopwithsissa,0.0,0.0,0.0,0.0,0,0,0,0.0,0.0,0.0,0,0,0,0,0,0.0,2,1169,0,0,0.0,0.0,2026-04-11,2026-10-09,2026-04-11 全周期,0.0,shopwithsissa,0
shopwithstefanie,0.0,0.0,0.0,0.0,0,0,0,0.0,0.0,0.0,0,0,0,1,0,0.0,0,0,0,0,0.0,0.0,2026-04-11,2026-10-09,2026-04-11 全周期,5.0,shopwithstefanie,0
shorkiebros,0.0,0.0,0.0,0.0,0,0,0,0.0,0.0,0.0,0,0,0,0,0,0.0435,23,51672,0,0,0.0,0.0,2026-04-11,2026-10-09,2026-04-11 全周期,0.0,shorkiebros,0
sianhomestead,0.0,0.0,0.0,0.0,0,0,0,0.0,0.0,0.0,0,0,0,0,0,0.0,0,29,0,0,0.0,0.0,2026-04-11,2026-10-09,2026-04-11 全周期,0.0,sianhomestead,0
silvanusthatal,0.0,0.0,0.0,0.0,0,0,0,0.0,0.0,0.0,0,0,0,0,0,0.0,6,283,0,0,0.0,0.0,2026-04-11,2026-10-09,2026-04-11 全周期,0.0,silvanusthatal,0
simply.more,0.0,0.0,0.0,0.0,0,0,0,0.0,0.0,0.0,0,0,0,0,0,0.0,5,397140,0,0,0.0,0.0,2026-04-11,2026-10-09,2026-04-11 全周期,0.0,simply.more,0
simplybyliv,0.0,0.0,0.0,0.0,0,0,0,0.0,0.0,0.0,0,1,1,1,1,0.0203,344,228835,0,0,0.0,0.0,2026-04-11,2026-10-09,2026-04-11 全周期,5.0,simplybyliv,1
simplynecessaryfinds,0.0,0.0,0.0,0.0,0,0,0,0.0,0.0,0.0,0,0,0,0,0,0.0,1,21,0,0,0.0,0.0,2026-04-11,2026-10-09,2026-04-11 全周期,0.0,simplynecessaryfinds,0
simplysavannahjo,0.0,0.0,0.0,0.0,0,0,0,0.0,0.0,0.0,0,1,1,1,1,0.0063,316,10979,0,0,0.0,0.0,2026-04-11,2026-10-09,2026-04-11 全周期,5.0,simplysavannahjo,1
simstitches,0.0,0.0,0.0,0.0,0,0,0,0.0,0.0,0.0,0,2,2,0,1,0.0060999999999999995,821,6424,0,0,0.0,0.0,2026-04-11,2026-10-09,2026-04-11 全周期,0.0,simstitches,2
sinay_home,0.0,0.0,0.0,0.0,0,0,0,0.0,0.0,0.0,2,1,3,1,1,0.05,60,26569,0,0,0.0,0.0,2026-04-11,2026-10-09,2026-04-11 全周期,5.0,sinay_home,3
sincerelysaraht,0.0,0.0,0.0,0.0,0,0,0,0.0,0.0,0.0,0,0,0,0,0,0.0,2,0,0,0,0.0,0.0,2026-04-11,2026-10-09,2026-04-11 全周期,0.0,sincerelysaraht,0
sirnickscats,0.0,0.0,0.0,0.0,0,0,0,0.0,0.0,0.0,1,0,0,0,1,0.0,2,161,0,0,0.0,0.0,2026-04-11,2026-10-09,2026-04-11 全周期,0.0,sirnickscats,1
sissy150388,0.0,0.0,0.0,0.0,0,0,0,0.0,0.0,0.0,0,2,2,2,1,0.0079,1007,24997,0,0,0.0,0.0,2026-04-11,2026-10-09,2026-04-11 全周期,10.0,sissy150388,2
sissypooh_03,0.0,0.0,0.0,0.0,0,0,0,0.0,0.0,0.0,0,0,0,1,0,0.0,0,0,0,0,0.0,0.0,2026-04-11,2026-10-09,2026-04-11 全周期,5.0,sissypooh_03,0
sitwithwhit,0.0,0.0,0.0,0.0,0,0,0,0.0,0.0,0.0,0,1,0,0,1,0.008199999999999999,365,7346,0,0,0.0,0.0,2026-04-11,2026-10-09,2026-04-11 全周期,0.0,sitwithwhit,1
skcswc,0.0,0.0,0.0,0.0,0,0,0,0.0,0.0,0.0,0,0,0,0,0,0.0,8,0,0,0,0.0,0.0,2026-04-11,2026-10-09,2026-04-11 全周期,0.0,skcswc,0
skylerjay6,0.0,0.0,0.0,0.0,0,0,0,0.0,0.0,0.0,0,0,0,0,0,0.0,1,456,0,0,0.0,0.0,2026-04-11,2026-10-09,2026-04-11 全周期,0.0,skylerjay6,0
sleepy.fox.farms,0.0,0.0,0.0,0.0,0,0,0,0.0,0.0,0.0,0,0,0,1,0,0.0,1,0,0,0,0.0,0.0,2026-04-11,2026-10-09,2026-04-11 全周期,5.0,sleepy.fox.farms,0
smudgie83,0.0,0.0,0.0,0.0,0,0,0,0.0,0.0,0.0,0,0,0,1,0,0.0,1,0,0,0,0.0,0.0,2026-04-11,2026-10-09,2026-04-11 全周期,5.0,smudgie83,0
snackthief_andshadow,0.0,0.0,0.0,0.0,0,0,0,0.0,0.0,0.0,0,0,0,1,0,0.0,0,0,0,0,0.0,0.0,2026-04-11,2026-10-09,2026-04-11 全周期,5.0,snackthief_andshadow,0
snowinthesouth,0.0,0.0,0.0,0.0,0,0,0,0.0,0.0,0.0,0,1,1,1,1,0.0077,390,354,0,0,0.0,0.0,2026-04-11,2026-10-09,2026-04-11 全周期,5.0,snowinthesouth,1
snowy6214,0.0,0.0,0.0,0.0,0,0,0,0.0,0.0,0.0,0,0,0,0,0,0.3333,3,3967,0,0,0.0,0.0,2026-04-11,2026-10-09,2026-04-11 全周期,0.0,snowy6214,0
snugglytales,0.0,0.0,0.0,0.0,0,0,0,0.0,0.0,0.0,0,0,0,0,0,0.0,1,0,0,0,0.0,0.0,2026-04-11,2026-10-09,2026-04-11 全周期,0.0,snugglytales,0
soberwithjean,0.0,0.0,0.0,0.0,0,0,0,0.0,0.0,0.0,0,0,0,1,1,0.0,1,5964,0,0,0.0,0.0,2026-04-11,2026-10-09,2026-04-11 全周期,5.0,soberwithjean,0
somochifluff,0.0,0.0,0.0,0.0,0,0,0,0.0,0.0,0.0,0,1,0,0,1,0.0095,422,404,0,0,0.0,0.0,2026-04-11,2026-10-09,2026-04-11 全周期,0.0,somochifluff,1
sortaspookymom,0.0,0.0,0.0,0.0,0,0,0,0.0,0.0,0.0,0,0,0,0,0,0.0213,94,448146,0,0,0.0,0.0,2026-04-11,2026-10-09,2026-04-11 全周期,0.0,sortaspookymom,0
sortofawesome,0.0,0.0,0.0,0.0,0,0,0,0.0,0.0,0.0,0,2,3,2,1,0.0203,787,6984,0,0,0.0,0.0,2026-04-11,2026-10-09,2026-04-11 全周期,10.0,sortofawesome,2
southern_b_f_frenchies,0.0,0.0,0.0,0.0,0,0,0,0.0,0.0,0.0,0,0,0,0,0,0.0,1,0,0,0,0.0,0.0,2026-04-11,2026-10-09,2026-04-11 全周期,0.0,southern_b_f_frenchies,0
southernsandysoles,0.0,0.0,0.0,0.0,0,0,0,0.0,0.0,0.0,0,0,0,0,0,1.0,9,8064,0,0,0.0,0.0,2026-04-11,2026-10-09,2026-04-11 全周期,0.0,southernsandysoles,0
southerntiktokmama,0.0,0.0,0.0,0.0,0,0,0,0.0,0.0,0.0,0,1,1,1,1,0.0182,329,293,0,0,0.0,0.0,2026-04-11,2026-10-09,2026-04-11 全周期,5.0,southerntiktokmama,1
soyamy.diaz,0.0,0.0,0.0,0.0,0,0,0,0.0,0.0,0.0,0,1,1,1,1,0.0271,1108,1224,0,0,0.0,0.0,2026-04-11,2026-10-09,2026-04-11 全周期,5.0,soyamy.diaz,1
soydycf,0.0,0.0,0.0,0.0,0,0,0,0.0,0.0,0.0,0,1,1,1,1,0.018000000000000002,222,208,0,0,0.0,0.0,2026-04-11,2026-10-09,2026-04-11 全周期,5.0,soydycf,1
spags.21,0.0,0.0,0.0,0.0,0,0,0,0.0,0.0,0.0,5,4,1,1,1,0.014199999999999999,2117,122724,0,0,0.0,0.0,2026-04-11,2026-10-09,2026-04-11 全周期,5.0,spags.21,9
spectrum_mamaa,0.0,0.0,0.0,0.0,0,0,0,0.0,0.0,0.0,0,0,0,0,0,0.0,8,1163181,0,0,0.0,0.0,2026-04-11,2026-10-09,2026-04-11 全周期,0.0,spectrum_mamaa,0
spiffedwithtiff,0.0,0.0,0.0,0.0,0,0,0,0.0,0.0,0.0,0,1,1,1,1,0.0,100,85,0,0,0.0,0.0,2026-04-11,2026-10-09,2026-04-11 全周期,5.0,spiffedwithtiff,1
spookystories_bymichelle,0.0,0.0,0.0,0.0,0,0,0,0.0,0.0,0.0,0,0,0,0,0,0.6667000000000001,3,3237,0,0,0.0,0.0,2026-04-11,2026-10-09,2026-04-11 全周期,0.0,spookystories_bymichelle,0
sqke34,0.0,0.0,0.0,0.0,0,0,0,0.0,0.0,0.0,0,2,2,1,1,0.0031,321,23268,0,0,0.0,0.0,2026-04-11,2026-10-09,2026-04-11 全周期,5.0,sqke34,2
srulz4real,0.0,0.0,0.0,0.0,0,0,0,0.0,0.0,0.0,0,0,0,0,0,0.0,1,0,0,0,0.0,0.0,2026-04-11,2026-10-09,2026-04-11 全周期,0.0,srulz4real,0
st3viej0,0.0,0.0,0.0,0.0,0,0,0,0.0,0.0,0.0,0,0,0,0,0,0.0,2,20792,0,0,0.0,0.0,2026-04-11,2026-10-09,2026-04-11 全周期,0.0,st3viej0,0
staceymakes,0.0,0.0,0.0,0.0,0,0,0,0.0,0.0,0.0,0,2,1,1,1,0.0,507,48362,0,0,0.0,0.0,2026-04-11,2026-10-09,2026-04-11 全周期,5.0,staceymakes,2
stacy_livehost,0.0,0.0,0.0,0.0,0,0,0,0.0,0.0,0.0,0,3,3,1,1,0.005699999999999999,1392,1315,0,0,0.0,0.0,2026-04-11,2026-10-09,2026-04-11 全周期,5.0,stacy_livehost,3
stanley.the.cavap,0.0,0.0,0.0,0.0,0,0,0,0.0,0.0,0.0,0,0,0,0,0,0.0,0,0,0,0,0.0,0.0,2026-04-11,2026-10-09,2026-04-11 全周期,0.0,stanley.the.cavap,0
starlacamp3,0.0,0.0,0.0,0.0,0,0,0,0.0,0.0,0.0,0,0,0,0,0,0.0,8,0,0,0,0.0,0.0,2026-04-11,2026-10-09,2026-04-11 全周期,0.0,starlacamp3,0
starseedlolomusic,0.0,0.0,0.0,0.0,0,0,0,0.0,0.0,0.0,0,0,0,0,0,0.0,10,0,0,0,0.0,0.0,2026-04-11,2026-10-09,2026-04-11 全周期,0.0,starseedlolomusic,0
steephanieeraee,0.0,0.0,0.0,0.0,0,0,0,0.0,0.0,0.0,0,0,0,1,0,0.0,11,15376,0,0,0.0,0.0,2026-04-11,2026-10-09,2026-04-11 全周期,5.0,steephanieeraee,0
steinysells,0.0,0.0,0.0,0.0,0,0,0,0.0,0.0,0.0,0,1,1,1,1,0.0,112,103,0,0,0.0,0.0,2026-04-11,2026-10-09,2026-04-11 全周期,5.0,steinysells,1
stephaniebighamwriter,0.0,0.0,0.0,0.0,0,0,0,0.0,0.0,0.0,0,1,1,1,1,0.009000000000000001,556,498,0,0,0.0,0.0,2026-04-11,2026-10-09,2026-04-11 全周期,5.0,stephaniebighamwriter,1
stephaniekelleyxo,0.0,0.0,0.0,0.0,0,0,0,0.0,0.0,0.0,0,0,0,1,0,0.0,28,3188,0,0,0.0,0.0,2026-04-11,2026-10-09,2026-04-11 全周期,5.0,stephaniekelleyxo,0
stephanieredmond028,0.0,0.0,0.0,0.0,0,0,0,0.0,0.0,0.0,0,0,0,0,0,0.0,3,793,0,0,0.0,0.0,2026-04-11,2026-10-09,2026-04-11 全周期,0.0,stephanieredmond028,0
stephaniereyex,0.0,0.0,0.0,0.0,0,0,0,0.0,0.0,0.0,0,0,0,0,0,0.0154,195,308371,0,0,0.0,0.0,2026-04-11,2026-10-09,2026-04-11 全周期,0.0,stephaniereyex,0
stephosseili,0.0,0.0,0.0,0.0,0,0,0,0.0,0.0,0.0,0,0,0,0,0,0.5,2,3531,0,0,0.0,0.0,2026-04-11,2026-10-09,2026-04-11 全周期,0.0,stephosseili,0
stephshow1111,0.0,0.0,0.0,0.0,0,0,0,0.0,0.0,0.0,0,0,0,1,0,0.0,0,0,0,0,0.0,0.0,2026-04-11,2026-10-09,2026-04-11 全周期,5.0,stephshow1111,0
stonhillhandyman,0.0,0.0,0.0,0.0,0,0,0,0.0,0.0,0.0,0,0,0,0,0,0.0,2,89,0,0,0.0,0.0,2026-04-11,2026-10-09,2026-04-11 全周期,0.0,stonhillhandyman,0
stormyfeibs,0.0,0.0,0.0,0.0,0,0,0,0.0,0.0,0.0,0,0,0,0,0,0.0,2,0,0,0,0.0,0.0,2026-04-11,2026-10-09,2026-04-11 全周期,0.0,stormyfeibs,0
strom.diy,0.0,0.0,0.0,0.0,0,0,0,0.0,0.0,0.0,0,3,3,1,1,0.0163,1041,972,0,0,0.0,0.0,2026-04-11,2026-10-09,2026-04-11 全周期,5.0,strom.diy,3
studiobeauty.nailclau,0.0,0.0,0.0,0.0,0,0,0,0.0,0.0,0.0,0,1,1,1,1,0.0395,380,16573,0,0,0.0,0.0,2026-04-11,2026-10-09,2026-04-11 全周期,5.0,studiobeauty.nailclau,1
subparprofessional,0.0,0.0,0.0,0.0,0,0,0,0.0,0.0,0.0,0,0,0,0,0,0.0894,984,2161893,0,0,0.0,0.0,2026-04-11,2026-10-09,2026-04-11 全周期,0.0,subparprofessional,0
sullysmama,0.0,0.0,0.0,0.0,0,0,0,0.0,0.0,0.0,0,1,0,0,1,0.003,329,1260,0,0,0.0,0.0,2026-04-11,2026-10-09,2026-04-11 全周期,0.0,sullysmama,1
sundarisocialhaus,0.0,0.0,0.0,0.0,0,0,0,0.0,0.0,0.0,0,0,0,1,0,0.0,0,0,0,0,0.0,0.0,2026-04-11,2026-10-09,2026-04-11 全周期,5.0,sundarisocialhaus,0
sunnie.marie017,0.0,0.0,0.0,0.0,0,0,0,0.0,0.0,0.0,0,0,0,0,0,0.0,2,51052,0,0,0.0,0.0,2026-04-11,2026-10-09,2026-04-11 全周期,0.0,sunnie.marie017,0
sunnisky1,0.0,0.0,0.0,0.0,0,0,0,0.0,0.0,0.0,0,0,0,1,0,0.0,0,3150,0,0,0.0,0.0,2026-04-11,2026-10-09,2026-04-11 全周期,5.0,sunnisky1,0
sunofthevalleylandscape,0.0,0.0,0.0,0.0,0,0,0,0.0,0.0,0.0,0,0,0,0,0,0.5,2,1435,0,0,0.0,0.0,2026-04-11,2026-10-09,2026-04-11 全周期,0.0,sunofthevalleylandscape,0
sunshine__steph,0.0,0.0,0.0,0.0,0,0,0,0.0,0.0,0.0,0,0,0,0,0,0.0,0,0,0,0,0.0,0.0,2026-04-11,2026-10-09,2026-04-11 全周期,0.0,sunshine__steph,0
super_nova20,0.0,0.0,0.0,0.0,0,0,0,0.0,0.0,0.0,0,1,0,1,1,0.1176,34,25,0,0,0.0,0.0,2026-04-11,2026-10-09,2026-04-11 全周期,5.0,super_nova20,1
susansartisanbreadhouse,0.0,0.0,0.0,0.0,0,0,0,0.0,0.0,0.0,1,2,2,1,1,0.015300000000000001,851,807,0,0,0.0,0.0,2026-04-11,2026-10-09,2026-04-11 全周期,5.0,susansartisanbreadhouse,3
suziqr00,0.0,0.0,0.0,0.0,0,0,0,0.0,0.0,0.0,0,0,0,0,0,0.0,4,0,0,0,0.0,0.0,2026-04-11,2026-10-09,2026-04-11 全周期,0.0,suziqr00,0
sway1371,0.0,0.0,0.0,0.0,0,0,0,0.0,0.0,0.0,0,1,0,3,1,0.0194,258,245,0,0,0.0,0.0,2026-04-11,2026-10-09,2026-04-11 全周期,15.0,sway1371,1
sweetg334903,0.0,0.0,0.0,0.0,0,0,0,0.0,0.0,0.0,0,0,0,1,0,0.0,0,0,0,0,0.0,0.0,2026-04-11,2026-10-09,2026-04-11 全周期,5.0,sweetg334903,0
sweetpeaz86,0.0,0.0,0.0,0.0,0,0,0,0.0,0.0,0.0,0,2,0,2,1,0.1923,26,23,0,0,0.0,0.0,2026-04-11,2026-10-09,2026-04-11 全周期,10.0,sweetpeaz86,2
sweetpotatofries520,0.0,0.0,0.0,0.0,0,0,0,0.0,0.0,0.0,0,0,0,0,0,0.0,2,10828,0,0,0.0,0.0,2026-04-11,2026-10-09,2026-04-11 全周期,0.0,sweetpotatofries520,0
sweetsunshine0623,0.0,0.0,0.0,0.0,0,0,0,0.0,0.0,0.0,0,0,0,0,0,0.0,2,10037,0,0,0.0,0.0,2026-04-11,2026-10-09,2026-04-11 全周期,0.0,sweetsunshine0623,0
sweettealiving,0.0,0.0,0.0,0.0,0,0,0,0.0,0.0,0.0,0,0,0,0,0,0.0,4,22308,0,0,0.0,0.0,2026-04-11,2026-10-09,2026-04-11 全周期,0.0,sweettealiving,0
sxrahferg,0.0,0.0,0.0,0.0,0,0,0,0.0,0.0,0.0,0,0,0,0,0,0.0,11,697982,0,0,0.0,0.0,2026-04-11,2026-10-09,2026-04-11 全周期,0.0,sxrahferg,0
sydneypaigesway,0.0,0.0,0.0,0.0,0,0,0,0.0,0.0,0.0,0,0,0,0,0,0.3333,3,3,0,0,0.0,0.0,2026-04-11,2026-10-09,2026-04-11 全周期,0.0,sydneypaigesway,0
sylvie.goose.jersey,0.0,0.0,0.0,0.0,0,0,0,0.0,0.0,0.0,0,1,2,1,1,0.004,250,236,0,0,0.0,0.0,2026-04-11,2026-10-09,2026-04-11 全周期,5.0,sylvie.goose.jersey,1
synthkage,0.0,0.0,0.0,0.0,0,0,0,0.0,0.0,0.0,0,0,0,0,0,0.0,2,0,0,0,0.0,0.0,2026-04-11,2026-10-09,2026-04-11 全周期,0.0,synthkage,0
syrupppp,0.0,0.0,0.0,0.0,0,0,0,0.0,0.0,0.0,0,2,0,0,1,0.0068000000000000005,441,426,0,0,0.0,0.0,2026-04-11,2026-10-09,2026-04-11 全周期,0.0,syrupppp,2
sytinenia.p,0.0,0.0,0.0,0.0,0,0,0,0.0,0.0,0.0,0,1,1,1,1,0.0029,339,106136,0,0,0.0,0.0,2026-04-11,2026-10-09,2026-04-11 全周期,5.0,sytinenia.p,1
t.christileb,0.0,0.0,0.0,0.0,0,0,0,0.0,0.0,0.0,0,0,0,0,0,0.0,2,1172,0,0,0.0,0.0,2026-04-11,2026-10-09,2026-04-11 全周期,0.0,t.christileb,0
tabbyandtuxedocat,165.97,0.0,165.97,0.0,3,3,0,55.32333333333333,0.0,0.012,0,5,1,1,1,0.0218,11494,196379,3,1,15.39,0.0,2026-04-11,2026-10-09,2026-04-11 全周期,5.0,tabbyandtuxedocat,5
tacticaltxdad,0.0,0.0,0.0,0.0,0,0,0,0.0,0.0,0.0,0,1,1,1,1,0.008100000000000001,493,561484,0,0,0.0,0.0,2026-04-11,2026-10-09,2026-04-11 全周期,5.0,tacticaltxdad,1
tadhanatalaga,0.0,0.0,0.0,0.0,0,0,0,0.0,0.0,0.0,0,0,0,0,0,0.0,0,0,0,0,0.0,0.0,2026-04-11,2026-10-09,2026-04-11 全周期,0.0,tadhanatalaga,0
tailtrendz2025,0.0,0.0,0.0,0.0,0,0,0,0.0,0.0,0.0,2,4,4,1,1,0.0101,794,44592,0,0,0.0,0.0,2026-04-11,2026-10-09,2026-04-11 全周期,5.0,tailtrendz2025,6
tamisweeten,0.0,0.0,0.0,0.0,0,0,0,0.0,0.0,0.0,0,2,2,2,1,0.0197,558,547,0,0,0.0,0.0,2026-04-11,2026-10-09,2026-04-11 全周期,10.0,tamisweeten,2
tammygibbsspecht,0.0,0.0,0.0,0.0,0,0,0,0.0,0.0,0.0,0,0,0,1,0,0.0,8,0,0,0,0.0,0.0,2026-04-11,2026-10-09,2026-04-11 全周期,5.0,tammygibbsspecht,0
taniyatniya,0.0,0.0,0.0,0.0,0,0,0,0.0,0.0,0.0,0,0,0,1,0,0.0,0,0,0,0,0.0,0.0,2026-04-11,2026-10-09,2026-04-11 全周期,5.0,taniyatniya,0
tannerthetiktokcat,0.0,0.0,0.0,0.0,0,0,0,0.0,0.0,0.0,0,0,0,0,0,0.0,1,0,0,0,0.0,0.0,2026-04-11,2026-10-09,2026-04-11 全周期,0.0,tannerthetiktokcat,0
tapestryoftails,0.0,0.0,0.0,0.0,0,0,0,0.0,0.0,0.0,0,0,0,0,0,0.0,0,2144,0,0,0.0,0.0,2026-04-11,2026-10-09,2026-04-11 全周期,0.0,tapestryoftails,0
tarynoberle,0.0,0.0,0.0,0.0,0,0,0,0.0,0.0,0.0,0,0,0,1,0,0.0,2,0,0,0,0.0,0.0,2026-04-11,2026-10-09,2026-04-11 全周期,5.0,tarynoberle,0
tasha_renee81,0.0,0.0,0.0,0.0,0,0,0,0.0,0.0,0.0,0,0,0,0,0,0.0,4,21737,0,0,0.0,0.0,2026-04-11,2026-10-09,2026-04-11 全周期,0.0,tasha_renee81,0
tastemyunicornsprinkles,0.0,0.0,0.0,0.0,0,0,0,0.0,0.0,0.0,0,2,2,2,1,0.0074,135,366067,0,0,0.0,0.0,2026-04-11,2026-10-09,2026-04-11 全周期,10.0,tastemyunicornsprinkles,2
tatiyanashambriel,0.0,0.0,0.0,0.0,0,0,0,0.0,0.0,0.0,0,0,0,0,0,0.0,1,542,0,0,0.0,0.0,2026-04-11,2026-10-09,2026-04-11 全周期,0.0,tatiyanashambriel,0
taybur0x,0.0,0.0,0.0,0.0,0,0,0,0.0,0.0,0.0,0,0,0,0,0,0.0,2,13927,0,0,0.0,0.0,2026-04-11,2026-10-09,2026-04-11 全周期,0.0,taybur0x,0
taylerfoundit,0.0,0.0,0.0,0.0,0,0,0,0.0,0.0,0.0,0,1,1,1,1,0.013000000000000001,462,415,0,0,0.0,0.0,2026-04-11,2026-10-09,2026-04-11 全周期,5.0,taylerfoundit,1
taymara.vazquez.r,0.0,0.0,0.0,0.0,0,0,0,0.0,0.0,0.0,0,2,2,1,1,0.0455,44,48,0,0,0.0,0.0,2026-04-11,2026-10-09,2026-04-11 全周期,5.0,taymara.vazquez.r,2
tbtba.roh,0.0,0.0,0.0,0.0,0,0,0,0.0,0.0,0.0,0,0,0,0,0,0.0,0,0,0,0,0.0,0.0,2026-04-11,2026-10-09,2026-04-11 全周期,0.0,tbtba.roh,0
tbvywegtw,0.0,0.0,0.0,0.0,0,0,0,0.0,0.0,0.0,0,1,1,1,1,0.0297,337,3919,0,0,0.0,0.0,2026-04-11,2026-10-09,2026-04-11 全周期,5.0,tbvywegtw,1
teacher_tori_70,0.0,0.0,0.0,0.0,0,0,0,0.0,0.0,0.0,0,2,0,0,1,0.0862,58,519,0,0,0.0,0.0,2026-04-11,2026-10-09,2026-04-11 全周期,0.0,teacher_tori_70,2
teamdailydealz,0.0,0.0,0.0,0.0,0,0,0,0.0,0.0,0.0,0,0,0,0,0,0.0,1,10339,0,0,0.0,0.0,2026-04-11,2026-10-09,2026-04-11 全周期,0.0,teamdailydealz,0
techwrestlingmama,0.0,0.0,0.0,0.0,0,0,0,0.0,0.0,0.0,0,1,0,1,1,0.0067,149,139,0,0,0.0,0.0,2026-04-11,2026-10-09,2026-04-11 全周期,5.0,techwrestlingmama,1
tentlife69backup,0.0,0.0,0.0,0.0,0,0,0,0.0,0.0,0.0,0,0,0,0,0,0.0,4,0,0,0,0.0,0.0,2026-04-11,2026-10-09,2026-04-11 全周期,0.0,tentlife69backup,0
teresaallen966,0.0,0.0,0.0,0.0,0,0,0,0.0,0.0,0.0,0,0,0,1,0,0.0,0,0,0,0,0.0,0.0,2026-04-11,2026-10-09,2026-04-11 全周期,5.0,teresaallen966,0
terranlikekaren,0.0,0.0,0.0,0.0,0,0,0,0.0,0.0,0.0,0,0,0,0,0,0.4,5,85620,0,0,0.0,0.0,2026-04-11,2026-10-09,2026-04-11 全周期,0.0,terranlikekaren,0
terrimathew,0.0,0.0,0.0,0.0,0,0,0,0.0,0.0,0.0,0,0,0,0,0,0.0,0,739,0,0,0.0,0.0,2026-04-11,2026-10-09,2026-04-11 全周期,0.0,terrimathew,0
tessmarie.01,0.0,0.0,0.0,0.0,0,0,0,0.0,0.0,0.0,0,2,1,1,1,0.0235,979,903,0,0,0.0,0.0,2026-04-11,2026-10-09,2026-04-11 全周期,5.0,tessmarie.01,2
tetonblonde,0.0,0.0,0.0,0.0,0,0,0,0.0,0.0,0.0,0,1,1,1,1,0.0187,267,256,0,0,0.0,0.0,2026-04-11,2026-10-09,2026-04-11 全周期,5.0,tetonblonde,1
thalia.herdz,0.0,0.0,0.0,0.0,0,0,0,0.0,0.0,0.0,0,0,0,0,0,0.0,5,0,0,0,0.0,0.0,2026-04-11,2026-10-09,2026-04-11 全周期,0.0,thalia.herdz,0
thapressonjunkie,0.0,0.0,0.0,0.0,0,0,0,0.0,0.0,0.0,0,1,1,1,1,0.014499999999999999,346,741881,0,0,0.0,0.0,2026-04-11,2026-10-09,2026-04-11 全周期,5.0,thapressonjunkie,1
that.handy.mom,0.0,0.0,0.0,0.0,0,0,0,0.0,0.0,0.0,0,0,1,0,0,0.0,3,31283,0,0,0.0,0.0,2026-04-11,2026-10-09,2026-04-11 全周期,0.0,that.handy.mom,0
thatcraftbeerguy,0.0,0.0,0.0,0.0,0,0,0,0.0,0.0,0.0,0,6,5,1,1,0.0069,1741,24012,0,0,0.0,0.0,2026-04-11,2026-10-09,2026-04-11 全周期,5.0,thatcraftbeerguy,6
thatnats,0.0,0.0,0.0,0.0,0,0,0,0.0,0.0,0.0,0,0,0,0,0,0.0,4,7497,0,0,0.0,0.0,2026-04-11,2026-10-09,2026-04-11 全周期,0.0,thatnats,0
thatplantgirly,0.0,0.0,0.0,0.0,0,0,0,0.0,0.0,0.0,0,0,0,0,0,0.0,1,0,0,0,0.0,0.0,2026-04-11,2026-10-09,2026-04-11 全周期,0.0,thatplantgirly,0
the.adams.fam1,0.0,0.0,0.0,0.0,0,0,0,0.0,0.0,0.0,0,0,0,0,0,0.0,1,3272,0,0,0.0,0.0,2026-04-11,2026-10-09,2026-04-11 全周期,0.0,the.adams.fam1,0
the.cozyy.girl,0.0,0.0,0.0,0.0,0,0,0,0.0,0.0,0.0,0,0,0,0,0,0.0,4,27444,0,0,0.0,0.0,2026-04-11,2026-10-09,2026-04-11 全周期,0.0,the.cozyy.girl,0
the.little.green.hill,0.0,0.0,0.0,0.0,0,0,0,0.0,0.0,0.0,0,0,0,0,0,0.0,2,2393,0,0,0.0,0.0,2026-04-11,2026-10-09,2026-04-11 全周期,0.0,the.little.green.hill,0
the.sheldon.show,0.0,0.0,0.0,0.0,0,0,0,0.0,0.0,0.0,0,1,1,1,1,0.0667,45,21324,0,0,0.0,0.0,2026-04-11,2026-10-09,2026-04-11 全周期,5.0,the.sheldon.show,1
the.silly.affili,0.0,0.0,0.0,0.0,0,0,0,0.0,0.0,0.0,0,0,0,0,0,0.0,5,4,0,0,0.0,0.0,2026-04-11,2026-10-09,2026-04-11 全周期,0.0,the.silly.affili,0
the_furtastic_5,0.0,0.0,0.0,0.0,0,0,0,0.0,0.0,0.0,0,2,3,2,1,0.0062,1134,68786,0,0,0.0,0.0,2026-04-11,2026-10-09,2026-04-11 全周期,10.0,the_furtastic_5,2
the_lo_life_tx,0.0,0.0,0.0,0.0,0,0,0,0.0,0.0,0.0,0,0,0,0,0,0.0,0,7275,0,0,0.0,0.0,2026-04-11,2026-10-09,2026-04-11 全周期,0.0,the_lo_life_tx,0
the_non_aesthetic_mom,0.0,0.0,0.0,0.0,0,0,0,0.0,0.0,0.0,0,1,1,1,1,0.0073,274,2014,0,0,0.0,0.0,2026-04-11,2026-10-09,2026-04-11 全周期,5.0,the_non_aesthetic_mom,1
the_pink_aesthetic1,0.0,0.0,0.0,0.0,0,0,0,0.0,0.0,0.0,0,0,0,0,0,0.0,1,0,0,0,0.0,0.0,2026-04-11,2026-10-09,2026-04-11 全周期,0.0,the_pink_aesthetic1,0
theanxiousmorkie,0.0,0.0,0.0,0.0,0,0,0,0.0,0.0,0.0,0,1,0,1,1,0.012,334,3088,0,0,0.0,0.0,2026-04-11,2026-10-09,2026-04-11 全周期,5.0,theanxiousmorkie,1
thebaldwinfamily2025,0.0,0.0,0.0,0.0,0,0,0,0.0,0.0,0.0,0,0,0,0,0,0.0,1,0,0,0,0.0,0.0,2026-04-11,2026-10-09,2026-04-11 全周期,0.0,thebaldwinfamily2025,0
thebreemitchell,0.0,0.0,0.0,0.0,0,0,0,0.0,0.0,0.0,0,0,0,1,0,0.0,1,0,0,0,0.0,0.0,2026-04-11,2026-10-09,2026-04-11 全周期,5.0,thebreemitchell,0
thebrowndogblog,0.0,0.0,0.0,0.0,0,0,0,0.0,0.0,0.0,0,0,0,0,0,0.0,0,0,0,0,0.0,0.0,2026-04-11,2026-10-09,2026-04-11 全周期,0.0,thebrowndogblog,0
thebulldognest,0.0,0.0,0.0,0.0,0,0,0,0.0,0.0,0.0,0,0,0,0,0,0.0,2,16809,0,0,0.0,0.0,2026-04-11,2026-10-09,2026-04-11 全周期,0.0,thebulldognest,0
thechelseapenner,0.0,0.0,0.0,0.0,0,0,0,0.0,0.0,0.0,0,1,1,1,1,0.0629,143,2005,0,0,0.0,0.0,2026-04-11,2026-10-09,2026-04-11 全周期,5.0,thechelseapenner,1
thechristinaparks,0.0,0.0,0.0,0.0,0,0,0,0.0,0.0,0.0,0,0,0,0,0,0.0,3,948,0,0,0.0,0.0,2026-04-11,2026-10-09,2026-04-11 全周期,0.0,thechristinaparks,0
thecluckingcoopers,0.0,0.0,0.0,0.0,0,0,0,0.0,0.0,0.0,0,0,0,0,0,0.0,20,24610,0,0,0.0,0.0,2026-04-11,2026-10-09,2026-04-11 全周期,0.0,thecluckingcoopers,0
theclumsiestgirl,0.0,0.0,0.0,0.0,0,0,0,0.0,0.0,0.0,0,0,0,0,0,0.0,0,0,0,0,0.0,0.0,2026-04-11,2026-10-09,2026-04-11 全周期,0.0,theclumsiestgirl,0
thededicateddad,135.99,0.0,135.99,0.0,1,1,0,135.99,0.0,0.1429,0,0,0,0,0,0.025099999999999997,279,5859459,1,0,20.4,0.0,2026-04-11,2026-10-09,2026-04-11 全周期,0.0,thededicateddad,0
thedesertfrenchie,0.0,0.0,0.0,0.0,0,0,0,0.0,0.0,0.0,0,1,1,1,1,0.0132,228,225,0,0,0.0,0.0,2026-04-11,2026-10-09,2026-04-11 全周期,5.0,thedesertfrenchie,1
thediymamalens,0.0,0.0,0.0,0.0,0,0,0,0.0,0.0,0.0,0,0,0,0,0,0.0,5,33128,0,0,0.0,0.0,2026-04-11,2026-10-09,2026-04-11 全周期,0.0,thediymamalens,0
theebakingbelle,0.0,0.0,0.0,0.0,0,0,0,0.0,0.0,0.0,0,0,0,1,0,0.0,0,0,0,0,0.0,0.0,2026-04-11,2026-10-09,2026-04-11 全周期,5.0,theebakingbelle,0
thegatoscottage,0.0,0.0,0.0,0.0,0,0,0,0.0,0.0,0.0,4,0,4,3,2,0.0,42,0,0,0,0.0,0.0,2026-04-11,2026-10-09,2026-04-11 全周期,15.0,thegatoscottage,4
thegoldensofsalem,0.0,0.0,0.0,0.0,0,0,0,0.0,0.0,0.0,0,0,0,0,0,0.0,2,2126,0,0,0.0,0.0,2026-04-11,2026-10-09,2026-04-11 全周期,0.0,thegoldensofsalem,0
thegoldensoftlife,0.0,0.0,0.0,0.0,0,0,0,0.0,0.0,0.0,1,3,2,1,1,0.0159,883,2940,0,0,0.0,0.0,2026-04-11,2026-10-09,2026-04-11 全周期,5.0,thegoldensoftlife,4
thehbedit,0.0,0.0,0.0,0.0,0,0,0,0.0,0.0,0.0,1,1,2,1,1,0.0332,301,280,0,0,0.0,0.0,2026-04-11,2026-10-09,2026-04-11 全周期,5.0,thehbedit,2
thehuskyhouse4,0.0,0.0,0.0,0.0,0,0,0,0.0,0.0,0.0,0,0,0,1,0,0.0,1,0,0,0,0.0,0.0,2026-04-11,2026-10-09,2026-04-11 全周期,5.0,thehuskyhouse4,0
thekingofthe80s,0.0,0.0,0.0,0.0,0,0,0,0.0,0.0,0.0,0,6,3,1,1,0.0014000000000000002,2138,232906,0,0,0.0,0.0,2026-04-11,2026-10-09,2026-04-11 全周期,5.0,thekingofthe80s,6
thelifethruthelens,0.0,0.0,0.0,0.0,0,0,0,0.0,0.0,0.0,0,1,1,1,1,0.0,389,47653,0,0,0.0,0.0,2026-04-11,2026-10-09,2026-04-11 全周期,5.0,thelifethruthelens,1
themillercrew,0.0,0.0,0.0,0.0,0,0,0,0.0,0.0,0.0,0,0,0,0,0,0.0,45,133039,0,0,0.0,0.0,2026-04-11,2026-10-09,2026-04-11 全周期,0.0,themillercrew,0
thepawsitivereview,0.0,0.0,0.0,0.0,0,0,0,0.0,0.0,0.0,0,2,0,0,1,0.0045000000000000005,664,543,0,0,0.0,0.0,2026-04-11,2026-10-09,2026-04-11 全周期,0.0,thepawsitivereview,2
theresagillman,0.0,0.0,0.0,0.0,0,0,0,0.0,0.0,0.0,0,0,0,1,0,0.0,0,0,0,0,0.0,0.0,2026-04-11,2026-10-09,2026-04-11 全周期,5.0,theresagillman,0
thesundayscroll26,0.0,0.0,0.0,0.0,0,0,0,0.0,0.0,0.0,0,0,0,0,0,0.0,0,0,0,0,0.0,0.0,2026-04-11,2026-10-09,2026-04-11 全周期,0.0,thesundayscroll26,0
theveeexperience,0.0,0.0,0.0,0.0,0,0,0,0.0,0.0,0.0,0,0,0,0,0,0.0,0,0,0,0,0.0,0.0,2026-04-11,2026-10-09,2026-04-11 全周期,0.0,theveeexperience,0
thevolleylifes,0.0,0.0,0.0,0.0,0,0,0,0.0,0.0,0.0,0,0,0,1,0,0.0,2,0,0,0,0.0,0.0,2026-04-11,2026-10-09,2026-04-11 全周期,5.0,thevolleylifes,0
thewisehippie67,0.0,0.0,0.0,0.0,0,0,0,0.0,0.0,0.0,0,0,0,0,0,0.0,0,0,0,0,0.0,0.0,2026-04-11,2026-10-09,2026-04-11 全周期,0.0,thewisehippie67,0
theyadoreme03,0.0,0.0,0.0,0.0,0,0,0,0.0,0.0,0.0,0,0,0,0,0,0.0,2,2281,0,0,0.0,0.0,2026-04-11,2026-10-09,2026-04-11 全周期,0.0,theyadoreme03,0
thisoldthing2,0.0,0.0,0.0,0.0,0,0,0,0.0,0.0,0.0,0,1,1,1,1,0.009000000000000001,445,420,0,0,0.0,0.0,2026-04-11,2026-10-09,2026-04-11 全周期,5.0,thisoldthing2,1
thoracurttis,0.0,0.0,0.0,0.0,0,0,0,0.0,0.0,0.0,0,1,1,1,1,0.0325,123,114,0,0,0.0,0.0,2026-04-11,2026-10-09,2026-04-11 全周期,5.0,thoracurttis,1
thrillerkitty,0.0,0.0,0.0,0.0,0,0,0,0.0,0.0,0.0,1,0,1,1,1,0.0,12,0,0,0,0.0,0.0,2026-04-11,2026-10-09,2026-04-11 全周期,5.0,thrillerkitty,1
throughmyeyes_id,0.0,0.0,0.0,0.0,0,0,0,0.0,0.0,0.0,5,1,0,0,1,0.0313,383,7393,0,0,0.0,0.0,2026-04-11,2026-10-09,2026-04-11 全周期,0.0,throughmyeyes_id,6
thtbookgirlreads1,0.0,0.0,0.0,0.0,0,0,0,0.0,0.0,0.0,0,0,0,0,0,0.0,10,6997,0,0,0.0,0.0,2026-04-11,2026-10-09,2026-04-11 全周期,0.0,thtbookgirlreads1,0
thundersharkcats,0.0,0.0,0.0,0.0,0,0,0,0.0,0.0,0.0,0,0,0,1,0,0.0,0,0,0,0,0.0,0.0,2026-04-11,2026-10-09,2026-04-11 全周期,5.0,thundersharkcats,0
tiaandida,0.0,0.0,0.0,0.0,0,0,0,0.0,0.0,0.0,0,0,0,0,0,0.0,0,912,0,0,0.0,0.0,2026-04-11,2026-10-09,2026-04-11 全周期,0.0,tiaandida,0
tictokrobb,0.0,0.0,0.0,0.0,0,0,0,0.0,0.0,0.0,0,0,0,0,0,0.0,5,230891,0,0,0.0,0.0,2026-04-11,2026-10-09,2026-04-11 全周期,0.0,tictokrobb,0
tiff_jenks,0.0,0.0,0.0,0.0,0,0,0,0.0,0.0,0.0,0,0,0,0,0,0.15380000000000002,13,2388,0,0,0.0,0.0,2026-04-11,2026-10-09,2026-04-11 全周期,0.0,tiff_jenks,0
tiffanyhernandez088,0.0,0.0,0.0,0.0,0,0,0,0.0,0.0,0.0,1,0,1,1,1,0.0,21,27047,0,0,0.0,0.0,2026-04-11,2026-10-09,2026-04-11 全周期,5.0,tiffanyhernandez088,1
tiffanynichole3,0.0,0.0,0.0,0.0,0,0,0,0.0,0.0,0.0,0,1,0,1,1,0.022000000000000002,91,146414,0,0,0.0,0.0,2026-04-11,2026-10-09,2026-04-11 全周期,5.0,tiffanynichole3,1
tiffanytraelyn,0.0,0.0,0.0,0.0,0,0,0,0.0,0.0,0.0,0,0,0,0,0,0.0,5,661,0,0,0.0,0.0,2026-04-11,2026-10-09,2026-04-11 全周期,0.0,tiffanytraelyn,0
tiffshopssoyoudonthave2,0.0,0.0,0.0,0.0,0,0,0,0.0,0.0,0.0,0,0,0,1,0,0.0,0,0,0,0,0.0,0.0,2026-04-11,2026-10-09,2026-04-11 全周期,5.0,tiffshopssoyoudonthave2,0
tik.tok.growth13,0.0,0.0,0.0,0.0,0,0,0,0.0,0.0,0.0,0,0,0,0,0,0.0,2,20629,0,0,0.0,0.0,2026-04-11,2026-10-09,2026-04-11 全周期,0.0,tik.tok.growth13,0
tikbuy_,0.0,0.0,0.0,0.0,0,0,0,0.0,0.0,0.0,0,1,2,1,1,0.022400000000000003,446,355550,0,0,0.0,0.0,2026-04-11,2026-10-09,2026-04-11 全周期,5.0,tikbuy_,1
tiktokdealswithmawmaw,0.0,0.0,0.0,0.0,0,0,0,0.0,0.0,0.0,0,1,1,1,1,0.0168,179,171,0,0,0.0,0.0,2026-04-11,2026-10-09,2026-04-11 全周期,5.0,tiktokdealswithmawmaw,1
tiktokdentureexpert,0.0,0.0,0.0,0.0,0,0,0,0.0,0.0,0.0,0,2,2,2,1,0.0027,734,704,0,0,0.0,0.0,2026-04-11,2026-10-09,2026-04-11 全周期,10.0,tiktokdentureexpert,2
tiktokshopdad,0.0,0.0,0.0,0.0,0,0,0,0.0,0.0,0.0,0,0,0,0,0,0.3333,3,29002,0,0,0.0,0.0,2026-04-11,2026-10-09,2026-04-11 全周期,0.0,tiktokshopdad,0
tiktokshopdailydeals0,0.0,0.0,0.0,0.0,0,0,0,0.0,0.0,0.0,0,0,0,0,0,0.0,4,4943,0,0,0.0,0.0,2026-04-11,2026-10-09,2026-04-11 全周期,0.0,tiktokshopdailydeals0,0
tiktokt_roy,0.0,0.0,0.0,0.0,0,0,0,0.0,0.0,0.0,0,0,0,0,0,0.0213,47,251941,0,0,0.0,0.0,2026-04-11,2026-10-09,2026-04-11 全周期,0.0,tiktokt_roy,0
timelessglambeauty10,0.0,0.0,0.0,0.0,0,0,0,0.0,0.0,0.0,8,0,0,0,1,0.0,3,0,0,0,0.0,0.0,2026-04-11,2026-10-09,2026-04-11 全周期,0.0,timelessglambeauty10,8
timmychoo_,0.0,0.0,0.0,0.0,0,0,0,0.0,0.0,0.0,0,0,0,0,0,0.0,7,3023,0,0,0.0,0.0,2026-04-11,2026-10-09,2026-04-11 全周期,0.0,timmychoo_,0
tinastripling,0.0,0.0,0.0,0.0,0,0,0,0.0,0.0,0.0,0,0,0,0,0,0.0,0,0,0,0,0.0,0.0,2026-04-11,2026-10-09,2026-04-11 全周期,0.0,tinastripling,0
tino_reviews,0.0,0.0,0.0,0.0,0,0,0,0.0,0.0,0.0,0,0,0,0,0,0.0526,19,47011,0,0,0.0,0.0,2026-04-11,2026-10-09,2026-04-11 全周期,0.0,tino_reviews,0
tipstale,0.0,0.0,0.0,0.0,0,0,0,0.0,0.0,0.0,0,1,1,1,1,0.0291,103,19037,0,0,0.0,0.0,2026-04-11,2026-10-09,2026-04-11 全周期,5.0,tipstale,1
tm2021k,0.0,0.0,0.0,0.0,0,0,0,0.0,0.0,0.0,0,0,0,0,0,0.0,1,8522,0,0,0.0,0.0,2026-04-11,2026-10-09,2026-04-11 全周期,0.0,tm2021k,0
toby.the.pocket.p,0.0,0.0,0.0,0.0,0,0,0,0.0,0.0,0.0,0,0,0,0,0,0.0,0,0,0,0,0.0,0.0,2026-04-11,2026-10-09,2026-04-11 全周期,0.0,toby.the.pocket.p,0
todoymas.05,0.0,0.0,0.0,0.0,0,0,0,0.0,0.0,0.0,0,0,0,0,0,0.5,2,2,0,0,0.0,0.0,2026-04-11,2026-10-09,2026-04-11 全周期,0.0,todoymas.05,0
tokezn,0.0,0.0,0.0,0.0,0,0,0,0.0,0.0,0.0,0,0,0,0,0,0.0,0,34659,0,0,0.0,0.0,2026-04-11,2026-10-09,2026-04-11 全周期,0.0,tokezn,0
toniaenglish73,0.0,0.0,0.0,0.0,0,0,0,0.0,0.0,0.0,0,1,1,1,1,0.027000000000000003,37,97807,0,0,0.0,0.0,2026-04-11,2026-10-09,2026-04-11 全周期,5.0,toniaenglish73,1
tonim1993,0.0,0.0,0.0,0.0,0,0,0,0.0,0.0,0.0,0,1,1,1,1,0.0032,308,287,0,0,0.0,0.0,2026-04-11,2026-10-09,2026-04-11 全周期,5.0,tonim1993,1
toocute504,0.0,0.0,0.0,0.0,0,0,0,0.0,0.0,0.0,0,0,0,0,0,0.0,4,30291,0,0,0.0,0.0,2026-04-11,2026-10-09,2026-04-11 全周期,0.0,toocute504,0
tootzicide,11.56,0.0,11.56,0.0,1,1,0,11.56,0.0,0.25,0,3,2,1,1,0.0045000000000000005,890,3618,1,0,2.25,0.0,2026-04-11,2026-10-09,2026-04-11 全周期,5.0,tootzicide,3
toppicksshop1,0.0,0.0,0.0,0.0,0,0,0,0.0,0.0,0.0,0,0,0,0,0,0.024399999999999998,41,27189,0,0,0.0,0.0,2026-04-11,2026-10-09,2026-04-11 全周期,0.0,toppicksshop1,0
tori.inwonderland,0.0,0.0,0.0,0.0,0,0,0,0.0,0.0,0.0,0,0,0,0,0,0.0,0,0,0,0,0.0,0.0,2026-04-11,2026-10-09,2026-04-11 全周期,0.0,tori.inwonderland,0
totallyrandom143,0.0,0.0,0.0,0.0,0,0,0,0.0,0.0,0.0,0,1,1,1,1,0.0088,114,105,0,0,0.0,0.0,2026-04-11,2026-10-09,2026-04-11 全周期,5.0,totallyrandom143,1
toyscraftsunboxed,0.0,0.0,0.0,0.0,0,0,0,0.0,0.0,0.0,0,1,1,1,1,0.01,401,362,0,0,0.0,0.0,2026-04-11,2026-10-09,2026-04-11 全周期,5.0,toyscraftsunboxed,1
traceyroat,0.0,0.0,0.0,0.0,0,0,0,0.0,0.0,0.0,0,1,1,1,1,0.0,22,21,0,0,0.0,0.0,2026-04-11,2026-10-09,2026-04-11 全周期,5.0,traceyroat,1
tracy.keepsitreal,0.0,0.0,0.0,0.0,0,0,0,0.0,0.0,0.0,0,0,0,1,0,0.0,5,0,0,0,0.0,0.0,2026-04-11,2026-10-09,2026-04-11 全周期,5.0,tracy.keepsitreal,0
tracylashleywagne,0.0,0.0,0.0,0.0,0,0,0,0.0,0.0,0.0,0,0,0,0,0,0.0,3,14917,0,0,0.0,0.0,2026-04-11,2026-10-09,2026-04-11 全周期,0.0,tracylashleywagne,0
tracypanyc,0.0,0.0,0.0,0.0,0,0,0,0.0,0.0,0.0,0,0,0,0,0,0.0,0,0,0,0,0.0,0.0,2026-04-11,2026-10-09,2026-04-11 全周期,0.0,tracypanyc,0
trapezoidmouth,0.0,0.0,0.0,0.0,0,0,0,0.0,0.0,0.0,0,0,0,1,0,0.0,192,3166636,0,0,0.0,0.0,2026-04-11,2026-10-09,2026-04-11 全周期,5.0,trapezoidmouth,0
travisc74,0.0,0.0,0.0,0.0,0,0,0,0.0,0.0,0.0,0,0,0,0,0,0.025,40,271760,0,0,0.0,0.0,2026-04-11,2026-10-09,2026-04-11 全周期,0.0,travisc74,0
travisd123,0.0,0.0,0.0,0.0,0,0,0,0.0,0.0,0.0,0,0,0,0,0,0.0,1,0,0,0,0.0,0.0,2026-04-11,2026-10-09,2026-04-11 全周期,0.0,travisd123,0
trejojr88,0.0,0.0,0.0,0.0,0,0,0,0.0,0.0,0.0,2,2,4,1,1,0.004699999999999999,1269,1203,0,0,0.0,0.0,2026-04-11,2026-10-09,2026-04-11 全周期,5.0,trejojr88,4
trendingwatchlist,0.0,0.0,0.0,0.0,0,0,0,0.0,0.0,0.0,0,2,2,1,1,0.012,667,118175,0,0,0.0,0.0,2026-04-11,2026-10-09,2026-04-11 全周期,5.0,trendingwatchlist,2
trenditreasures,0.0,0.0,0.0,0.0,0,0,0,0.0,0.0,0.0,0,0,0,0,0,0.0,18,33242,0,0,0.0,0.0,2026-04-11,2026-10-09,2026-04-11 全周期,0.0,trenditreasures,0
trendyfinds1316,0.0,0.0,0.0,0.0,0,0,0,0.0,0.0,0.0,0,0,0,0,0,0.0,0,0,0,0,0.0,0.0,2026-04-11,2026-10-09,2026-04-11 全周期,0.0,trendyfinds1316,0
trendygabriel,0.0,0.0,0.0,0.0,0,0,0,0.0,0.0,0.0,0,0,0,0,0,0.0,1,5242,0,0,0.0,0.0,2026-04-11,2026-10-09,2026-04-11 全周期,0.0,trendygabriel,0
trianacevi,0.0,0.0,0.0,0.0,0,0,0,0.0,0.0,0.0,0,0,0,0,0,0.0,1,1,0,0,0.0,0.0,2026-04-11,2026-10-09,2026-04-11 全周期,0.0,trianacevi,0
trichedunn,0.0,0.0,0.0,0.0,0,0,0,0.0,0.0,0.0,0,0,0,0,0,0.0,10,0,0,0,0.0,0.0,2026-04-11,2026-10-09,2026-04-11 全周期,0.0,trichedunn,0
tricia.g.rutledge,0.0,0.0,0.0,0.0,0,0,0,0.0,0.0,0.0,0,1,1,1,1,0.013500000000000002,297,1047,0,0,0.0,0.0,2026-04-11,2026-10-09,2026-04-11 全周期,5.0,tricia.g.rutledge,1
trishshafofficial,0.0,0.0,0.0,0.0,0,0,0,0.0,0.0,0.0,0,0,0,0,0,0.0,1,0,0,0,0.0,0.0,2026-04-11,2026-10-09,2026-04-11 全周期,0.0,trishshafofficial,0
trissiebaby,0.0,0.0,0.0,0.0,0,0,0,0.0,0.0,0.0,16,1,1,1,1,0.013500000000000002,297,65272,0,0,0.0,0.0,2026-04-11,2026-10-09,2026-04-11 全周期,5.0,trissiebaby,17
trizsal3,0.0,0.0,0.0,0.0,0,0,0,0.0,0.0,0.0,0,0,0,0,0,0.0,4,12390,0,0,0.0,0.0,2026-04-11,2026-10-09,2026-04-11 全周期,0.0,trizsal3,0
troy_cady,0.0,0.0,0.0,0.0,0,0,0,0.0,0.0,0.0,0,0,0,0,0,0.0101,99,13175,0,0,0.0,0.0,2026-04-11,2026-10-09,2026-04-11 全周期,0.0,troy_cady,0
tsukiandaspen,0.0,0.0,0.0,0.0,0,0,0,0.0,0.0,0.0,0,0,0,0,0,0.0,1,0,0,0,0.0,0.0,2026-04-11,2026-10-09,2026-04-11 全周期,0.0,tsukiandaspen,0
ttsdealsfordays,0.0,0.0,0.0,0.0,0,0,0,0.0,0.0,0.0,0,0,0,0,0,0.0,1,0,0,0,0.0,0.0,2026-04-11,2026-10-09,2026-04-11 全周期,0.0,ttsdealsfordays,0
ttsmoneytree,0.0,0.0,0.0,0.0,0,0,0,0.0,0.0,0.0,0,0,0,0,0,0.0,2,405196,0,0,0.0,0.0,2026-04-11,2026-10-09,2026-04-11 全周期,0.0,ttsmoneytree,0
tubratzfavorita08,0.0,0.0,0.0,0.0,0,0,0,0.0,0.0,0.0,0,0,0,0,0,0.0,0,0,0,0,0.0,0.0,2026-04-11,2026-10-09,2026-04-11 全周期,0.0,tubratzfavorita08,0
turbomom4,0.0,0.0,0.0,0.0,0,0,0,0.0,0.0,0.0,0,1,0,0,1,0.0138,363,203712,0,0,0.0,0.0,2026-04-11,2026-10-09,2026-04-11 全周期,0.0,turbomom4,1
twhs20,0.0,0.0,0.0,0.0,0,0,0,0.0,0.0,0.0,0,0,0,0,0,0.0,1,0,0,0,0.0,0.0,2026-04-11,2026-10-09,2026-04-11 全周期,0.0,twhs20,0
twinmom23l,0.0,0.0,0.0,0.0,0,0,0,0.0,0.0,0.0,0,1,1,1,1,0.0017000000000000001,601,2214,0,0,0.0,0.0,2026-04-11,2026-10-09,2026-04-11 全周期,5.0,twinmom23l,1
twinswithpluto7,0.0,0.0,0.0,0.0,0,0,0,0.0,0.0,0.0,0,0,0,0,0,0.0,1,0,0,0,0.0,0.0,2026-04-11,2026-10-09,2026-04-11 全周期,0.0,twinswithpluto7,0
twistedcreations2.0,0.0,0.0,0.0,0.0,0,0,0,0.0,0.0,0.0,0,0,0,0,0,0.0,4,0,0,0,0.0,0.0,2026-04-11,2026-10-09,2026-04-11 全周期,0.0,twistedcreations2.0,0
two52309,0.0,0.0,0.0,0.0,0,0,0,0.0,0.0,0.0,0,0,0,0,0,0.0294,34,246635,0,0,0.0,0.0,2026-04-11,2026-10-09,2026-04-11 全周期,0.0,two52309,0
twotinytornados,0.0,0.0,0.0,0.0,0,0,0,0.0,0.0,0.0,0,0,0,0,0,0.0,5,29207,0,0,0.0,0.0,2026-04-11,2026-10-09,2026-04-11 全周期,0.0,twotinytornados,0
ugcbeka,0.0,0.0,0.0,0.0,0,0,0,0.0,0.0,0.0,0,1,1,1,1,0.0,80,34227,0,0,0.0,0.0,2026-04-11,2026-10-09,2026-04-11 全周期,5.0,ugcbeka,1
ugcdevin,0.0,0.0,0.0,0.0,0,0,0,0.0,0.0,0.0,0,0,0,0,0,0.0,6,1,0,0,0.0,0.0,2026-04-11,2026-10-09,2026-04-11 全周期,0.0,ugcdevin,0
umm_maw,0.0,0.0,0.0,0.0,0,0,0,0.0,0.0,0.0,0,0,0,0,0,0.0,2,6890,0,0,0.0,0.0,2026-04-11,2026-10-09,2026-04-11 全周期,0.0,umm_maw,0
unaesthetically_ash,0.0,0.0,0.0,0.0,0,0,0,0.0,0.0,0.0,0,0,0,0,0,0.0556,36,215328,0,0,0.0,0.0,2026-04-11,2026-10-09,2026-04-11 全周期,0.0,unaesthetically_ash,0
undercoverjazz,0.0,0.0,0.0,0.0,0,0,0,0.0,0.0,0.0,0,0,0,0,0,0.0159,63,185445,0,0,0.0,0.0,2026-04-11,2026-10-09,2026-04-11 全周期,0.0,undercoverjazz,0
unduoshop,0.0,0.0,0.0,0.0,0,0,0,0.0,0.0,0.0,0,1,0,0,1,0.0255,1059,698,0,0,0.0,0.0,2026-04-11,2026-10-09,2026-04-11 全周期,0.0,unduoshop,1
unityandlove99,0.0,0.0,0.0,0.0,0,0,0,0.0,0.0,0.0,0,0,0,0,0,0.0,1,2011,0,0,0.0,0.0,2026-04-11,2026-10-09,2026-04-11 全周期,0.0,unityandlove99,0
urisvibes,0.0,0.0,0.0,0.0,0,0,0,0.0,0.0,0.0,0,0,0,0,0,0.0,1,0,0,0,0.0,0.0,2026-04-11,2026-10-09,2026-04-11 全周期,0.0,urisvibes,0
usagirlusayt,0.0,0.0,0.0,0.0,0,0,0,0.0,0.0,0.0,0,0,0,1,0,0.0,17,0,0,0,0.0,0.0,2026-04-11,2026-10-09,2026-04-11 全周期,5.0,usagirlusayt,0
useraracelysaens,0.0,0.0,0.0,0.0,0,0,0,0.0,0.0,0.0,0,0,0,1,0,0.0,0,0,0,0,0.0,0.0,2026-04-11,2026-10-09,2026-04-11 全周期,5.0,useraracelysaens,0
utahreviews,0.0,0.0,0.0,0.0,0,0,0,0.0,0.0,0.0,0,0,0,2,0,0.0,0,0,0,0,0.0,0.0,2026-04-11,2026-10-09,2026-04-11 全周期,10.0,utahreviews,0
valerieward561,0.0,0.0,0.0,0.0,0,0,0,0.0,0.0,0.0,0,1,0,0,1,0.0172,58,6167,0,0,0.0,0.0,2026-04-11,2026-10-09,2026-04-11 全周期,0.0,valerieward561,1
vani.rose4,0.0,0.0,0.0,0.0,0,0,0,0.0,0.0,0.0,0,1,0,1,1,0.0,25,24,0,0,0.0,0.0,2026-04-11,2026-10-09,2026-04-11 全周期,5.0,vani.rose4,1
vanltoney,0.0,0.0,0.0,0.0,0,0,0,0.0,0.0,0.0,0,1,0,1,1,0.018500000000000003,325,294,0,0,0.0,0.0,2026-04-11,2026-10-09,2026-04-11 全周期,5.0,vanltoney,1
veggieandthebeasts,0.0,0.0,0.0,0.0,0,0,0,0.0,0.0,0.0,1,2,2,1,1,0.0037,815,22073,0,0,0.0,0.0,2026-04-11,2026-10-09,2026-04-11 全周期,5.0,veggieandthebeasts,3
veronicarose81,0.0,0.0,0.0,0.0,0,0,0,0.0,0.0,0.0,0,0,0,1,0,0.0,1,0,0,0,0.0,0.0,2026-04-11,2026-10-09,2026-04-11 全周期,5.0,veronicarose81,0
vibeandverdict23,0.0,0.0,0.0,0.0,0,0,0,0.0,0.0,0.0,0,0,0,0,0,0.0,3,378,0,0,0.0,0.0,2026-04-11,2026-10-09,2026-04-11 全周期,0.0,vibeandverdict23,0
vibezbyhaze,0.0,0.0,0.0,0.0,0,0,0,0.0,0.0,0.0,93,1,17,1,1,0.0002,5710,139202,0,0,0.0,0.0,2026-04-11,2026-10-09,2026-04-11 全周期,5.0,vibezbyhaze,94
victoriasaldana82,0.0,0.0,0.0,0.0,0,0,0,0.0,0.0,0.0,0,0,0,1,0,0.0,0,0,0,0,0.0,0.0,2026-04-11,2026-10-09,2026-04-11 全周期,5.0,victoriasaldana82,0
villaloboshomes4sale,0.0,0.0,0.0,0.0,0,0,0,0.0,0.0,0.0,0,1,1,1,1,0.0435,23,21,0,0,0.0,0.0,2026-04-11,2026-10-09,2026-04-11 全周期,5.0,villaloboshomes4sale,1
viola_skalyga,0.0,0.0,0.0,0.0,0,0,0,0.0,0.0,0.0,0,1,1,1,1,0.0366,410,336327,0,0,0.0,0.0,2026-04-11,2026-10-09,2026-04-11 全周期,5.0,viola_skalyga,1
violeta.boanta,0.0,0.0,0.0,0.0,0,0,0,0.0,0.0,0.0,0,1,1,1,1,0.0032,313,298,0,0,0.0,0.0,2026-04-11,2026-10-09,2026-04-11 全周期,5.0,violeta.boanta,1
viralnewsbabyxx,0.0,0.0,0.0,0.0,0,0,0,0.0,0.0,0.0,0,0,0,0,0,0.0,4,0,0,0,0.0,0.0,2026-04-11,2026-10-09,2026-04-11 全周期,0.0,viralnewsbabyxx,0
vkeissyy,0.0,0.0,0.0,0.0,0,0,0,0.0,0.0,0.0,0,1,0,1,1,0.0508,59,48,0,0,0.0,0.0,2026-04-11,2026-10-09,2026-04-11 全周期,5.0,vkeissyy,1
vpark36,0.0,0.0,0.0,0.0,0,0,0,0.0,0.0,0.0,0,0,0,0,0,0.0,4,614,0,0,0.0,0.0,2026-04-11,2026-10-09,2026-04-11 全周期,0.0,vpark36,0
vpriscillag,0.0,0.0,0.0,0.0,0,0,0,0.0,0.0,0.0,0,0,0,0,0,0.0,6,44728,0,0,0.0,0.0,2026-04-11,2026-10-09,2026-04-11 全周期,0.0,vpriscillag,0
walt284,0.0,0.0,0.0,0.0,0,0,0,0.0,0.0,0.0,1,0,0,0,1,0.0,18,0,0,0,0.0,0.0,2026-04-11,2026-10-09,2026-04-11 全周期,0.0,walt284,1
walterthegsd77,0.0,0.0,0.0,0.0,0,0,0,0.0,0.0,0.0,0,0,0,0,0,0.8,5,9129,0,0,0.0,0.0,2026-04-11,2026-10-09,2026-04-11 全周期,0.0,walterthegsd77,0
wandasworldat60,0.0,0.0,0.0,0.0,0,0,0,0.0,0.0,0.0,1,1,1,1,1,0.08109999999999999,37,28183,0,0,0.0,0.0,2026-04-11,2026-10-09,2026-04-11 全周期,5.0,wandasworldat60,2
wanderoveryonder22,0.0,0.0,0.0,0.0,0,0,0,0.0,0.0,0.0,0,1,1,1,1,0.0287,349,333,0,0,0.0,0.0,2026-04-11,2026-10-09,2026-04-11 全周期,5.0,wanderoveryonder22,1
warriorofchrist2023,0.0,0.0,0.0,0.0,0,0,0,0.0,0.0,0.0,0,0,0,0,0,0.0,2,9075,0,0,0.0,0.0,2026-04-11,2026-10-09,2026-04-11 全周期,0.0,warriorofchrist2023,0
waterworks1122,0.0,0.0,0.0,0.0,0,0,0,0.0,0.0,0.0,0,1,2,1,1,0.009300000000000001,322,307,0,0,0.0,0.0,2026-04-11,2026-10-09,2026-04-11 全周期,5.0,waterworks1122,1
waywardwakefield,0.0,0.0,0.0,0.0,0,0,0,0.0,0.0,0.0,0,0,1,0,0,0.0,19,206080,0,0,0.0,0.0,2026-04-11,2026-10-09,2026-04-11 全周期,0.0,waywardwakefield,0
weim_crime.sisters,0.0,0.0,0.0,0.0,0,0,0,0.0,0.0,0.0,0,0,0,0,0,0.0,2,11,0,0,0.0,0.0,2026-04-11,2026-10-09,2026-04-11 全周期,0.0,weim_crime.sisters,0
wendi.tts,0.0,0.0,0.0,0.0,0,0,0,0.0,0.0,0.0,0,1,1,1,1,0.0045000000000000005,444,429,0,0,0.0,0.0,2026-04-11,2026-10-09,2026-04-11 全周期,5.0,wendi.tts,1
wenskids2,0.0,0.0,0.0,0.0,0,0,0,0.0,0.0,0.0,0,1,1,1,1,0.011699999999999999,342,95352,0,0,0.0,0.0,2026-04-11,2026-10-09,2026-04-11 全周期,5.0,wenskids2,1
whit.the.crazy,0.0,0.0,0.0,0.0,0,0,0,0.0,0.0,0.0,0,0,0,0,0,0.0,1,0,0,0,0.0,0.0,2026-04-11,2026-10-09,2026-04-11 全周期,0.0,whit.the.crazy,0
whitneychanell,0.0,0.0,0.0,0.0,0,0,0,0.0,0.0,0.0,0,0,0,0,0,0.0,6,4395,0,0,0.0,0.0,2026-04-11,2026-10-09,2026-04-11 全周期,0.0,whitneychanell,0
whitneyhardy133,0.0,0.0,0.0,0.0,0,0,0,0.0,0.0,0.0,0,0,0,0,0,0.0,0,4,0,0,0.0,0.0,2026-04-11,2026-10-09,2026-04-11 全周期,0.0,whitneyhardy133,0
whitneypowell8,0.0,0.0,0.0,0.0,0,0,0,0.0,0.0,0.0,0,1,1,1,1,0.024900000000000002,442,410,0,0,0.0,0.0,2026-04-11,2026-10-09,2026-04-11 全周期,5.0,whitneypowell8,1
whosyourpt,0.0,0.0,0.0,0.0,0,0,0,0.0,0.0,0.0,0,0,0,1,0,0.0,1,6934,0,0,0.0,0.0,2026-04-11,2026-10-09,2026-04-11 全周期,5.0,whosyourpt,0
wildfeatherart,0.0,0.0,0.0,0.0,0,0,0,0.0,0.0,0.0,0,0,0,0,0,0.0,5,1191,0,0,0.0,0.0,2026-04-11,2026-10-09,2026-04-11 全周期,0.0,wildfeatherart,0
wildflowerbritt1,0.0,0.0,0.0,0.0,0,0,0,0.0,0.0,0.0,0,0,0,0,0,0.0,0,0,0,0,0.0,0.0,2026-04-11,2026-10-09,2026-04-11 全周期,0.0,wildflowerbritt1,0
wildhearts72,0.0,0.0,0.0,0.0,0,0,0,0.0,0.0,0.0,0,1,1,1,1,0.07690000000000001,13,12248,0,0,0.0,0.0,2026-04-11,2026-10-09,2026-04-11 全周期,5.0,wildhearts72,1
wildish.paws,0.0,0.0,0.0,0.0,0,0,0,0.0,0.0,0.0,0,0,0,0,0,0.0,5,3786,0,0,0.0,0.0,2026-04-11,2026-10-09,2026-04-11 全周期,0.0,wildish.paws,0
willowbean686,0.0,0.0,0.0,0.0,0,0,0,0.0,0.0,0.0,0,0,0,0,0,0.0,0,921,0,0,0.0,0.0,2026-04-11,2026-10-09,2026-04-11 全周期,0.0,willowbean686,0
willowspringshomestead,0.0,0.0,0.0,0.0,0,0,0,0.0,0.0,0.0,0,0,0,1,0,0.0,0,0,0,0,0.0,0.0,2026-04-11,2026-10-09,2026-04-11 全周期,5.0,willowspringshomestead,0
wingstheweinerdog,0.0,0.0,0.0,0.0,0,0,0,0.0,0.0,0.0,0,1,1,1,1,0.0,189,3791,0,0,0.0,0.0,2026-04-11,2026-10-09,2026-04-11 全周期,5.0,wingstheweinerdog,1
winks111,0.0,0.0,0.0,0.0,0,0,0,0.0,0.0,0.0,0,0,0,0,0,0.0,0,12485,0,0,0.0,0.0,2026-04-11,2026-10-09,2026-04-11 全周期,0.0,winks111,0
winona5253,0.0,0.0,0.0,0.0,0,0,0,0.0,0.0,0.0,0,3,3,2,1,0.018799999999999997,160,15080,0,0,0.0,0.0,2026-04-11,2026-10-09,2026-04-11 全周期,10.0,winona5253,3
witchinthehouse,0.0,0.0,0.0,0.0,0,0,0,0.0,0.0,0.0,0,0,0,0,0,0.0,220,489957,0,0,0.0,0.0,2026-04-11,2026-10-09,2026-04-11 全周期,0.0,witchinthehouse,0
withluvkattg,0.0,0.0,0.0,0.0,0,0,0,0.0,0.0,0.0,0,0,0,0,0,0.0,1,12141,0,0,0.0,0.0,2026-04-11,2026-10-09,2026-04-11 全周期,0.0,withluvkattg,0
world_of_lola,0.0,0.0,0.0,0.0,0,0,0,0.0,0.0,0.0,0,0,0,0,0,0.0,2,0,0,0,0.0,0.0,2026-04-11,2026-10-09,2026-04-11 全周期,0.0,world_of_lola,0
wowitsbobby,0.0,0.0,0.0,0.0,0,0,0,0.0,0.0,0.0,0,1,1,1,1,0.0027,373,9689,0,0,0.0,0.0,2026-04-11,2026-10-09,2026-04-11 全周期,5.0,wowitsbobby,1
wvmombabe,0.0,0.0,0.0,0.0,0,0,0,0.0,0.0,0.0,1,0,1,1,1,0.0,5,0,0,0,0.0,0.0,2026-04-11,2026-10-09,2026-04-11 全周期,5.0,wvmombabe,1
wydmuller,0.0,0.0,0.0,0.0,0,0,0,0.0,0.0,0.0,0,0,0,0,0,0.0,6,8355,0,0,0.0,0.0,2026-04-11,2026-10-09,2026-04-11 全周期,0.0,wydmuller,0
wyrickshop,0.0,0.0,0.0,0.0,0,0,0,0.0,0.0,0.0,1,1,2,1,1,0.0748,147,62,0,0,0.0,0.0,2026-04-11,2026-10-09,2026-04-11 全周期,5.0,wyrickshop,2
xdamariss,0.0,0.0,0.0,0.0,0,0,0,0.0,0.0,0.0,0,0,0,0,0,0.0,1,73193,0,0,0.0,0.0,2026-04-11,2026-10-09,2026-04-11 全周期,0.0,xdamariss,0
xennial.ugc,0.0,0.0,0.0,0.0,0,0,0,0.0,0.0,0.0,0,1,1,1,1,0.03,100,91,0,0,0.0,0.0,2026-04-11,2026-10-09,2026-04-11 全周期,5.0,xennial.ugc,1
xo_jamieleigh,0.0,0.0,0.0,0.0,0,0,0,0.0,0.0,0.0,0,0,0,0,0,0.0,27,7807,0,0,0.0,0.0,2026-04-11,2026-10-09,2026-04-11 全周期,0.0,xo_jamieleigh,0
xotiffanylynn,0.0,0.0,0.0,0.0,0,0,0,0.0,0.0,0.0,0,0,0,0,0,0.0,1,5519,0,0,0.0,0.0,2026-04-11,2026-10-09,2026-04-11 全周期,0.0,xotiffanylynn,0
xravenskyex,0.0,0.0,0.0,0.0,0,0,0,0.0,0.0,0.0,0,1,1,1,1,0.0964,757,82792,0,0,0.0,0.0,2026-04-11,2026-10-09,2026-04-11 全周期,5.0,xravenskyex,1
xxbabyphat93,0.0,0.0,0.0,0.0,0,0,0,0.0,0.0,0.0,0,1,1,1,1,0.0,80,76,0,0,0.0,0.0,2026-04-11,2026-10-09,2026-04-11 全周期,5.0,xxbabyphat93,1
yadiobergh,0.0,0.0,0.0,0.0,0,0,0,0.0,0.0,0.0,0,0,0,0,0,0.0,13,27411,0,0,0.0,0.0,2026-04-11,2026-10-09,2026-04-11 全周期,0.0,yadiobergh,0
yagirlemeriee,0.0,0.0,0.0,0.0,0,0,0,0.0,0.0,0.0,0,0,0,0,0,0.0,1,1210,0,0,0.0,0.0,2026-04-11,2026-10-09,2026-04-11 全周期,0.0,yagirlemeriee,0
yagwww2,0.0,0.0,0.0,0.0,0,0,0,0.0,0.0,0.0,1,2,2,1,1,0.026000000000000002,77,76,0,0,0.0,0.0,2026-04-11,2026-10-09,2026-04-11 全周期,5.0,yagwww2,3
yalimulet,0.0,0.0,0.0,0.0,0,0,0,0.0,0.0,0.0,0,0,0,0,0,0.0,1,0,0,0,0.0,0.0,2026-04-11,2026-10-09,2026-04-11 全周期,0.0,yalimulet,0
yandofamily,0.0,0.0,0.0,0.0,0,0,0,0.0,0.0,0.0,1,2,3,1,1,0.013000000000000001,772,19115,0,0,0.0,0.0,2026-04-11,2026-10-09,2026-04-11 全周期,5.0,yandofamily,3
yanelyhomefinds,0.0,0.0,0.0,0.0,0,0,0,0.0,0.0,0.0,0,0,0,0,0,0.0,3,0,0,0,0.0,0.0,2026-04-11,2026-10-09,2026-04-11 全周期,0.0,yanelyhomefinds,0
yanitzie,0.0,0.0,0.0,0.0,0,0,0,0.0,0.0,0.0,0,1,1,1,1,0.0,330,13766,0,0,0.0,0.0,2026-04-11,2026-10-09,2026-04-11 全周期,5.0,yanitzie,1
yarigaldos,0.0,0.0,0.0,0.0,0,0,0,0.0,0.0,0.0,7,2,0,2,2,0.0279,716,682,0,0,0.0,0.0,2026-04-11,2026-10-09,2026-04-11 全周期,10.0,yarigaldos,9
yas_annette,0.0,0.0,0.0,0.0,0,0,0,0.0,0.0,0.0,0,0,0,0,0,0.0,17,510032,0,0,0.0,0.0,2026-04-11,2026-10-09,2026-04-11 全周期,0.0,yas_annette,0
yas_yasmin13,0.0,0.0,0.0,0.0,0,0,0,0.0,0.0,0.0,0,0,0,0,0,0.0,0,974,0,0,0.0,0.0,2026-04-11,2026-10-09,2026-04-11 全周期,0.0,yas_yasmin13,0
yayaher91,0.0,0.0,0.0,0.0,0,0,0,0.0,0.0,0.0,0,0,0,0,0,0.0,8,49277,0,0,0.0,0.0,2026-04-11,2026-10-09,2026-04-11 全周期,0.0,yayaher91,0
yeceniamayorquin,0.0,0.0,0.0,0.0,0,0,0,0.0,0.0,0.0,0,0,0,0,0,0.0,1,0,0,0,0.0,0.0,2026-04-11,2026-10-09,2026-04-11 全周期,0.0,yeceniamayorquin,0
yeerave_mens_shop,0.0,0.0,0.0,0.0,0,0,0,0.0,0.0,0.0,0,0,0,1,0,0.0,0,0,0,0,0.0,0.0,2026-04-11,2026-10-09,2026-04-11 全周期,5.0,yeerave_mens_shop,0
yeseniav60,0.0,0.0,0.0,0.0,0,0,0,0.0,0.0,0.0,0,0,0,0,0,0.0833,12,131336,0,0,0.0,0.0,2026-04-11,2026-10-09,2026-04-11 全周期,0.0,yeseniav60,0
yinetviralfinds,0.0,0.0,0.0,0.0,0,0,0,0.0,0.0,0.0,0,0,0,1,0,0.0,0,4464,0,0,0.0,0.0,2026-04-11,2026-10-09,2026-04-11 全周期,5.0,yinetviralfinds,0
yinnetamor.ugc.reviews,0.0,0.0,0.0,0.0,0,0,0,0.0,0.0,0.0,0,0,0,0,0,0.0,0,7965,0,0,0.0,0.0,2026-04-11,2026-10-09,2026-04-11 全周期,0.0,yinnetamor.ugc.reviews,0
yo.soymichell,0.0,0.0,0.0,0.0,0,0,0,0.0,0.0,0.0,0,2,1,2,2,0.1789,123,111,0,0,0.0,0.0,2026-04-11,2026-10-09,2026-04-11 全周期,10.0,yo.soymichell,2
yo_soy_leysita,0.0,0.0,0.0,0.0,0,0,0,0.0,0.0,0.0,0,1,2,1,1,0.0,14,23,0,0,0.0,0.0,2026-04-11,2026-10-09,2026-04-11 全周期,5.0,yo_soy_leysita,1
yoana.kelly,0.0,0.0,0.0,0.0,0,0,0,0.0,0.0,0.0,0,0,0,1,0,0.0,0,0,0,0,0.0,0.0,2026-04-11,2026-10-09,2026-04-11 全周期,5.0,yoana.kelly,0
yoannahome,0.0,0.0,0.0,0.0,0,0,0,0.0,0.0,0.0,0,1,0,1,1,0.044800000000000006,67,46347,0,0,0.0,0.0,2026-04-11,2026-10-09,2026-04-11 全周期,5.0,yoannahome,1
yolie72675,0.0,0.0,0.0,0.0,0,0,0,0.0,0.0,0.0,0,0,0,0,0,0.0,3,2373,0,0,0.0,0.0,2026-04-11,2026-10-09,2026-04-11 全周期,0.0,yolie72675,0
yorgirldianaa,0.0,0.0,0.0,0.0,0,0,0,0.0,0.0,0.0,0,0,0,1,0,0.0,0,0,0,0,0.0,0.0,2026-04-11,2026-10-09,2026-04-11 全周期,5.0,yorgirldianaa,0
yorkiesmishkaandbeijo,0.0,0.0,0.0,0.0,0,0,0,0.0,0.0,0.0,0,0,0,0,0,0.0,3,1091,0,0,0.0,0.0,2026-04-11,2026-10-09,2026-04-11 全周期,0.0,yorkiesmishkaandbeijo,0
yorlene053,0.0,0.0,0.0,0.0,0,0,0,0.0,0.0,0.0,0,0,0,0,0,0.0,2,3263,0,0,0.0,0.0,2026-04-11,2026-10-09,2026-04-11 全周期,0.0,yorlene053,0
yoseannysp,0.0,0.0,0.0,0.0,0,0,0,0.0,0.0,0.0,0,0,0,0,0,0.0,5,4069,0,0,0.0,0.0,2026-04-11,2026-10-09,2026-04-11 全周期,0.0,yoseannysp,0
yourbaes.wce,0.0,0.0,0.0,0.0,0,0,0,0.0,0.0,0.0,0,0,0,0,0,0.0,5,578835,0,0,0.0,0.0,2026-04-11,2026-10-09,2026-04-11 全周期,0.0,yourbaes.wce,0
yudaimy97,0.0,0.0,0.0,0.0,0,0,0,0.0,0.0,0.0,0,0,0,1,0,0.0,2,0,0,0,0.0,0.0,2026-04-11,2026-10-09,2026-04-11 全周期,5.0,yudaimy97,0
yudiwithy,0.0,0.0,0.0,0.0,0,0,0,0.0,0.0,0.0,0,0,0,0,0,0.0625,16,15154,0,0,0.0,0.0,2026-04-11,2026-10-09,2026-04-11 全周期,0.0,yudiwithy,0
yuliet_parasiempre,0.0,0.0,0.0,0.0,0,0,0,0.0,0.0,0.0,0,2,1,1,1,0.068,147,107,0,0,0.0,0.0,2026-04-11,2026-10-09,2026-04-11 全周期,5.0,yuliet_parasiempre,2
yvonnecarolina,0.0,0.0,0.0,0.0,0,0,0,0.0,0.0,0.0,0,0,0,0,0,0.0,1,910,0,0,0.0,0.0,2026-04-11,2026-10-09,2026-04-11 全周期,0.0,yvonnecarolina,0
yvonnemarie87,0.0,0.0,0.0,0.0,0,0,0,0.0,0.0,0.0,0,0,0,0,0,0.0,0,0,0,0,0.0,0.0,2026-04-11,2026-10-09,2026-04-11 全周期,0.0,yvonnemarie87,0
zepljaks_c8,0.0,0.0,0.0,0.0,0,0,0,0.0,0.0,0.0,0,2,2,1,1,0.0108,649,1993,0,0,0.0,0.0,2026-04-11,2026-10-09,2026-04-11 全周期,5.0,zepljaks_c8,2
zigs_page,0.0,0.0,0.0,0.0,0,0,0,0.0,0.0,0.0,0,0,0,0,0,0.0,5,283915,0,0,0.0,0.0,2026-04-11,2026-10-09,2026-04-11 全周期,0.0,zigs_page,0
zoebarbiedoll,63.49,0.0,63.49,0.0,4,4,0,15.8725,0.0,0.027000000000000003,0,7,2,3,1,0.0149,9957,414138,4,0,9.6,0.0,2026-04-11,2026-10-09,2026-04-11 全周期,15.0,zoebarbiedoll,7
zoet.martinez,0.0,0.0,0.0,0.0,0,0,0,0.0,0.0,0.0,0,1,1,1,1,0.015700000000000002,381,365,0,0,0.0,0.0,2026-04-11,2026-10-09,2026-04-11 全周期,5.0,zoet.martinez,1
zueemoraa,0.0,0.0,0.0,0.0,0,0,0,0.0,0.0,0.0,0,1,1,1,1,0.0,11,325,0,0,0.0,0.0,2026-04-11,2026-10-09,2026-04-11 全周期,5.0,zueemoraa,1
